{
  "fio version" : "fio-3.17",
  "timestamp" : 1581534346,
  "timestamp_ms" : 1581534346712,
  "time" : "Wed Feb 12 11:05:46 2020",
  "jobs" : [
    {
      "jobname" : "wipc",
      "groupid" : 0,
      "error" : 0,
      "eta" : 0,
      "elapsed" : 885,
      "job options" : {
        "ioengine" : "libaio",
        "group_reporting" : "1",
        "direct" : "1",
        "rw" : "write",
        "bssplit" : "128KB",
        "numjobs" : "1",
        "iodepth" : "32",
        "size" : "75%",
        "io_size" : "256071352320B",
        "filename" : "/dev/sda"
      },
      "read" : {
        "io_bytes" : 0,
        "io_kbytes" : 0,
        "bw_bytes" : 0,
        "bw" : 0,
        "iops" : 0.000000,
        "runtime" : 0,
        "total_ios" : 0,
        "short_ios" : 0,
        "drop_ios" : 0,
        "slat_ns" : {
          "min" : 0,
          "max" : 0,
          "mean" : 0.000000,
          "stddev" : 0.000000
        },
        "clat_ns" : {
          "min" : 0,
          "max" : 0,
          "mean" : 0.000000,
          "stddev" : 0.000000,
          "percentile" : {
            "1.000000" : 0,
            "5.000000" : 0,
            "10.000000" : 0,
            "20.000000" : 0,
            "30.000000" : 0,
            "40.000000" : 0,
            "50.000000" : 0,
            "60.000000" : 0,
            "70.000000" : 0,
            "80.000000" : 0,
            "90.000000" : 0,
            "95.000000" : 0,
            "99.000000" : 0,
            "99.500000" : 0,
            "99.900000" : 0,
            "99.950000" : 0,
            "99.990000" : 0
          },
          "bins" : {

          }
        },
        "lat_ns" : {
          "min" : 0,
          "max" : 0,
          "mean" : 0.000000,
          "stddev" : 0.000000
        },
        "bw_min" : 0,
        "bw_max" : 0,
        "bw_agg" : 0.000000,
        "bw_mean" : 0.000000,
        "bw_dev" : 0.000000,
        "bw_samples" : 0,
        "iops_min" : 0,
        "iops_max" : 0,
        "iops_mean" : 0.000000,
        "iops_stddev" : 0.000000,
        "iops_samples" : 0
      },
      "write" : {
        "io_bytes" : 256071434240,
        "io_kbytes" : 250069760,
        "bw_bytes" : 289518328,
        "bw" : 282732,
        "iops" : 2208.849554,
        "runtime" : 884474,
        "total_ios" : 1953670,
        "short_ios" : 0,
        "drop_ios" : 0,
        "slat_ns" : {
          "min" : 7126,
          "max" : 506348,
          "mean" : 34004.736316,
          "stddev" : 10680.433883
        },
        "clat_ns" : {
          "min" : 558042,
          "max" : 45414459,
          "mean" : 14446591.496233,
          "stddev" : 2014468.943584,
          "percentile" : {
            "1.000000" : 12648448,
            "5.000000" : 12910592,
            "10.000000" : 13041664,
            "20.000000" : 13303808,
            "30.000000" : 13565952,
            "40.000000" : 13828096,
            "50.000000" : 13959168,
            "60.000000" : 14352384,
            "70.000000" : 14745600,
            "80.000000" : 15269888,
            "90.000000" : 15794176,
            "95.000000" : 16580608,
            "99.000000" : 27394048,
            "99.500000" : 28180480,
            "99.900000" : 29229056,
            "99.950000" : 30015488,
            "99.990000" : 31850496
          },
          "bins" : {
            "561152" : 1,
            "1019904" : 1,
            "1089536" : 1,
            "1122304" : 1,
            "1318912" : 1,
            "1335296" : 1,
            "1351680" : 2,
            "1810432" : 1,
            "2072576" : 1,
            "2146304" : 2,
            "2375680" : 1,
            "2408448" : 1,
            "2473984" : 1,
            "2768896" : 1,
            "2834432" : 1,
            "2867200" : 1,
            "3227648" : 1,
            "3260416" : 2,
            "3522560" : 2,
            "3555328" : 1,
            "3915776" : 2,
            "3948544" : 1,
            "4177920" : 1,
            "4227072" : 1,
            "4292608" : 1,
            "4554752" : 1,
            "4620288" : 2,
            "4882432" : 1,
            "4947968" : 1,
            "5013504" : 1,
            "5210112" : 1,
            "5341184" : 1,
            "5472256" : 1,
            "5603328" : 2,
            "5668864" : 1,
            "5734400" : 1,
            "5799936" : 1,
            "5865472" : 3,
            "5996544" : 3,
            "6193152" : 1,
            "6258688" : 1,
            "6324224" : 2,
            "6389760" : 1,
            "6455296" : 1,
            "6586368" : 1,
            "6717440" : 2,
            "6848512" : 1,
            "7045120" : 2,
            "7110656" : 1,
            "7372800" : 2,
            "7503872" : 1,
            "7700480" : 1,
            "7766016" : 2,
            "8093696" : 1,
            "8159232" : 3,
            "8290304" : 1,
            "8454144" : 2,
            "8585216" : 1,
            "8716288" : 2,
            "8847360" : 2,
            "9109504" : 3,
            "9240576" : 1,
            "9371648" : 3,
            "9502720" : 1,
            "9633792" : 1,
            "9764864" : 3,
            "10027008" : 3,
            "10158080" : 2,
            "10420224" : 3,
            "10551296" : 3,
            "10682368" : 5,
            "10813440" : 3,
            "10944512" : 5,
            "11075584" : 8,
            "11206656" : 7,
            "11337728" : 9,
            "11468800" : 24,
            "11599872" : 53,
            "11730944" : 82,
            "11862016" : 121,
            "11993088" : 261,
            "12124160" : 376,
            "12255232" : 920,
            "12386304" : 3089,
            "12517376" : 9273,
            "12648448" : 21887,
            "12779520" : 43183,
            "12910592" : 68129,
            "13041664" : 87160,
            "13172736" : 98757,
            "13303808" : 104445,
            "13434880" : 108888,
            "13565952" : 114116,
            "13697024" : 114446,
            "13828096" : 106320,
            "13959168" : 95464,
            "14090240" : 86363,
            "14221312" : 78567,
            "14352384" : 73110,
            "14483456" : 68438,
            "14614528" : 64136,
            "14745600" : 59201,
            "14876672" : 52596,
            "15007744" : 50225,
            "15138816" : 50617,
            "15269888" : 52072,
            "15400960" : 51271,
            "15532032" : 45203,
            "15663104" : 36967,
            "15794176" : 28098,
            "15925248" : 22196,
            "16056320" : 18042,
            "16187392" : 14369,
            "16318464" : 12751,
            "16449536" : 13178,
            "16580608" : 13181,
            "16711680" : 11885,
            "16908288" : 17988,
            "17170432" : 9997,
            "17432576" : 5761,
            "17694720" : 3001,
            "17956864" : 1635,
            "18219008" : 1149,
            "18481152" : 738,
            "18743296" : 546,
            "19005440" : 418,
            "19267584" : 286,
            "19529728" : 145,
            "19791872" : 107,
            "20054016" : 82,
            "20316160" : 48,
            "20578304" : 51,
            "20840448" : 18,
            "21102592" : 10,
            "21364736" : 21,
            "21626880" : 5,
            "21889024" : 7,
            "22151168" : 12,
            "22413312" : 16,
            "22675456" : 7,
            "22937600" : 3,
            "23199744" : 3,
            "23461888" : 2,
            "23724032" : 20,
            "23986176" : 10,
            "24248320" : 18,
            "24510464" : 7,
            "24772608" : 27,
            "25034752" : 21,
            "25296896" : 28,
            "25559040" : 103,
            "25821184" : 214,
            "26083328" : 543,
            "26345472" : 1726,
            "26607616" : 3004,
            "26869760" : 3511,
            "27131904" : 3030,
            "27394048" : 3257,
            "27656192" : 3229,
            "27918336" : 3204,
            "28180480" : 2890,