{
  "fio version" : "fio-3.17",
  "timestamp" : 1582425314,
  "timestamp_ms" : 1582425314696,
  "time" : "Sat Feb 22 18:35:14 2020",
  "jobs" : [
    {
      "jobname" : "wipc",
      "groupid" : 0,
      "error" : 0,
      "eta" : 0,
      "elapsed" : 885,
      "job options" : {
        "ioengine" : "libaio",
        "group_reporting" : "1",
        "direct" : "1",
        "rw" : "write",
        "bssplit" : "128KB",
        "numjobs" : "1",
        "iodepth" : "32",
        "size" : "75%",
        "io_size" : "256071352320B",
        "filename" : "/dev/sdc"
      },
      "read" : {
        "io_bytes" : 0,
        "io_kbytes" : 0,
        "bw_bytes" : 0,
        "bw" : 0,
        "iops" : 0.000000,
        "runtime" : 0,
        "total_ios" : 0,
        "short_ios" : 0,
        "drop_ios" : 0,
        "slat_ns" : {
          "min" : 0,
          "max" : 0,
          "mean" : 0.000000,
          "stddev" : 0.000000
        },
        "clat_ns" : {
          "min" : 0,
          "max" : 0,
          "mean" : 0.000000,
          "stddev" : 0.000000,
          "percentile" : {
            "1.000000" : 0,
            "5.000000" : 0,
            "10.000000" : 0,
            "20.000000" : 0,
            "30.000000" : 0,
            "40.000000" : 0,
            "50.000000" : 0,
            "60.000000" : 0,
            "70.000000" : 0,
            "80.000000" : 0,
            "90.000000" : 0,
            "95.000000" : 0,
            "99.000000" : 0,
            "99.500000" : 0,
            "99.900000" : 0,
            "99.950000" : 0,
            "99.990000" : 0
          },
          "bins" : {

          }
        },
        "lat_ns" : {
          "min" : 0,
          "max" : 0,
          "mean" : 0.000000,
          "stddev" : 0.000000
        },
        "bw_min" : 0,
        "bw_max" : 0,
        "bw_agg" : 0.000000,
        "bw_mean" : 0.000000,
        "bw_dev" : 0.000000,
        "bw_samples" : 0,
        "iops_min" : 0,
        "iops_max" : 0,
        "iops_mean" : 0.000000,
        "iops_stddev" : 0.000000,
        "iops_samples" : 0
      },
      "write" : {
        "io_bytes" : 256071434240,
        "io_kbytes" : 250069760,
        "bw_bytes" : 289703062,
        "bw" : 282913,
        "iops" : 2210.258963,
        "runtime" : 883910,
        "total_ios" : 1953670,
        "short_ios" : 0,
        "drop_ios" : 0,
        "slat_ns" : {
          "min" : 6332,
          "max" : 523593,
          "mean" : 32755.150255,
          "stddev" : 10920.816232
        },
        "clat_ns" : {
          "min" : 559628,
          "max" : 44625293,
          "mean" : 14438859.460973,
          "stddev" : 1995048.959286,
          "percentile" : {
            "1.000000" : 12648448,
            "5.000000" : 12910592,
            "10.000000" : 13041664,
            "20.000000" : 13303808,
            "30.000000" : 13565952,
            "40.000000" : 13828096,
            "50.000000" : 14090240,
            "60.000000" : 14352384,
            "70.000000" : 14745600,
            "80.000000" : 15269888,
            "90.000000" : 15794176,
            "95.000000" : 16449536,
            "99.000000" : 27131904,
            "99.500000" : 27918336,
            "99.900000" : 28704768,
            "99.950000" : 28966912,
            "99.990000" : 31588352
          },
          "bins" : {
            "561152" : 1,
            "1089536" : 2,
            "1236992" : 1,
            "1318912" : 1,
            "1368064" : 1,
            "1581056" : 1,
            "1925120" : 1,
            "2088960" : 1,
            "2310144" : 2,
            "2342912" : 1,
            "2605056" : 1,
            "2703360" : 1,
            "2768896" : 1,
            "2932736" : 1,
            "3063808" : 1,
            "3096576" : 1,
            "3325952" : 1,
            "3457024" : 1,
            "3489792" : 1,
            "3620864" : 1,
            "3751936" : 1,
            "3784704" : 1,
            "4014080" : 1,
            "4145152" : 2,
            "4292608" : 1,
            "4423680" : 1,
            "4489216" : 1,
            "4685824" : 1,
            "4816896" : 2,
            "5013504" : 1,
            "5144576" : 1,
            "5210112" : 1,
            "5537792" : 2,
            "5603328" : 1,
            "5865472" : 1,
            "5931008" : 3,
            "6193152" : 1,
            "6258688" : 1,
            "6324224" : 1,
            "6455296" : 1,
            "6651904" : 1,
            "7110656" : 2,
            "7372800" : 1,
            "7503872" : 2,
            "7766016" : 1,
            "7831552" : 1,
            "8028160" : 1,
            "8224768" : 1,
            "8454144" : 1,
            "8585216" : 4,
            "8847360" : 1,
            "9109504" : 1,
            "9240576" : 2,
            "9371648" : 1,
            "9502720" : 2,
            "9895936" : 1,
            "10027008" : 2,
            "10158080" : 2,
            "10289152" : 1,
            "10420224" : 1,
            "10551296" : 2,
            "10813440" : 2,
            "10944512" : 3,
            "11075584" : 6,
            "11206656" : 2,
            "11337728" : 3,
            "11468800" : 9,
            "11599872" : 57,
            "11730944" : 96,
            "11862016" : 147,
            "11993088" : 227,
            "12124160" : 426,
            "12255232" : 951,
            "12386304" : 2265,
            "12517376" : 7150,
            "12648448" : 21458,
            "12779520" : 49495,
            "12910592" : 83674,
            "13041664" : 104663,
            "13172736" : 107586,
            "13303808" : 105302,
            "13434880" : 101383,
            "13565952" : 96410,
            "13697024" : 97289,
            "13828096" : 94421,
            "13959168" : 90978,
            "14090240" : 89844,
            "14221312" : 85731,
            "14352384" : 75956,
            "14483456" : 67343,
            "14614528" : 61930,
            "14745600" : 57836,
            "14876672" : 50287,
            "15007744" : 41092,
            "15138816" : 38293,
            "15269888" : 42101,
            "15400960" : 51144,
            "15532032" : 53979,
            "15663104" : 50278,
            "15794176" : 38950,
            "15925248" : 28658,
            "16056320" : 21798,
            "16187392" : 17150,
            "16318464" : 12767,
            "16449536" : 10136,
            "16580608" : 9650,
            "16711680" : 10697,
            "16908288" : 21712,
            "17170432" : 12651,
            "17432576" : 4188,
            "17694720" : 1351,
            "17956864" : 479,
            "18219008" : 120,
            "18481152" : 102,
            "18743296" : 268,
            "19005440" : 349,
            "19267584" : 367,
            "19529728" : 165,
            "19791872" : 50,
            "20054016" : 17,
            "20316160" : 19,
            "20578304" : 9,
            "20840448" : 27,
            "21102592" : 30,
            "21364736" : 36,
            "21626880" : 18,
            "21889024" : 16,
            "22151168" : 22,
            "22413312" : 13,
            "22675456" : 13,
            "22937600" : 2,
            "23199744" : 2,
            "23461888" : 3,
            "23724032" : 2,
            "23986176" : 6,
            "24248320" : 14,
            "24510464" : 23,
            "24772608" : 21,
            "25034752" : 25,
            "25296896" : 56,
            "25559040" : 90,
            "25821184" : 162,
            "26083328" : 302,
            "26345472" : 1252,
            "26607616" : 4870,
            "26869760" : 5490,
            "27131904" : 4022,
            "27394048" : 2913,
            "27656192" : 1894,
            "27918336" : 2208,
            "28180480" : 3095,
            "28442624" : 2161,
            "28704768" : 1547,
            "28966912" : 944,
            "29229056" : 316,
            "29491200" : 121,
            "29753344" : 31,
            "30015488" : 29,
            "30277632" : 29,
            "30539776" : 37,