{
  "fio version" : "fio-3.17",
  "timestamp" : 1579363850,
  "timestamp_ms" : 1579363850537,
  "time" : "Sat Jan 18 08:10:50 2020",
  "jobs" : [
    {
      "jobname" : "wipc",
      "groupid" : 0,
      "error" : 0,
      "eta" : 0,
      "elapsed" : 891,
      "job options" : {
        "ioengine" : "libaio",
        "group_reporting" : "1",
        "direct" : "1",
        "rw" : "write",
        "bssplit" : "128KB",
        "numjobs" : "1",
        "iodepth" : "32",
        "size" : "75%",
        "io_size" : "256071352320B",
        "filename" : "/dev/sdc"
      },
      "read" : {
        "io_bytes" : 0,
        "io_kbytes" : 0,
        "bw_bytes" : 0,
        "bw" : 0,
        "iops" : 0.000000,
        "runtime" : 0,
        "total_ios" : 0,
        "short_ios" : 0,
        "drop_ios" : 0,
        "slat_ns" : {
          "min" : 0,
          "max" : 0,
          "mean" : 0.000000,
          "stddev" : 0.000000
        },
        "clat_ns" : {
          "min" : 0,
          "max" : 0,
          "mean" : 0.000000,
          "stddev" : 0.000000,
          "percentile" : {
            "1.000000" : 0,
            "5.000000" : 0,
            "10.000000" : 0,
            "20.000000" : 0,
            "30.000000" : 0,
            "40.000000" : 0,
            "50.000000" : 0,
            "60.000000" : 0,
            "70.000000" : 0,
            "80.000000" : 0,
            "90.000000" : 0,
            "95.000000" : 0,
            "99.000000" : 0,
            "99.500000" : 0,
            "99.900000" : 0,
            "99.950000" : 0,
            "99.990000" : 0
          },
          "bins" : {

          }
        },
        "lat_ns" : {
          "min" : 0,
          "max" : 0,
          "mean" : 0.000000,
          "stddev" : 0.000000
        },
        "bw_min" : 0,
        "bw_max" : 0,
        "bw_agg" : 0.000000,
        "bw_mean" : 0.000000,
        "bw_dev" : 0.000000,
        "bw_samples" : 0,
        "iops_min" : 0,
        "iops_max" : 0,
        "iops_mean" : 0.000000,
        "iops_stddev" : 0.000000,
        "iops_samples" : 0
      },
      "write" : {
        "io_bytes" : 256071434240,
        "io_kbytes" : 250069760,
        "bw_bytes" : 287631191,
        "bw" : 280889,
        "iops" : 2194.451839,
        "runtime" : 890277,
        "total_ios" : 1953670,
        "short_ios" : 0,
        "drop_ios" : 0,
        "slat_ns" : {
          "min" : 7031,
          "max" : 718020,
          "mean" : 33779.361908,
          "stddev" : 10687.230031
        },
        "clat_ns" : {
          "min" : 996961,
          "max" : 44419701,
          "mean" : 14541903.841222,
          "stddev" : 2005633.059319,
          "percentile" : {
            "1.000000" : 12779520,
            "5.000000" : 12910592,
            "10.000000" : 13172736,
            "20.000000" : 13303808,
            "30.000000" : 13565952,
            "40.000000" : 13828096,
            "50.000000" : 14090240,
            "60.000000" : 14483456,
            "70.000000" : 14876672,
            "80.000000" : 15400960,
            "90.000000" : 15925248,
            "95.000000" : 16580608,
            "99.000000" : 27131904,
            "99.500000" : 27918336,
            "99.900000" : 29229056,
            "99.950000" : 30277632,
            "99.990000" : 31588352
          },
          "bins" : {
            "995328" : 1,
            "1089536" : 2,
            "1122304" : 1,
            "1335296" : 1,
            "1417216" : 1,
            "1433600" : 1,
            "1531904" : 1,
            "1810432" : 1,
            "1875968" : 1,
            "2146304" : 1,
            "2211840" : 1,
            "2408448" : 1,
            "2539520" : 2,
            "2768896" : 1,
            "2834432" : 1,
            "2899968" : 1,
            "3162112" : 1,
            "3227648" : 1,
            "3260416" : 1,
            "3489792" : 1,
            "3588096" : 2,
            "3784704" : 1,
            "3915776" : 1,
            "3981312" : 1,
            "4177920" : 1,
            "4358144" : 1,
            "4489216" : 2,
            "4685824" : 1,
            "4816896" : 1,
            "4882432" : 1,
            "5144576" : 1,
            "5210112" : 1,
            "5275648" : 1,
            "5472256" : 1,
            "5537792" : 1,
            "5865472" : 2,
            "5996544" : 1,
            "6127616" : 1,
            "6193152" : 1,
            "6586368" : 1,
            "6651904" : 1,
            "6848512" : 1,
            "7045120" : 2,
            "7110656" : 1,
            "7241728" : 1,
            "7307264" : 1,
            "7569408" : 1,
            "7831552" : 2,
            "7962624" : 1,
            "8093696" : 1,
            "8159232" : 1,
            "8224768" : 1,
            "8454144" : 2,
            "8716288" : 1,
            "8847360" : 2,
            "9109504" : 2,
            "9502720" : 2,
            "9633792" : 1,
            "9764864" : 2,
            "9895936" : 2,
            "10158080" : 3,
            "10289152" : 1,
            "10420224" : 1,
            "10551296" : 2,
            "10813440" : 4,
            "11075584" : 7,
            "11206656" : 21,
            "11337728" : 58,
            "11468800" : 135,
            "11599872" : 149,
            "11730944" : 190,
            "11862016" : 227,
            "11993088" : 350,
            "12124160" : 450,
            "12255232" : 620,
            "12386304" : 1307,
            "12517376" : 3916,
            "12648448" : 11549,
            "12779520" : 28959,
            "12910592" : 55871,
            "13041664" : 83917,
            "13172736" : 99717,
            "13303808" : 104870,
            "13434880" : 104998,
            "13565952" : 101657,
            "13697024" : 100521,
            "13828096" : 101465,
            "13959168" : 100218,
            "14090240" : 94583,
            "14221312" : 88117,
            "14352384" : 78286,
            "14483456" : 71544,
            "14614528" : 67084,
            "14745600" : 61834,
            "14876672" : 54715,
            "15007744" : 45864,
            "15138816" : 41004,
            "15269888" : 42273,
            "15400960" : 47045,
            "15532032" : 49299,
            "15663104" : 47956,
            "15794176" : 42744,
            "15925248" : 34463,
            "16056320" : 26490,
            "16187392" : 20500,
            "16318464" : 16440,
            "16449536" : 13426,
            "16580608" : 12017,
            "16711680" : 11696,
            "16908288" : 23221,
            "17170432" : 16828,
            "17432576" : 7617,
            "17694720" : 2745,
            "17956864" : 947,
            "18219008" : 314,
            "18481152" : 121,
            "18743296" : 153,
            "19005440" : 324,
            "19267584" : 329,
            "19529728" : 270,
            "19791872" : 95,
            "20054016" : 42,
            "20316160" : 10,
            "20578304" : 39,
            "20840448" : 23,
            "21102592" : 14,
            "21364736" : 6,
            "21626880" : 36,
            "21889024" : 21,
            "22151168" : 13,
            "22675456" : 2,
            "22937600" : 6,
            "23199744" : 7,
            "23461888" : 9,
            "23724032" : 3,
            "23986176" : 1,
            "24248320" : 9,
            "24510464" : 7,
            "24772608" : 9,
            "25034752" : 10,
            "25296896" : 18,
            "25559040" : 32,
            "25821184" : 126,
            "26083328" : 272,
            "26345472" : 764,
            "26607616" : 3380,
            "26869760" : 5176,
            "27131904" : 4424,
            "27394048" : 3365,
            "27656192" : 2623,
            "27918336" : 2550,
            "28180480" : 2352,
            "28442624" : 1720,
            "28704768" : 1382,
            "28966912" : 1030,
            "29229056" : 642,
            "29491200" : 337,
            "29753344" : 237,
            "30015488" : 287,
            "30277632" : 320,