{
  "fio version" : "fio-3.17",
  "timestamp" : 1582050813,
  "timestamp_ms" : 1582050813054,
  "time" : "Tue Feb 18 10:33:33 2020",
  "jobs" : [
    {
      "jobname" : "wipc",
      "groupid" : 0,
      "error" : 0,
      "eta" : 0,
      "elapsed" : 891,
      "job options" : {
        "ioengine" : "libaio",
        "group_reporting" : "1",
        "direct" : "1",
        "rw" : "write",
        "bssplit" : "128KB",
        "numjobs" : "1",
        "iodepth" : "32",
        "size" : "75%",
        "io_size" : "256071352320B",
        "filename" : "/dev/sdc"
      },
      "read" : {
        "io_bytes" : 0,
        "io_kbytes" : 0,
        "bw_bytes" : 0,
        "bw" : 0,
        "iops" : 0.000000,
        "runtime" : 0,
        "total_ios" : 0,
        "short_ios" : 0,
        "drop_ios" : 0,
        "slat_ns" : {
          "min" : 0,
          "max" : 0,
          "mean" : 0.000000,
          "stddev" : 0.000000
        },
        "clat_ns" : {
          "min" : 0,
          "max" : 0,
          "mean" : 0.000000,
          "stddev" : 0.000000,
          "percentile" : {
            "1.000000" : 0,
            "5.000000" : 0,
            "10.000000" : 0,
            "20.000000" : 0,
            "30.000000" : 0,
            "40.000000" : 0,
            "50.000000" : 0,
            "60.000000" : 0,
            "70.000000" : 0,
            "80.000000" : 0,
            "90.000000" : 0,
            "95.000000" : 0,
            "99.000000" : 0,
            "99.500000" : 0,
            "99.900000" : 0,
            "99.950000" : 0,
            "99.990000" : 0
          },
          "bins" : {

          }
        },
        "lat_ns" : {
          "min" : 0,
          "max" : 0,
          "mean" : 0.000000,
          "stddev" : 0.000000
        },
        "bw_min" : 0,
        "bw_max" : 0,
        "bw_agg" : 0.000000,
        "bw_mean" : 0.000000,
        "bw_dev" : 0.000000,
        "bw_samples" : 0,
        "iops_min" : 0,
        "iops_max" : 0,
        "iops_mean" : 0.000000,
        "iops_stddev" : 0.000000,
        "iops_samples" : 0
      },
      "write" : {
        "io_bytes" : 256071434240,
        "io_kbytes" : 250069760,
        "bw_bytes" : 287494593,
        "bw" : 280756,
        "iops" : 2193.409678,
        "runtime" : 890700,
        "total_ios" : 1953670,
        "short_ios" : 0,
        "drop_ios" : 0,
        "slat_ns" : {
          "min" : 7044,
          "max" : 593591,
          "mean" : 32181.167271,
          "stddev" : 10857.704891
        },
        "clat_ns" : {
          "min" : 1086019,
          "max" : 45788971,
          "mean" : 14550726.705192,
          "stddev" : 2011653.525459,
          "percentile" : {
            "1.000000" : 12779520,
            "5.000000" : 12910592,
            "10.000000" : 13041664,
            "20.000000" : 13303808,
            "30.000000" : 13565952,
            "40.000000" : 13828096,
            "50.000000" : 14221312,
            "60.000000" : 14483456,
            "70.000000" : 14876672,
            "80.000000" : 15400960,
            "90.000000" : 15925248,
            "95.000000" : 16580608,
            "99.000000" : 27131904,
            "99.500000" : 27918336,
            "99.900000" : 28966912,
            "99.950000" : 29753344,
            "99.990000" : 32374784
          },
          "bins" : {
            "1089536" : 1,
            "1105920" : 1,
            "1171456" : 1,
            "1220608" : 1,
            "1351680" : 1,
            "1384448" : 1,
            "1400832" : 1,
            "1564672" : 1,
            "1892352" : 1,
            "2056192" : 1,
            "2277376" : 1,
            "2375680" : 1,
            "2441216" : 1,
            "2768896" : 2,
            "3096576" : 1,
            "3227648" : 1,
            "3325952" : 1,
            "3457024" : 1,
            "3522560" : 1,
            "3653632" : 1,
            "3915776" : 1,
            "4014080" : 1,
            "4145152" : 1,
            "4227072" : 1,
            "4358144" : 1,
            "4489216" : 1,
            "4620288" : 1,
            "4816896" : 1,
            "4947968" : 1,
            "5079040" : 1,
            "5144576" : 1,
            "5341184" : 1,
            "5406720" : 1,
            "5472256" : 1,
            "5603328" : 1,
            "5734400" : 1,
            "5799936" : 1,
            "5996544" : 1,
            "6127616" : 2,
            "6193152" : 1,
            "6324224" : 1,
            "6520832" : 2,
            "6717440" : 1,
            "6979584" : 1,
            "7241728" : 1,
            "7307264" : 1,
            "7569408" : 1,
            "7700480" : 1,
            "8028160" : 1,
            "8159232" : 1,
            "8454144" : 3,
            "8847360" : 2,
            "9109504" : 1,
            "9240576" : 1,
            "9371648" : 1,
            "9502720" : 2,
            "9633792" : 1,
            "9764864" : 1,
            "9895936" : 1,
            "10027008" : 1,
            "10158080" : 2,
            "10289152" : 5,
            "10420224" : 1,
            "10551296" : 3,
            "10682368" : 3,
            "10813440" : 6,
            "10944512" : 3,
            "11075584" : 3,
            "11206656" : 10,
            "11337728" : 17,
            "11468800" : 79,
            "11599872" : 129,
            "11730944" : 162,
            "11862016" : 208,
            "11993088" : 210,
            "12124160" : 283,
            "12255232" : 453,
            "12386304" : 916,
            "12517376" : 2959,
            "12648448" : 10529,
            "12779520" : 29217,
            "12910592" : 60109,
            "13041664" : 92030,
            "13172736" : 108880,
            "13303808" : 109684,
            "13434880" : 103606,
            "13565952" : 97107,
            "13697024" : 91441,
            "13828096" : 89183,
            "13959168" : 89339,
            "14090240" : 87234,
            "14221312" : 87416,
            "14352384" : 84430,
            "14483456" : 77266,
            "14614528" : 66601,
            "14745600" : 60616,
            "14876672" : 55380,
            "15007744" : 49136,
            "15138816" : 40112,
            "15269888" : 36584,
            "15400960" : 40302,
            "15532032" : 45618,
            "15663104" : 51456,
            "15794176" : 51529,
            "15925248" : 44458,
            "16056320" : 32055,
            "16187392" : 22964,
            "16318464" : 16894,
            "16449536" : 13084,
            "16580608" : 10723,
            "16711680" : 9738,
            "16908288" : 21620,
            "17170432" : 18009,
            "17432576" : 7250,
            "17694720" : 2264,
            "17956864" : 693,
            "18219008" : 204,
            "18481152" : 99,
            "18743296" : 202,
            "19005440" : 289,
            "19267584" : 395,
            "19529728" : 203,
            "19791872" : 50,
            "20054016" : 13,
            "20316160" : 16,
            "20578304" : 19,
            "20840448" : 13,
            "21102592" : 39,
            "21364736" : 42,
            "21626880" : 16,
            "21889024" : 18,
            "22151168" : 17,
            "22413312" : 17,
            "22675456" : 23,
            "22937600" : 13,
            "23199744" : 3,
            "23461888" : 2,
            "23724032" : 15,
            "23986176" : 19,
            "24248320" : 5,
            "24510464" : 2,
            "24772608" : 15,
            "25034752" : 159,
            "25296896" : 357,
            "25559040" : 218,
            "25821184" : 69,
            "26083328" : 73,
            "26345472" : 343,
            "26607616" : 2530,
            "26869760" : 4681,
            "27131904" : 5013,
            "27394048" : 3574,
            "27656192" : 2558,
            "27918336" : 2812,
            "28180480" : 2447,
            "28442624" : 2059,
            "28704768" : 1755,
            "28966912" : 1279,
            "29229056" : 580,
            "29491200" : 286,