{
  "fio version" : "fio-3.17",
  "timestamp" : 1584112701,
  "timestamp_ms" : 1584112701903,
  "time" : "Fri Mar 13 15:18:21 2020",
  "jobs" : [
    {
      "jobname" : "wipc",
      "groupid" : 0,
      "error" : 0,
      "eta" : 0,
      "elapsed" : 826,
      "job options" : {
        "ioengine" : "libaio",
        "group_reporting" : "1",
        "direct" : "1",
        "rw" : "write",
        "bssplit" : "128KB",
        "numjobs" : "1",
        "iodepth" : "32",
        "size" : "75%",
        "io_size" : "256071352320B",
        "filename" : "/dev/sda"
      },
      "read" : {
        "io_bytes" : 0,
        "io_kbytes" : 0,
        "bw_bytes" : 0,
        "bw" : 0,
        "iops" : 0.000000,
        "runtime" : 0,
        "total_ios" : 0,
        "short_ios" : 0,
        "drop_ios" : 0,
        "slat_ns" : {
          "min" : 0,
          "max" : 0,
          "mean" : 0.000000,
          "stddev" : 0.000000
        },
        "clat_ns" : {
          "min" : 0,
          "max" : 0,
          "mean" : 0.000000,
          "stddev" : 0.000000,
          "percentile" : {
            "1.000000" : 0,
            "5.000000" : 0,
            "10.000000" : 0,
            "20.000000" : 0,
            "30.000000" : 0,
            "40.000000" : 0,
            "50.000000" : 0,
            "60.000000" : 0,
            "70.000000" : 0,
            "80.000000" : 0,
            "90.000000" : 0,
            "95.000000" : 0,
            "99.000000" : 0,
            "99.500000" : 0,
            "99.900000" : 0,
            "99.950000" : 0,
            "99.990000" : 0
          },
          "bins" : {

          }
        },
        "lat_ns" : {
          "min" : 0,
          "max" : 0,
          "mean" : 0.000000,
          "stddev" : 0.000000
        },
        "bw_min" : 0,
        "bw_max" : 0,
        "bw_agg" : 0.000000,
        "bw_mean" : 0.000000,
        "bw_dev" : 0.000000,
        "bw_samples" : 0,
        "iops_min" : 0,
        "iops_max" : 0,
        "iops_mean" : 0.000000,
        "iops_stddev" : 0.000000,
        "iops_samples" : 0
      },
      "write" : {
        "io_bytes" : 256071434240,
        "io_kbytes" : 250069760,
        "bw_bytes" : 310093055,
        "bw" : 302825,
        "iops" : 2365.822262,
        "runtime" : 825789,
        "total_ios" : 1953670,
        "short_ios" : 0,
        "drop_ios" : 0,
        "slat_ns" : {
          "min" : 21875,
          "max" : 7056000,
          "mean" : 50675.825879,
          "stddev" : 20869.709977
        },
        "clat_ns" : {
          "min" : 3166625,
          "max" : 45052000,
          "mean" : 13470028.474682,
          "stddev" : 2172454.522518,
          "percentile" : {
            "1.000000" : 11730944,
            "5.000000" : 12124160,
            "10.000000" : 12255232,
            "20.000000" : 12386304,
            "30.000000" : 12648448,
            "40.000000" : 12779520,
            "50.000000" : 13041664,
            "60.000000" : 13303808,
            "70.000000" : 13565952,
            "80.000000" : 13959168,
            "90.000000" : 14614528,
            "95.000000" : 15532032,
            "99.000000" : 27918336,
            "99.500000" : 28704768,
            "99.900000" : 30015488,
            "99.950000" : 30801920,
            "99.990000" : 32636928
          },
          "bins" : {
            "3162112" : 2,
            "3194880" : 6,
            "3227648" : 5,
            "3260416" : 1,
            "3293184" : 2,
            "3358720" : 1,
            "3391488" : 2,
            "3424256" : 5,
            "3457024" : 5,
            "3489792" : 1,
            "3522560" : 2,
            "3555328" : 1,
            "3588096" : 7,
            "3620864" : 8,
            "3653632" : 6,
            "3686400" : 12,
            "3719168" : 35,
            "3751936" : 24,
            "3784704" : 29,
            "3817472" : 30,
            "3850240" : 10,
            "3883008" : 11,
            "3915776" : 26,
            "3948544" : 29,
            "3981312" : 26,
            "4014080" : 19,
            "4046848" : 5,
            "4079616" : 2,
            "4112384" : 1,
            "4145152" : 3,
            "4177920" : 4,
            "4227072" : 3,
            "4292608" : 8,
            "4358144" : 4,
            "4423680" : 6,
            "4489216" : 8,
            "4554752" : 16,
            "4620288" : 21,
            "4685824" : 29,
            "4751360" : 31,
            "4816896" : 18,
            "4882432" : 11,
            "4947968" : 17,
            "5013504" : 14,
            "5079040" : 12,
            "5144576" : 8,
            "5210112" : 9,
            "5275648" : 9,
            "5341184" : 4,
            "5406720" : 6,
            "5472256" : 6,
            "5537792" : 8,
            "5603328" : 7,
            "5668864" : 7,
            "5734400" : 7,
            "5799936" : 7,
            "5865472" : 11,
            "5931008" : 6,
            "5996544" : 5,
            "6062080" : 8,
            "6127616" : 5,
            "6193152" : 7,
            "6258688" : 7,
            "6324224" : 4,
            "6389760" : 9,
            "6455296" : 9,
            "6520832" : 5,
            "6586368" : 12,
            "6651904" : 12,
            "6717440" : 15,
            "6782976" : 15,
            "6848512" : 7,
            "6914048" : 11,
            "6979584" : 8,
            "7045120" : 11,
            "7110656" : 21,
            "7176192" : 11,
            "7241728" : 14,
            "7307264" : 7,
            "7372800" : 15,
            "7438336" : 10,
            "7503872" : 10,
            "7569408" : 15,
            "7634944" : 12,
            "7700480" : 13,
            "7766016" : 16,
            "7831552" : 10,
            "7897088" : 17,
            "7962624" : 40,
            "8028160" : 36,
            "8093696" : 112,
            "8159232" : 138,
            "8224768" : 77,
            "8290304" : 21,
            "8355840" : 19,
            "8454144" : 36,
            "8585216" : 23,
            "8716288" : 35,
            "8847360" : 47,
            "8978432" : 68,
            "9109504" : 52,
            "9240576" : 62,
            "9371648" : 52,
            "9502720" : 65,
            "9633792" : 46,
            "9764864" : 72,
            "9895936" : 76,
            "10027008" : 81,
            "10158080" : 138,
            "10289152" : 223,
            "10420224" : 261,
            "10551296" : 331,
            "10682368" : 478,
            "10813440" : 635,
            "10944512" : 695,
            "11075584" : 854,
            "11206656" : 976,
            "11337728" : 1369,
            "11468800" : 2208,
            "11599872" : 4208,
            "11730944" : 9585,
            "11862016" : 25064,
            "11993088" : 48371,
            "12124160" : 82806,
            "12255232" : 107860,
            "12386304" : 119517,
            "12517376" : 125459,
            "12648448" : 135533,
            "12779520" : 141228,
            "12910592" : 129506,
            "13041664" : 108789,
            "13172736" : 94994,
            "13303808" : 85111,
            "13434880" : 78896,
            "13565952" : 69464,
            "13697024" : 65740,
            "13828096" : 66194,
            "13959168" : 66387,
            "14090240" : 60220,
            "14221312" : 47307,
            "14352384" : 33997,
            "14483456" : 26344,
            "14614528" : 20606,
            "14745600" : 17504,
            "14876672" : 14554,
            "15007744" : 12418,
            "15138816" : 11840,
            "15269888" : 10810,
            "15400960" : 11791,
            "15532032" : 13924,
            "15663104" : 15390,
            "15794176" : 14308,
            "15925248" : 11304,
            "16056320" : 7308,
            "16187392" : 5167,
            "16318464" : 2987,
            "16449536" : 1747,
            "16580608" : 1219,
            "16711680" : 778,
            "16908288" : 925,
            "17170432" : 426,