{
  "fio version" : "fio-3.17",
  "timestamp" : 1582580317,
  "timestamp_ms" : 1582580317341,
  "time" : "Mon Feb 24 21:38:37 2020",
  "jobs" : [
    {
      "jobname" : "wipc",
      "groupid" : 0,
      "error" : 0,
      "eta" : 0,
      "elapsed" : 825,
      "job options" : {
        "ioengine" : "libaio",
        "group_reporting" : "1",
        "direct" : "1",
        "rw" : "write",
        "bssplit" : "128KB",
        "numjobs" : "1",
        "iodepth" : "32",
        "size" : "75%",
        "io_size" : "256071352320B",
        "filename" : "/dev/sda"
      },
      "read" : {
        "io_bytes" : 0,
        "io_kbytes" : 0,
        "bw_bytes" : 0,
        "bw" : 0,
        "iops" : 0.000000,
        "runtime" : 0,
        "total_ios" : 0,
        "short_ios" : 0,
        "drop_ios" : 0,
        "slat_ns" : {
          "min" : 0,
          "max" : 0,
          "mean" : 0.000000,
          "stddev" : 0.000000
        },
        "clat_ns" : {
          "min" : 0,
          "max" : 0,
          "mean" : 0.000000,
          "stddev" : 0.000000,
          "percentile" : {
            "1.000000" : 0,
            "5.000000" : 0,
            "10.000000" : 0,
            "20.000000" : 0,
            "30.000000" : 0,
            "40.000000" : 0,
            "50.000000" : 0,
            "60.000000" : 0,
            "70.000000" : 0,
            "80.000000" : 0,
            "90.000000" : 0,
            "95.000000" : 0,
            "99.000000" : 0,
            "99.500000" : 0,
            "99.900000" : 0,
            "99.950000" : 0,
            "99.990000" : 0
          },
          "bins" : {

          }
        },
        "lat_ns" : {
          "min" : 0,
          "max" : 0,
          "mean" : 0.000000,
          "stddev" : 0.000000
        },
        "bw_min" : 0,
        "bw_max" : 0,
        "bw_agg" : 0.000000,
        "bw_mean" : 0.000000,
        "bw_dev" : 0.000000,
        "bw_samples" : 0,
        "iops_min" : 0,
        "iops_max" : 0,
        "iops_mean" : 0.000000,
        "iops_stddev" : 0.000000,
        "iops_samples" : 0
      },
      "write" : {
        "io_bytes" : 256071434240,
        "io_kbytes" : 250069760,
        "bw_bytes" : 310510810,
        "bw" : 303233,
        "iops" : 2369.009480,
        "runtime" : 824678,
        "total_ios" : 1953670,
        "short_ios" : 0,
        "drop_ios" : 0,
        "slat_ns" : {
          "min" : 21291,
          "max" : 19066542,
          "mean" : 51072.529876,
          "stddev" : 44289.990742
        },
        "clat_ns" : {
          "min" : 3307500,
          "max" : 46528708,
          "mean" : 13451412.483064,
          "stddev" : 2201201.530562,
          "percentile" : {
            "1.000000" : 11599872,
            "5.000000" : 11993088,
            "10.000000" : 12255232,
            "20.000000" : 12386304,
            "30.000000" : 12648448,
            "40.000000" : 12779520,
            "50.000000" : 13041664,
            "60.000000" : 13303808,
            "70.000000" : 13565952,
            "80.000000" : 13959168,
            "90.000000" : 14614528,
            "95.000000" : 15532032,
            "99.000000" : 27918336,
            "99.500000" : 28704768,
            "99.900000" : 30277632,
            "99.950000" : 30801920,
            "99.990000" : 35913728
          },
          "bins" : {
            "3293184" : 1,
            "3325952" : 5,
            "3391488" : 5,
            "3424256" : 2,
            "3457024" : 3,
            "3489792" : 2,
            "3555328" : 1,
            "3588096" : 3,
            "3653632" : 3,
            "3686400" : 6,
            "3719168" : 4,
            "3751936" : 4,
            "3784704" : 1,
            "3817472" : 1,
            "3850240" : 3,
            "3883008" : 2,
            "3915776" : 2,
            "3948544" : 1,
            "4014080" : 1,
            "4079616" : 1,
            "4177920" : 1,
            "4227072" : 1,
            "4292608" : 2,
            "4358144" : 6,
            "4423680" : 8,
            "4489216" : 12,
            "4554752" : 40,
            "4620288" : 74,
            "4685824" : 193,
            "4751360" : 266,
            "4816896" : 220,
            "4882432" : 138,
            "4947968" : 102,
            "5013504" : 74,
            "5079040" : 53,
            "5144576" : 38,
            "5210112" : 20,
            "5275648" : 14,
            "5341184" : 21,
            "5406720" : 8,
            "5472256" : 15,
            "5537792" : 12,
            "5603328" : 8,
            "5668864" : 17,
            "5734400" : 14,
            "5799936" : 19,
            "5865472" : 13,
            "5931008" : 14,
            "5996544" : 14,
            "6062080" : 19,
            "6127616" : 17,
            "6193152" : 12,
            "6258688" : 17,
            "6324224" : 13,
            "6389760" : 17,
            "6455296" : 14,
            "6520832" : 26,
            "6586368" : 22,
            "6651904" : 14,
            "6717440" : 13,
            "6782976" : 26,
            "6848512" : 33,
            "6914048" : 28,
            "6979584" : 34,
            "7045120" : 23,
            "7110656" : 24,
            "7176192" : 37,
            "7241728" : 20,
            "7307264" : 32,
            "7372800" : 41,
            "7438336" : 24,
            "7503872" : 33,
            "7569408" : 16,
            "7634944" : 18,
            "7700480" : 37,
            "7766016" : 21,
            "7831552" : 28,
            "7897088" : 24,
            "7962624" : 29,
            "8028160" : 36,
            "8093696" : 34,
            "8159232" : 34,
            "8224768" : 41,
            "8290304" : 36,
            "8355840" : 40,
            "8454144" : 101,
            "8585216" : 129,
            "8716288" : 231,
            "8847360" : 235,
            "8978432" : 239,
            "9109504" : 236,
            "9240576" : 186,
            "9371648" : 142,
            "9502720" : 123,
            "9633792" : 128,
            "9764864" : 148,
            "9895936" : 157,
            "10027008" : 197,
            "10158080" : 253,
            "10289152" : 344,
            "10420224" : 435,
            "10551296" : 604,
            "10682368" : 798,
            "10813440" : 947,
            "10944512" : 953,
            "11075584" : 1124,
            "11206656" : 1236,
            "11337728" : 1403,
            "11468800" : 2320,
            "11599872" : 4586,
            "11730944" : 10208,
            "11862016" : 24701,
            "11993088" : 51756,
            "12124160" : 83223,
            "12255232" : 106937,
            "12386304" : 117712,
            "12517376" : 128063,
            "12648448" : 138509,
            "12779520" : 141455,
            "12910592" : 128807,
            "13041664" : 108507,
            "13172736" : 95661,
            "13303808" : 86082,
            "13434880" : 78586,
            "13565952" : 69850,
            "13697024" : 65856,
            "13828096" : 67150,
            "13959168" : 66034,
            "14090240" : 58347,
            "14221312" : 45125,
            "14352384" : 32747,
            "14483456" : 24523,
            "14614528" : 19703,
            "14745600" : 16765,
            "14876672" : 13800,
            "15007744" : 11649,
            "15138816" : 10440,
            "15269888" : 10098,
            "15400960" : 11930,
            "15532032" : 14570,
            "15663104" : 15438,
            "15794176" : 13260,
            "15925248" : 9751,
            "16056320" : 7071,
            "16187392" : 4489,
            "16318464" : 2607,
            "16449536" : 1741,
            "16580608" : 1276,
            "16711680" : 849,
            "16908288" : 989,
            "17170432" : 503,
            "17432576" : 278,
            "17694720" : 444,
            "17956864" : 818,
            "18219008" : 812,
            "18481152" : 444,
            "18743296" : 208,
            "19005440" : 128,
            "19267584" : 90,