{
  "fio version" : "fio-3.17",
  "timestamp" : 1582437416,
  "timestamp_ms" : 1582437416185,
  "time" : "Sat Feb 22 21:56:56 2020",
  "jobs" : [
    {
      "jobname" : "wipc",
      "groupid" : 0,
      "error" : 0,
      "eta" : 0,
      "elapsed" : 885,
      "job options" : {
        "ioengine" : "libaio",
        "group_reporting" : "1",
        "direct" : "1",
        "rw" : "write",
        "bssplit" : "128KB",
        "numjobs" : "1",
        "iodepth" : "32",
        "size" : "75%",
        "io_size" : "256071352320B",
        "filename" : "/dev/sdc"
      },
      "read" : {
        "io_bytes" : 0,
        "io_kbytes" : 0,
        "bw_bytes" : 0,
        "bw" : 0,
        "iops" : 0.000000,
        "runtime" : 0,
        "total_ios" : 0,
        "short_ios" : 0,
        "drop_ios" : 0,
        "slat_ns" : {
          "min" : 0,
          "max" : 0,
          "mean" : 0.000000,
          "stddev" : 0.000000
        },
        "clat_ns" : {
          "min" : 0,
          "max" : 0,
          "mean" : 0.000000,
          "stddev" : 0.000000,
          "percentile" : {
            "1.000000" : 0,
            "5.000000" : 0,
            "10.000000" : 0,
            "20.000000" : 0,
            "30.000000" : 0,
            "40.000000" : 0,
            "50.000000" : 0,
            "60.000000" : 0,
            "70.000000" : 0,
            "80.000000" : 0,
            "90.000000" : 0,
            "95.000000" : 0,
            "99.000000" : 0,
            "99.500000" : 0,
            "99.900000" : 0,
            "99.950000" : 0,
            "99.990000" : 0
          },
          "bins" : {

          }
        },
        "lat_ns" : {
          "min" : 0,
          "max" : 0,
          "mean" : 0.000000,
          "stddev" : 0.000000
        },
        "bw_min" : 0,
        "bw_max" : 0,
        "bw_agg" : 0.000000,
        "bw_mean" : 0.000000,
        "bw_dev" : 0.000000,
        "bw_samples" : 0,
        "iops_min" : 0,
        "iops_max" : 0,
        "iops_mean" : 0.000000,
        "iops_stddev" : 0.000000,
        "iops_samples" : 0
      },
      "write" : {
        "io_bytes" : 256071434240,
        "io_kbytes" : 250069760,
        "bw_bytes" : 289529785,
        "bw" : 282743,
        "iops" : 2208.936965,
        "runtime" : 884439,
        "total_ios" : 1953670,
        "short_ios" : 0,
        "drop_ios" : 0,
        "slat_ns" : {
          "min" : 5312,
          "max" : 497019,
          "mean" : 32593.374329,
          "stddev" : 10854.186319
        },
        "clat_ns" : {
          "min" : 1070096,
          "max" : 43683991,
          "mean" : 14447717.086903,
          "stddev" : 2001600.749959,
          "percentile" : {
            "1.000000" : 12648448,
            "5.000000" : 12910592,
            "10.000000" : 13041664,
            "20.000000" : 13303808,
            "30.000000" : 13565952,
            "40.000000" : 13828096,
            "50.000000" : 14090240,
            "60.000000" : 14352384,
            "70.000000" : 14745600,
            "80.000000" : 15269888,
            "90.000000" : 15794176,
            "95.000000" : 16449536,
            "99.000000" : 27131904,
            "99.500000" : 27918336,
            "99.900000" : 28966912,
            "99.950000" : 29491200,
            "99.990000" : 31850496
          },
          "bins" : {
            "1073152" : 1,
            "1122304" : 1,
            "1187840" : 1,
            "1220608" : 1,
            "1318912" : 1,
            "1368064" : 1,
            "1630208" : 1,
            "1925120" : 1,
            "2056192" : 1,
            "2310144" : 2,
            "2408448" : 1,
            "2572288" : 1,
            "2670592" : 1,
            "2703360" : 1,
            "3031040" : 1,
            "3162112" : 1,
            "3194880" : 1,
            "3325952" : 1,
            "3391488" : 1,
            "3489792" : 1,
            "3719168" : 1,
            "3817472" : 2,
            "4079616" : 1,
            "4227072" : 1,
            "4489216" : 1,
            "4554752" : 1,
            "4685824" : 1,
            "4751360" : 1,
            "4947968" : 1,
            "5079040" : 1,
            "5144576" : 2,
            "5341184" : 1,
            "5406720" : 1,
            "5472256" : 1,
            "5668864" : 1,
            "5799936" : 1,
            "6062080" : 2,
            "6389760" : 1,
            "6717440" : 1,
            "6782976" : 1,
            "7045120" : 1,
            "7110656" : 1,
            "7372800" : 1,
            "7438336" : 1,
            "7634944" : 1,
            "7831552" : 1,
            "8028160" : 1,
            "8159232" : 1,
            "8355840" : 1,
            "8454144" : 1,
            "8585216" : 1,
            "8847360" : 1,
            "9109504" : 1,
            "9240576" : 1,
            "9502720" : 2,
            "9633792" : 1,
            "9764864" : 1,
            "9895936" : 1,
            "10027008" : 1,
            "10158080" : 4,
            "10289152" : 1,
            "10420224" : 3,
            "10551296" : 2,
            "10682368" : 11,
            "10813440" : 5,
            "10944512" : 8,
            "11075584" : 8,
            "11206656" : 4,
            "11337728" : 7,
            "11468800" : 9,
            "11599872" : 34,
            "11730944" : 61,
            "11862016" : 108,
            "11993088" : 142,
            "12124160" : 266,
            "12255232" : 606,
            "12386304" : 1826,
            "12517376" : 6440,
            "12648448" : 20461,
            "12779520" : 49317,
            "12910592" : 82955,
            "13041664" : 103723,
            "13172736" : 107440,
            "13303808" : 105853,
            "13434880" : 100909,
            "13565952" : 97344,
            "13697024" : 95958,
            "13828096" : 94487,
            "13959168" : 90229,
            "14090240" : 90798,
            "14221312" : 86162,
            "14352384" : 76529,
            "14483456" : 67379,
            "14614528" : 62533,
            "14745600" : 58252,
            "14876672" : 49799,
            "15007744" : 41037,
            "15138816" : 38090,
            "15269888" : 42115,
            "15400960" : 50502,
            "15532032" : 54573,
            "15663104" : 50481,
            "15794176" : 40265,
            "15925248" : 29848,
            "16056320" : 21959,
            "16187392" : 16886,
            "16318464" : 12517,
            "16449536" : 9717,
            "16580608" : 9328,
            "16711680" : 10078,
            "16908288" : 22019,
            "17170432" : 14198,
            "17432576" : 4803,
            "17694720" : 1516,
            "17956864" : 458,
            "18219008" : 139,
            "18481152" : 72,
            "18743296" : 212,
            "19005440" : 348,
            "19267584" : 394,
            "19529728" : 220,
            "19791872" : 72,
            "20054016" : 23,
            "20316160" : 10,
            "20578304" : 2,
            "20840448" : 7,
            "21102592" : 3,
            "21364736" : 8,
            "21626880" : 8,
            "21889024" : 23,
            "22151168" : 3,
            "22413312" : 36,
            "22675456" : 22,
            "22937600" : 4,
            "23199744" : 16,
            "23461888" : 9,
            "23724032" : 9,
            "23986176" : 4,
            "24248320" : 6,
            "24510464" : 4,
            "24772608" : 2,
            "25034752" : 6,
            "25296896" : 25,
            "25559040" : 114,
            "25821184" : 237,
            "26083328" : 501,
            "26345472" : 1513,
            "26607616" : 4667,
            "26869760" : 4649,
            "27131904" : 4141,
            "27394048" : 2912,
            "27656192" : 2546,
            "27918336" : 2264,
            "28180480" : 2329,
            "28442624" : 1737,
            "28704768" : 1337,
            "28966912" : 1122,
            "29229056" : 646,
            "29491200" : 213,
            "29753344" : 174,