{
  "fio version" : "fio-3.17",
  "timestamp" : 1582431774,
  "timestamp_ms" : 1582431774722,
  "time" : "Sat Feb 22 20:22:54 2020",
  "jobs" : [
    {
      "jobname" : "wipc",
      "groupid" : 0,
      "error" : 0,
      "eta" : 0,
      "elapsed" : 888,
      "job options" : {
        "ioengine" : "libaio",
        "group_reporting" : "1",
        "direct" : "1",
        "rw" : "write",
        "bssplit" : "128KB",
        "numjobs" : "1",
        "iodepth" : "32",
        "size" : "75%",
        "io_size" : "256071352320B",
        "filename" : "/dev/sdc"
      },
      "read" : {
        "io_bytes" : 0,
        "io_kbytes" : 0,
        "bw_bytes" : 0,
        "bw" : 0,
        "iops" : 0.000000,
        "runtime" : 0,
        "total_ios" : 0,
        "short_ios" : 0,
        "drop_ios" : 0,
        "slat_ns" : {
          "min" : 0,
          "max" : 0,
          "mean" : 0.000000,
          "stddev" : 0.000000
        },
        "clat_ns" : {
          "min" : 0,
          "max" : 0,
          "mean" : 0.000000,
          "stddev" : 0.000000,
          "percentile" : {
            "1.000000" : 0,
            "5.000000" : 0,
            "10.000000" : 0,
            "20.000000" : 0,
            "30.000000" : 0,
            "40.000000" : 0,
            "50.000000" : 0,
            "60.000000" : 0,
            "70.000000" : 0,
            "80.000000" : 0,
            "90.000000" : 0,
            "95.000000" : 0,
            "99.000000" : 0,
            "99.500000" : 0,
            "99.900000" : 0,
            "99.950000" : 0,
            "99.990000" : 0
          },
          "bins" : {

          }
        },
        "lat_ns" : {
          "min" : 0,
          "max" : 0,
          "mean" : 0.000000,
          "stddev" : 0.000000
        },
        "bw_min" : 0,
        "bw_max" : 0,
        "bw_agg" : 0.000000,
        "bw_mean" : 0.000000,
        "bw_dev" : 0.000000,
        "bw_samples" : 0,
        "iops_min" : 0,
        "iops_max" : 0,
        "iops_mean" : 0.000000,
        "iops_stddev" : 0.000000,
        "iops_samples" : 0
      },
      "write" : {
        "io_bytes" : 256071434240,
        "io_kbytes" : 250069760,
        "bw_bytes" : 288575089,
        "bw" : 281811,
        "iops" : 2201.653209,
        "runtime" : 887365,
        "total_ios" : 1953670,
        "short_ios" : 0,
        "drop_ios" : 0,
        "slat_ns" : {
          "min" : 7353,
          "max" : 703305,
          "mean" : 32633.979627,
          "stddev" : 11292.541044
        },
        "clat_ns" : {
          "min" : 819912,
          "max" : 43458831,
          "mean" : 14495590.404455,
          "stddev" : 1985152.765796,
          "percentile" : {
            "1.000000" : 12648448,
            "5.000000" : 12910592,
            "10.000000" : 13041664,
            "20.000000" : 13303808,
            "30.000000" : 13565952,
            "40.000000" : 13828096,
            "50.000000" : 14090240,
            "60.000000" : 14352384,
            "70.000000" : 14745600,
            "80.000000" : 15400960,
            "90.000000" : 15925248,
            "95.000000" : 16580608,
            "99.000000" : 27131904,
            "99.500000" : 27656192,
            "99.900000" : 28704768,
            "99.950000" : 28966912,
            "99.990000" : 30801920
          },
          "bins" : {
            "823296" : 1,
            "831488" : 1,
            "1056768" : 1,
            "1073152" : 1,
            "1187840" : 1,
            "1253376" : 1,
            "1400832" : 1,
            "1531904" : 1,
            "1613824" : 1,
            "1728512" : 1,
            "1892352" : 1,
            "2007040" : 1,
            "2244608" : 1,
            "2375680" : 1,
            "2441216" : 1,
            "2605056" : 1,
            "2736128" : 1,
            "2801664" : 1,
            "2965504" : 1,
            "3194880" : 2,
            "3358720" : 1,
            "3424256" : 1,
            "3784704" : 1,
            "3915776" : 1,
            "3981312" : 1,
            "4079616" : 1,
            "4227072" : 1,
            "4358144" : 1,
            "4489216" : 1,
            "4554752" : 1,
            "4685824" : 1,
            "4751360" : 1,
            "4947968" : 1,
            "5144576" : 2,
            "5275648" : 1,
            "5472256" : 2,
            "5799936" : 1,
            "5865472" : 2,
            "6127616" : 1,
            "6193152" : 1,
            "6389760" : 1,
            "6520832" : 1,
            "6782976" : 1,
            "6848512" : 1,
            "7241728" : 1,
            "7307264" : 1,
            "7569408" : 2,
            "7634944" : 1,
            "7962624" : 1,
            "8028160" : 1,
            "8290304" : 1,
            "8355840" : 1,
            "8716288" : 1,
            "8978432" : 3,
            "9109504" : 3,
            "9371648" : 1,
            "9764864" : 1,
            "9895936" : 1,
            "10158080" : 2,
            "10289152" : 3,
            "10420224" : 3,
            "10551296" : 4,
            "10682368" : 6,
            "10813440" : 7,
            "10944512" : 5,
            "11075584" : 4,
            "11206656" : 6,
            "11337728" : 3,
            "11468800" : 15,
            "11599872" : 22,
            "11730944" : 51,
            "11862016" : 96,
            "11993088" : 147,
            "12124160" : 291,
            "12255232" : 557,
            "12386304" : 1456,
            "12517376" : 4693,
            "12648448" : 14971,
            "12779520" : 37833,
            "12910592" : 71179,
            "13041664" : 101094,
            "13172736" : 110855,
            "13303808" : 108591,
            "13434880" : 102768,
            "13565952" : 98393,
            "13697024" : 93228,
            "13828096" : 90566,
            "13959168" : 88927,
            "14090240" : 87605,
            "14221312" : 85512,
            "14352384" : 80329,
            "14483456" : 71534,
            "14614528" : 63953,
            "14745600" : 58262,
            "14876672" : 52975,
            "15007744" : 44802,
            "15138816" : 38584,
            "15269888" : 39295,
            "15400960" : 43911,
            "15532032" : 49760,
            "15663104" : 52798,
            "15794176" : 47447,
            "15925248" : 36858,
            "16056320" : 27432,
            "16187392" : 20251,
            "16318464" : 14923,
            "16449536" : 11290,
            "16580608" : 9782,
            "16711680" : 10099,
            "16908288" : 22718,
            "17170432" : 16178,
            "17432576" : 5623,
            "17694720" : 1808,
            "17956864" : 528,
            "18219008" : 142,
            "18481152" : 107,
            "18743296" : 211,
            "19005440" : 349,
            "19267584" : 387,
            "19529728" : 195,
            "19791872" : 41,
            "20054016" : 10,
            "20316160" : 10,
            "20578304" : 40,
            "20840448" : 29,
            "21102592" : 21,
            "21364736" : 28,
            "21626880" : 4,
            "21889024" : 14,
            "22151168" : 49,
            "22413312" : 13,
            "22675456" : 9,
            "22937600" : 2,
            "23199744" : 7,
            "23461888" : 2,
            "23724032" : 4,
            "23986176" : 10,
            "24248320" : 20,
            "24510464" : 5,
            "24772608" : 35,
            "25034752" : 156,
            "25296896" : 229,
            "25559040" : 122,
            "25821184" : 184,
            "26083328" : 442,
            "26345472" : 1030,
            "26607616" : 4138,
            "26869760" : 5653,
            "27131904" : 4616,
            "27394048" : 3665,
            "27656192" : 2880,
            "27918336" : 2178,
            "28180480" : 2068,
            "28442624" : 1798,
            "28704768" : 1299,
            "28966912" : 665,
            "29229056" : 283,
            "29491200" : 83,
            "29753344" : 28,
            "30015488" : 24,