{
  "fio version" : "fio-3.17",
  "timestamp" : 1582099717,
  "timestamp_ms" : 1582099717595,
  "time" : "Wed Feb 19 08:08:37 2020",
  "jobs" : [
    {
      "jobname" : "wipc",
      "groupid" : 0,
      "error" : 0,
      "eta" : 0,
      "elapsed" : 826,
      "job options" : {
        "ioengine" : "libaio",
        "group_reporting" : "1",
        "direct" : "1",
        "rw" : "write",
        "bssplit" : "128KB",
        "numjobs" : "1",
        "iodepth" : "32",
        "size" : "75%",
        "io_size" : "256071352320B",
        "filename" : "/dev/sda"
      },
      "read" : {
        "io_bytes" : 0,
        "io_kbytes" : 0,
        "bw_bytes" : 0,
        "bw" : 0,
        "iops" : 0.000000,
        "runtime" : 0,
        "total_ios" : 0,
        "short_ios" : 0,
        "drop_ios" : 0,
        "slat_ns" : {
          "min" : 0,
          "max" : 0,
          "mean" : 0.000000,
          "stddev" : 0.000000
        },
        "clat_ns" : {
          "min" : 0,
          "max" : 0,
          "mean" : 0.000000,
          "stddev" : 0.000000,
          "percentile" : {
            "1.000000" : 0,
            "5.000000" : 0,
            "10.000000" : 0,
            "20.000000" : 0,
            "30.000000" : 0,
            "40.000000" : 0,
            "50.000000" : 0,
            "60.000000" : 0,
            "70.000000" : 0,
            "80.000000" : 0,
            "90.000000" : 0,
            "95.000000" : 0,
            "99.000000" : 0,
            "99.500000" : 0,
            "99.900000" : 0,
            "99.950000" : 0,
            "99.990000" : 0
          },
          "bins" : {

          }
        },
        "lat_ns" : {
          "min" : 0,
          "max" : 0,
          "mean" : 0.000000,
          "stddev" : 0.000000
        },
        "bw_min" : 0,
        "bw_max" : 0,
        "bw_agg" : 0.000000,
        "bw_mean" : 0.000000,
        "bw_dev" : 0.000000,
        "bw_samples" : 0,
        "iops_min" : 0,
        "iops_max" : 0,
        "iops_mean" : 0.000000,
        "iops_stddev" : 0.000000,
        "iops_samples" : 0
      },
      "write" : {
        "io_bytes" : 256071434240,
        "io_kbytes" : 250069760,
        "bw_bytes" : 310211386,
        "bw" : 302940,
        "iops" : 2366.725057,
        "runtime" : 825474,
        "total_ios" : 1953670,
        "short_ios" : 0,
        "drop_ios" : 0,
        "slat_ns" : {
          "min" : 21291,
          "max" : 12722792,
          "mean" : 50721.500999,
          "stddev" : 22161.685698
        },
        "clat_ns" : {
          "min" : 3106541,
          "max" : 44065458,
          "mean" : 13464823.646869,
          "stddev" : 2153137.507915,
          "percentile" : {
            "1.000000" : 11730944,
            "5.000000" : 12124160,
            "10.000000" : 12255232,
            "20.000000" : 12386304,
            "30.000000" : 12648448,
            "40.000000" : 12779520,
            "50.000000" : 13041664,
            "60.000000" : 13303808,
            "70.000000" : 13565952,
            "80.000000" : 13959168,
            "90.000000" : 14614528,
            "95.000000" : 15532032,
            "99.000000" : 27918336,
            "99.500000" : 28704768,
            "99.900000" : 30015488,
            "99.950000" : 30539776,
            "99.990000" : 32374784
          },
          "bins" : {
            "3096576" : 1,
            "3162112" : 1,
            "3358720" : 1,
            "3391488" : 1,
            "3620864" : 3,
            "3653632" : 4,
            "3686400" : 6,
            "3719168" : 11,
            "3751936" : 10,
            "3784704" : 8,
            "3817472" : 12,
            "3850240" : 2,
            "3883008" : 5,
            "3915776" : 1,
            "3948544" : 20,
            "3981312" : 7,
            "4014080" : 2,
            "4079616" : 12,
            "4112384" : 6,
            "4145152" : 1,
            "4177920" : 1,
            "4227072" : 1,
            "4292608" : 5,
            "4358144" : 6,
            "4423680" : 9,
            "4489216" : 4,
            "4554752" : 13,
            "4620288" : 1,
            "4685824" : 8,
            "4751360" : 6,
            "4816896" : 8,
            "4882432" : 4,
            "4947968" : 2,
            "5013504" : 2,
            "5079040" : 4,
            "5144576" : 6,
            "5275648" : 3,
            "5341184" : 5,
            "5406720" : 1,
            "5472256" : 4,
            "5537792" : 2,
            "5603328" : 2,
            "5668864" : 2,
            "5734400" : 3,
            "5799936" : 2,
            "5865472" : 3,
            "5931008" : 2,
            "5996544" : 4,
            "6062080" : 3,
            "6127616" : 1,
            "6193152" : 2,
            "6258688" : 4,
            "6324224" : 1,
            "6389760" : 1,
            "6455296" : 4,
            "6520832" : 4,
            "6586368" : 5,
            "6651904" : 3,
            "6717440" : 1,
            "6782976" : 4,
            "6848512" : 3,
            "6914048" : 3,
            "6979584" : 3,
            "7045120" : 4,
            "7110656" : 4,
            "7176192" : 6,
            "7241728" : 3,
            "7307264" : 6,
            "7372800" : 7,
            "7438336" : 3,
            "7503872" : 9,
            "7569408" : 5,
            "7634944" : 4,
            "7700480" : 8,
            "7766016" : 6,
            "7831552" : 8,
            "7897088" : 9,
            "7962624" : 6,
            "8028160" : 8,
            "8093696" : 36,
            "8159232" : 13,
            "8224768" : 6,
            "8290304" : 27,
            "8355840" : 17,
            "8454144" : 28,
            "8585216" : 45,
            "8716288" : 43,
            "8847360" : 33,
            "8978432" : 48,
            "9109504" : 40,
            "9240576" : 39,
            "9371648" : 32,
            "9502720" : 34,
            "9633792" : 30,
            "9764864" : 49,
            "9895936" : 60,
            "10027008" : 97,
            "10158080" : 167,
            "10289152" : 248,
            "10420224" : 292,
            "10551296" : 405,
            "10682368" : 521,
            "10813440" : 544,
            "10944512" : 660,
            "11075584" : 799,
            "11206656" : 991,
            "11337728" : 1240,
            "11468800" : 1963,
            "11599872" : 3785,
            "11730944" : 9644,
            "11862016" : 23029,
            "11993088" : 50183,
            "12124160" : 82294,
            "12255232" : 106052,
            "12386304" : 115945,
            "12517376" : 125656,
            "12648448" : 137673,
            "12779520" : 141939,
            "12910592" : 132850,
            "13041664" : 110717,
            "13172736" : 95692,
            "13303808" : 88415,
            "13434880" : 80355,
            "13565952" : 70780,
            "13697024" : 65289,
            "13828096" : 67695,
            "13959168" : 67185,
            "14090240" : 60117,
            "14221312" : 46608,
            "14352384" : 33821,
            "14483456" : 25046,
            "14614528" : 19818,
            "14745600" : 17116,
            "14876672" : 14493,
            "15007744" : 12418,
            "15138816" : 10566,
            "15269888" : 9645,
            "15400960" : 11538,
            "15532032" : 13987,
            "15663104" : 15629,
            "15794176" : 13848,
            "15925248" : 10588,
            "16056320" : 7201,
            "16187392" : 4578,
            "16318464" : 2738,
            "16449536" : 1734,
            "16580608" : 1228,
            "16711680" : 773,
            "16908288" : 943,
            "17170432" : 332,
            "17432576" : 170,
            "17694720" : 346,
            "17956864" : 713,
            "18219008" : 769,
            "18481152" : 426,
            "18743296" : 172,
            "19005440" : 59,
            "19267584" : 49,
            "19529728" : 25,
            "19791872" : 25,
            "20054016" : 23,
            "20316160" : 16,