{
  "fio version" : "fio-3.17",
  "timestamp" : 1583610650,
  "timestamp_ms" : 1583610650487,
  "time" : "Sat Mar  7 19:50:50 2020",
  "jobs" : [
    {
      "jobname" : "wipc",
      "groupid" : 0,
      "error" : 0,
      "eta" : 0,
      "elapsed" : 826,
      "job options" : {
        "ioengine" : "libaio",
        "group_reporting" : "1",
        "direct" : "1",
        "rw" : "write",
        "bssplit" : "128KB",
        "numjobs" : "1",
        "iodepth" : "32",
        "size" : "75%",
        "io_size" : "256071352320B",
        "filename" : "/dev/sda"
      },
      "read" : {
        "io_bytes" : 0,
        "io_kbytes" : 0,
        "bw_bytes" : 0,
        "bw" : 0,
        "iops" : 0.000000,
        "runtime" : 0,
        "total_ios" : 0,
        "short_ios" : 0,
        "drop_ios" : 0,
        "slat_ns" : {
          "min" : 0,
          "max" : 0,
          "mean" : 0.000000,
          "stddev" : 0.000000
        },
        "clat_ns" : {
          "min" : 0,
          "max" : 0,
          "mean" : 0.000000,
          "stddev" : 0.000000,
          "percentile" : {
            "1.000000" : 0,
            "5.000000" : 0,
            "10.000000" : 0,
            "20.000000" : 0,
            "30.000000" : 0,
            "40.000000" : 0,
            "50.000000" : 0,
            "60.000000" : 0,
            "70.000000" : 0,
            "80.000000" : 0,
            "90.000000" : 0,
            "95.000000" : 0,
            "99.000000" : 0,
            "99.500000" : 0,
            "99.900000" : 0,
            "99.950000" : 0,
            "99.990000" : 0
          },
          "bins" : {

          }
        },
        "lat_ns" : {
          "min" : 0,
          "max" : 0,
          "mean" : 0.000000,
          "stddev" : 0.000000
        },
        "bw_min" : 0,
        "bw_max" : 0,
        "bw_agg" : 0.000000,
        "bw_mean" : 0.000000,
        "bw_dev" : 0.000000,
        "bw_samples" : 0,
        "iops_min" : 0,
        "iops_max" : 0,
        "iops_mean" : 0.000000,
        "iops_stddev" : 0.000000,
        "iops_samples" : 0
      },
      "write" : {
        "io_bytes" : 256071434240,
        "io_kbytes" : 250069760,
        "bw_bytes" : 310089675,
        "bw" : 302821,
        "iops" : 2365.796478,
        "runtime" : 825798,
        "total_ios" : 1953670,
        "short_ios" : 0,
        "drop_ios" : 0,
        "slat_ns" : {
          "min" : 22458,
          "max" : 12732416,
          "mean" : 50814.979316,
          "stddev" : 32584.382626
        },
        "clat_ns" : {
          "min" : 3179750,
          "max" : 45905125,
          "mean" : 13469929.173460,
          "stddev" : 2172227.958619,
          "percentile" : {
            "1.000000" : 11730944,
            "5.000000" : 12124160,
            "10.000000" : 12255232,
            "20.000000" : 12386304,
            "30.000000" : 12648448,
            "40.000000" : 12779520,
            "50.000000" : 13041664,
            "60.000000" : 13303808,
            "70.000000" : 13565952,
            "80.000000" : 13959168,
            "90.000000" : 14614528,
            "95.000000" : 15532032,
            "99.000000" : 27918336,
            "99.500000" : 28966912,
            "99.900000" : 30277632,
            "99.950000" : 31064064,
            "99.990000" : 32112640
          },
          "bins" : {
            "3194880" : 1,
            "3227648" : 4,
            "3260416" : 4,
            "3293184" : 2,
            "3325952" : 1,
            "3358720" : 4,
            "3391488" : 2,
            "3489792" : 2,
            "3555328" : 2,
            "3588096" : 1,
            "3620864" : 5,
            "3653632" : 8,
            "3686400" : 10,
            "3719168" : 11,
            "3751936" : 9,
            "3784704" : 26,
            "3817472" : 10,
            "3850240" : 5,
            "3883008" : 13,
            "3915776" : 17,
            "3948544" : 11,
            "3981312" : 62,
            "4014080" : 58,
            "4046848" : 27,
            "4079616" : 10,
            "4112384" : 2,
            "4145152" : 6,
            "4177920" : 18,
            "4227072" : 18,
            "4292608" : 4,
            "4358144" : 6,
            "4423680" : 7,
            "4489216" : 4,
            "4554752" : 11,
            "4620288" : 7,
            "4685824" : 7,
            "4751360" : 18,
            "4816896" : 7,
            "4882432" : 20,
            "4947968" : 17,
            "5013504" : 10,
            "5079040" : 10,
            "5144576" : 14,
            "5210112" : 7,
            "5275648" : 6,
            "5341184" : 9,
            "5406720" : 4,
            "5472256" : 5,
            "5537792" : 7,
            "5603328" : 3,
            "5668864" : 7,
            "5734400" : 7,
            "5799936" : 5,
            "5865472" : 9,
            "5931008" : 5,
            "5996544" : 8,
            "6062080" : 14,
            "6127616" : 10,
            "6193152" : 8,
            "6258688" : 7,
            "6324224" : 6,
            "6389760" : 7,
            "6455296" : 9,
            "6520832" : 11,
            "6586368" : 12,
            "6651904" : 6,
            "6717440" : 6,
            "6782976" : 7,
            "6848512" : 9,
            "6914048" : 7,
            "6979584" : 5,
            "7045120" : 12,
            "7110656" : 5,
            "7176192" : 8,
            "7241728" : 25,
            "7307264" : 5,
            "7372800" : 9,
            "7438336" : 12,
            "7503872" : 9,
            "7569408" : 7,
            "7634944" : 8,
            "7700480" : 10,
            "7766016" : 5,
            "7831552" : 13,
            "7897088" : 19,
            "7962624" : 43,
            "8028160" : 41,
            "8093696" : 40,
            "8159232" : 21,
            "8224768" : 34,
            "8290304" : 41,
            "8355840" : 7,
            "8454144" : 22,
            "8585216" : 30,
            "8716288" : 38,
            "8847360" : 90,
            "8978432" : 73,
            "9109504" : 60,
            "9240576" : 40,
            "9371648" : 43,
            "9502720" : 35,
            "9633792" : 48,
            "9764864" : 54,
            "9895936" : 73,
            "10027008" : 128,
            "10158080" : 185,
            "10289152" : 252,
            "10420224" : 350,
            "10551296" : 472,
            "10682368" : 537,
            "10813440" : 703,
            "10944512" : 723,
            "11075584" : 878,
            "11206656" : 1046,
            "11337728" : 1324,
            "11468800" : 2051,
            "11599872" : 3720,
            "11730944" : 9484,
            "11862016" : 24011,
            "11993088" : 49666,
            "12124160" : 83243,
            "12255232" : 106206,
            "12386304" : 117096,
            "12517376" : 124484,
            "12648448" : 137295,
            "12779520" : 142742,
            "12910592" : 130086,
            "13041664" : 110057,
            "13172736" : 94953,
            "13303808" : 88177,
            "13434880" : 78117,
            "13565952" : 70079,
            "13697024" : 64106,
            "13828096" : 66314,
            "13959168" : 66830,
            "14090240" : 59604,
            "14221312" : 47244,
            "14352384" : 34343,
            "14483456" : 26252,
            "14614528" : 20222,
            "14745600" : 17208,
            "14876672" : 14871,
            "15007744" : 12652,
            "15138816" : 10566,
            "15269888" : 9968,
            "15400960" : 12058,
            "15532032" : 14277,
            "15663104" : 14781,
            "15794176" : 14623,
            "15925248" : 11174,
            "16056320" : 7776,
            "16187392" : 5188,
            "16318464" : 3041,
            "16449536" : 1950,
            "16580608" : 1285,
            "16711680" : 776,
            "16908288" : 929,
            "17170432" : 385,
            "17432576" : 200,
            "17694720" : 402,
            "17956864" : 709,