{
  "fio version" : "fio-3.17",
  "timestamp" : 1581992687,
  "timestamp_ms" : 1581992687453,
  "time" : "Mon Feb 17 18:24:47 2020",
  "jobs" : [
    {
      "jobname" : "wipc",
      "groupid" : 0,
      "error" : 0,
      "eta" : 0,
      "elapsed" : 886,
      "job options" : {
        "ioengine" : "libaio",
        "group_reporting" : "1",
        "direct" : "1",
        "rw" : "write",
        "bssplit" : "128KB",
        "numjobs" : "1",
        "iodepth" : "32",
        "size" : "75%",
        "io_size" : "256071352320B",
        "filename" : "/dev/sdc"
      },
      "read" : {
        "io_bytes" : 0,
        "io_kbytes" : 0,
        "bw_bytes" : 0,
        "bw" : 0,
        "iops" : 0.000000,
        "runtime" : 0,
        "total_ios" : 0,
        "short_ios" : 0,
        "drop_ios" : 0,
        "slat_ns" : {
          "min" : 0,
          "max" : 0,
          "mean" : 0.000000,
          "stddev" : 0.000000
        },
        "clat_ns" : {
          "min" : 0,
          "max" : 0,
          "mean" : 0.000000,
          "stddev" : 0.000000,
          "percentile" : {
            "1.000000" : 0,
            "5.000000" : 0,
            "10.000000" : 0,
            "20.000000" : 0,
            "30.000000" : 0,
            "40.000000" : 0,
            "50.000000" : 0,
            "60.000000" : 0,
            "70.000000" : 0,
            "80.000000" : 0,
            "90.000000" : 0,
            "95.000000" : 0,
            "99.000000" : 0,
            "99.500000" : 0,
            "99.900000" : 0,
            "99.950000" : 0,
            "99.990000" : 0
          },
          "bins" : {

          }
        },
        "lat_ns" : {
          "min" : 0,
          "max" : 0,
          "mean" : 0.000000,
          "stddev" : 0.000000
        },
        "bw_min" : 0,
        "bw_max" : 0,
        "bw_agg" : 0.000000,
        "bw_mean" : 0.000000,
        "bw_dev" : 0.000000,
        "bw_samples" : 0,
        "iops_min" : 0,
        "iops_max" : 0,
        "iops_mean" : 0.000000,
        "iops_stddev" : 0.000000,
        "iops_samples" : 0
      },
      "write" : {
        "io_bytes" : 256071434240,
        "io_kbytes" : 250069760,
        "bw_bytes" : 289234154,
        "bw" : 282455,
        "iops" : 2206.681478,
        "runtime" : 885343,
        "total_ios" : 1953670,
        "short_ios" : 0,
        "drop_ios" : 0,
        "slat_ns" : {
          "min" : 6381,
          "max" : 869101,
          "mean" : 31503.373165,
          "stddev" : 11162.399419
        },
        "clat_ns" : {
          "min" : 1011557,
          "max" : 44083229,
          "mean" : 14463842.438193,
          "stddev" : 1983290.171152,
          "percentile" : {
            "1.000000" : 12648448,
            "5.000000" : 12910592,
            "10.000000" : 13041664,
            "20.000000" : 13303808,
            "30.000000" : 13565952,
            "40.000000" : 13828096,
            "50.000000" : 14090240,
            "60.000000" : 14352384,
            "70.000000" : 14745600,
            "80.000000" : 15269888,
            "90.000000" : 15794176,
            "95.000000" : 16449536,
            "99.000000" : 26869760,
            "99.500000" : 27656192,
            "99.900000" : 28966912,
            "99.950000" : 29229056,
            "99.990000" : 30801920
          },
          "bins" : {
            "1011712" : 1,
            "1044480" : 1,
            "1089536" : 1,
            "1105920" : 1,
            "1318912" : 2,
            "1368064" : 1,
            "1384448" : 2,
            "1794048" : 1,
            "1990656" : 1,
            "2039808" : 1,
            "2310144" : 1,
            "2342912" : 1,
            "2506752" : 1,
            "2703360" : 1,
            "2736128" : 1,
            "2834432" : 1,
            "3063808" : 1,
            "3162112" : 1,
            "3227648" : 1,
            "3358720" : 1,
            "3522560" : 1,
            "3620864" : 1,
            "3719168" : 1,
            "3915776" : 1,
            "3948544" : 1,
            "4079616" : 1,
            "4227072" : 1,
            "4292608" : 1,
            "4423680" : 1,
            "4554752" : 1,
            "4620288" : 1,
            "4751360" : 1,
            "4947968" : 1,
            "5079040" : 1,
            "5144576" : 1,
            "5406720" : 1,
            "5472256" : 2,
            "5734400" : 1,
            "5799936" : 1,
            "5996544" : 1,
            "6127616" : 3,
            "6324224" : 2,
            "6455296" : 1,
            "6520832" : 1,
            "6651904" : 1,
            "6782976" : 1,
            "6914048" : 1,
            "7176192" : 1,
            "7503872" : 1,
            "7634944" : 1,
            "7831552" : 1,
            "7962624" : 1,
            "8159232" : 2,
            "8290304" : 1,
            "8454144" : 1,
            "8585216" : 2,
            "8847360" : 1,
            "8978432" : 1,
            "9240576" : 1,
            "9502720" : 2,
            "9895936" : 2,
            "10027008" : 1,
            "10158080" : 4,
            "10289152" : 5,
            "10420224" : 1,
            "10551296" : 2,
            "10682368" : 5,
            "10813440" : 6,
            "10944512" : 3,
            "11075584" : 5,
            "11206656" : 3,
            "11337728" : 9,
            "11468800" : 14,
            "11599872" : 28,
            "11730944" : 67,
            "11862016" : 140,
            "11993088" : 183,
            "12124160" : 361,
            "12255232" : 947,
            "12386304" : 2161,
            "12517376" : 6510,
            "12648448" : 18199,
            "12779520" : 43903,
            "12910592" : 76322,
            "13041664" : 99969,
            "13172736" : 108675,
            "13303808" : 105099,
            "13434880" : 99760,
            "13565952" : 97533,
            "13697024" : 97045,
            "13828096" : 96073,
            "13959168" : 93219,
            "14090240" : 89568,
            "14221312" : 86039,
            "14352384" : 77706,
            "14483456" : 68966,
            "14614528" : 63418,
            "14745600" : 58234,
            "14876672" : 52189,
            "15007744" : 43973,
            "15138816" : 39308,
            "15269888" : 41182,
            "15400960" : 47157,
            "15532032" : 51831,
            "15663104" : 51421,
            "15794176" : 42880,
            "15925248" : 31384,
            "16056320" : 23768,
            "16187392" : 18185,
            "16318464" : 13765,
            "16449536" : 11005,
            "16580608" : 10512,
            "16711680" : 10446,
            "16908288" : 20232,
            "17170432" : 13817,
            "17432576" : 4728,
            "17694720" : 1597,
            "17956864" : 501,
            "18219008" : 126,
            "18481152" : 127,
            "18743296" : 253,
            "19005440" : 339,
            "19267584" : 335,
            "19529728" : 190,
            "19791872" : 41,
            "20054016" : 17,
            "20316160" : 15,
            "20578304" : 10,
            "20840448" : 26,
            "21102592" : 26,
            "21364736" : 30,
            "21626880" : 10,
            "21889024" : 2,
            "22151168" : 14,
            "22413312" : 10,
            "22675456" : 8,
            "22937600" : 6,
            "23199744" : 2,
            "23461888" : 6,
            "23724032" : 10,
            "23986176" : 1,
            "24248320" : 3,
            "24510464" : 3,
            "24772608" : 23,
            "25034752" : 156,
            "25296896" : 224,
            "25559040" : 101,
            "25821184" : 35,
            "26083328" : 159,
            "26345472" : 816,
            "26607616" : 5512,
            "26869760" : 6112,
            "27131904" : 4626,
            "27394048" : 3291,
            "27656192" : 2372,
            "27918336" : 2225,
            "28180480" : 1779,
            "28442624" : 1329,
            "28704768" : 1055,
            "28966912" : 870,