{
  "fio version" : "fio-3.17",
  "timestamp" : 1581725388,
  "timestamp_ms" : 1581725388313,
  "time" : "Fri Feb 14 16:09:48 2020",
  "jobs" : [
    {
      "jobname" : "wipc",
      "groupid" : 0,
      "error" : 0,
      "eta" : 0,
      "elapsed" : 885,
      "job options" : {
        "ioengine" : "libaio",
        "group_reporting" : "1",
        "direct" : "1",
        "rw" : "write",
        "bssplit" : "128KB",
        "numjobs" : "1",
        "iodepth" : "32",
        "size" : "75%",
        "io_size" : "256071352320B",
        "filename" : "/dev/sdb"
      },
      "read" : {
        "io_bytes" : 0,
        "io_kbytes" : 0,
        "bw_bytes" : 0,
        "bw" : 0,
        "iops" : 0.000000,
        "runtime" : 0,
        "total_ios" : 0,
        "short_ios" : 0,
        "drop_ios" : 0,
        "slat_ns" : {
          "min" : 0,
          "max" : 0,
          "mean" : 0.000000,
          "stddev" : 0.000000
        },
        "clat_ns" : {
          "min" : 0,
          "max" : 0,
          "mean" : 0.000000,
          "stddev" : 0.000000,
          "percentile" : {
            "1.000000" : 0,
            "5.000000" : 0,
            "10.000000" : 0,
            "20.000000" : 0,
            "30.000000" : 0,
            "40.000000" : 0,
            "50.000000" : 0,
            "60.000000" : 0,
            "70.000000" : 0,
            "80.000000" : 0,
            "90.000000" : 0,
            "95.000000" : 0,
            "99.000000" : 0,
            "99.500000" : 0,
            "99.900000" : 0,
            "99.950000" : 0,
            "99.990000" : 0
          },
          "bins" : {

          }
        },
        "lat_ns" : {
          "min" : 0,
          "max" : 0,
          "mean" : 0.000000,
          "stddev" : 0.000000
        },
        "bw_min" : 0,
        "bw_max" : 0,
        "bw_agg" : 0.000000,
        "bw_mean" : 0.000000,
        "bw_dev" : 0.000000,
        "bw_samples" : 0,
        "iops_min" : 0,
        "iops_max" : 0,
        "iops_mean" : 0.000000,
        "iops_stddev" : 0.000000,
        "iops_samples" : 0
      },
      "write" : {
        "io_bytes" : 256071434240,
        "io_kbytes" : 250069760,
        "bw_bytes" : 289553685,
        "bw" : 282767,
        "iops" : 2209.119301,
        "runtime" : 884366,
        "total_ios" : 1953670,
        "short_ios" : 0,
        "drop_ios" : 0,
        "slat_ns" : {
          "min" : 5945,
          "max" : 527219,
          "mean" : 26044.241866,
          "stddev" : 9379.663237
        },
        "clat_ns" : {
          "min" : 990189,
          "max" : 44546560,
          "mean" : 14453247.158047,
          "stddev" : 2028474.016977,
          "percentile" : {
            "1.000000" : 12648448,
            "5.000000" : 12910592,
            "10.000000" : 13041664,
            "20.000000" : 13172736,
            "30.000000" : 13434880,
            "40.000000" : 13828096,
            "50.000000" : 14090240,
            "60.000000" : 14352384,
            "70.000000" : 14745600,
            "80.000000" : 15400960,
            "90.000000" : 15794176,
            "95.000000" : 16449536,
            "99.000000" : 27394048,
            "99.500000" : 28180480,
            "99.900000" : 29229056,
            "99.950000" : 30015488,
            "99.990000" : 31588352
          },
          "bins" : {
            "987136" : 1,
            "1036288" : 1,
            "1056768" : 1,
            "1220608" : 1,
            "1236992" : 1,
            "1253376" : 1,
            "1564672" : 1,
            "1581056" : 2,
            "1925120" : 1,
            "1941504" : 1,
            "1957888" : 1,
            "2277376" : 1,
            "2310144" : 2,
            "2605056" : 1,
            "2637824" : 1,
            "2670592" : 1,
            "2965504" : 1,
            "3031040" : 1,
            "3227648" : 2,
            "3325952" : 2,
            "3686400" : 1,
            "3719168" : 1,
            "3915776" : 1,
            "4014080" : 1,
            "4227072" : 3,
            "4358144" : 1,
            "4554752" : 1,
            "4751360" : 1,
            "4882432" : 1,
            "5079040" : 1,
            "5210112" : 1,
            "5275648" : 1,
            "5406720" : 1,
            "5537792" : 1,
            "5603328" : 1,
            "5799936" : 1,
            "5931008" : 1,
            "6127616" : 2,
            "6258688" : 1,
            "6455296" : 1,
            "6520832" : 1,
            "6586368" : 1,
            "6848512" : 1,
            "6979584" : 1,
            "7176192" : 1,
            "7241728" : 2,
            "7307264" : 1,
            "7503872" : 1,
            "7634944" : 1,
            "7831552" : 1,
            "7897088" : 1,
            "7962624" : 1,
            "8224768" : 2,
            "8355840" : 1,
            "8585216" : 1,
            "8847360" : 2,
            "8978432" : 1,
            "9109504" : 1,
            "9240576" : 1,
            "9371648" : 1,
            "9502720" : 1,
            "9633792" : 2,
            "9764864" : 1,
            "9895936" : 1,
            "10027008" : 2,
            "10158080" : 2,
            "10289152" : 2,
            "10420224" : 1,
            "10682368" : 2,
            "10813440" : 2,
            "11075584" : 5,
            "11206656" : 3,
            "11337728" : 43,
            "11468800" : 73,
            "11599872" : 116,
            "11730944" : 145,
            "11862016" : 158,
            "11993088" : 197,
            "12124160" : 313,
            "12255232" : 488,
            "12386304" : 1583,
            "12517376" : 7170,
            "12648448" : 26247,
            "12779520" : 57686,
            "12910592" : 87193,
            "13041664" : 103315,
            "13172736" : 108383,
            "13303808" : 106402,
            "13434880" : 99797,
            "13565952" : 90957,
            "13697024" : 81569,
            "13828096" : 80237,
            "13959168" : 84047,
            "14090240" : 90530,
            "14221312" : 93475,
            "14352384" : 83833,
            "14483456" : 68654,
            "14614528" : 58085,
            "14745600" : 56463,
            "14876672" : 53468,
            "15007744" : 45310,
            "15138816" : 38372,
            "15269888" : 35312,
            "15400960" : 42310,
            "15532032" : 52157,
            "15663104" : 56740,
            "15794176" : 50833,
            "15925248" : 35752,
            "16056320" : 24291,
            "16187392" : 16597,
            "16318464" : 11633,
            "16449536" : 8647,
            "16580608" : 9252,
            "16711680" : 12156,
            "16908288" : 24667,
            "17170432" : 10822,
            "17432576" : 3441,
            "17694720" : 1078,
            "17956864" : 327,
            "18219008" : 80,
            "18481152" : 89,
            "18743296" : 308,
            "19005440" : 480,
            "19267584" : 241,
            "19529728" : 55,
            "19791872" : 9,
            "20054016" : 10,
            "20316160" : 5,
            "20578304" : 21,
            "20840448" : 29,
            "21102592" : 7,
            "21364736" : 3,
            "21626880" : 22,
            "21889024" : 11,
            "22151168" : 1,
            "22413312" : 6,
            "22675456" : 4,
            "22937600" : 1,
            "23199744" : 4,
            "23461888" : 9,
            "23724032" : 17,
            "23986176" : 24,
            "24248320" : 21,
            "24510464" : 6,
            "24772608" : 4,
            "25034752" : 20,
            "25296896" : 28,
            "25559040" : 52,
            "25821184" : 93,
            "26083328" : 174,
            "26345472" : 527,
            "26607616" : 2668,
            "26869760" : 4709,
            "27131904" : 3864,
            "27394048" : 2976,
            "27656192" : 2581,
            "27918336" : 2501,
            "28180480" : 3478,
            "28442624" : 3052,
            "28704768" : 1799,
            "28966912" : 961,