{
  "fio version" : "fio-3.17",
  "timestamp" : 1581702030,
  "timestamp_ms" : 1581702030179,
  "time" : "Fri Feb 14 09:40:30 2020",
  "jobs" : [
    {
      "jobname" : "wipc",
      "groupid" : 0,
      "error" : 0,
      "eta" : 0,
      "elapsed" : 882,
      "job options" : {
        "ioengine" : "libaio",
        "group_reporting" : "1",
        "direct" : "1",
        "rw" : "write",
        "bssplit" : "128KB",
        "numjobs" : "1",
        "iodepth" : "32",
        "size" : "75%",
        "io_size" : "256071352320B",
        "filename" : "/dev/sdb"
      },
      "read" : {
        "io_bytes" : 0,
        "io_kbytes" : 0,
        "bw_bytes" : 0,
        "bw" : 0,
        "iops" : 0.000000,
        "runtime" : 0,
        "total_ios" : 0,
        "short_ios" : 0,
        "drop_ios" : 0,
        "slat_ns" : {
          "min" : 0,
          "max" : 0,
          "mean" : 0.000000,
          "stddev" : 0.000000
        },
        "clat_ns" : {
          "min" : 0,
          "max" : 0,
          "mean" : 0.000000,
          "stddev" : 0.000000,
          "percentile" : {
            "1.000000" : 0,
            "5.000000" : 0,
            "10.000000" : 0,
            "20.000000" : 0,
            "30.000000" : 0,
            "40.000000" : 0,
            "50.000000" : 0,
            "60.000000" : 0,
            "70.000000" : 0,
            "80.000000" : 0,
            "90.000000" : 0,
            "95.000000" : 0,
            "99.000000" : 0,
            "99.500000" : 0,
            "99.900000" : 0,
            "99.950000" : 0,
            "99.990000" : 0
          },
          "bins" : {

          }
        },
        "lat_ns" : {
          "min" : 0,
          "max" : 0,
          "mean" : 0.000000,
          "stddev" : 0.000000
        },
        "bw_min" : 0,
        "bw_max" : 0,
        "bw_agg" : 0.000000,
        "bw_mean" : 0.000000,
        "bw_dev" : 0.000000,
        "bw_samples" : 0,
        "iops_min" : 0,
        "iops_max" : 0,
        "iops_mean" : 0.000000,
        "iops_stddev" : 0.000000,
        "iops_samples" : 0
      },
      "write" : {
        "io_bytes" : 256071434240,
        "io_kbytes" : 250069760,
        "bw_bytes" : 290530369,
        "bw" : 283721,
        "iops" : 2216.570815,
        "runtime" : 881393,
        "total_ios" : 1953670,
        "short_ios" : 0,
        "drop_ios" : 0,
        "slat_ns" : {
          "min" : 6540,
          "max" : 799267,
          "mean" : 27604.976675,
          "stddev" : 9205.628377
        },
        "clat_ns" : {
          "min" : 943656,
          "max" : 42735984,
          "mean" : 14402829.907203,
          "stddev" : 2010943.529610,
          "percentile" : {
            "1.000000" : 12648448,
            "5.000000" : 12779520,
            "10.000000" : 12910592,
            "20.000000" : 13172736,
            "30.000000" : 13434880,
            "40.000000" : 13697024,
            "50.000000" : 13959168,
            "60.000000" : 14352384,
            "70.000000" : 14745600,
            "80.000000" : 15269888,
            "90.000000" : 15794176,
            "95.000000" : 16449536,
            "99.000000" : 27131904,
            "99.500000" : 27918336,
            "99.900000" : 28966912,
            "99.950000" : 30015488,
            "99.990000" : 30801920
          },
          "bins" : {
            "946176" : 1,
            "954368" : 1,
            "1028096" : 1,
            "1204224" : 1,
            "1384448" : 1,
            "1597440" : 1,
            "1679360" : 1,
            "1957888" : 1,
            "2310144" : 1,
            "2375680" : 1,
            "2670592" : 2,
            "2703360" : 1,
            "2736128" : 1,
            "2965504" : 1,
            "3293184" : 1,
            "3358720" : 1,
            "3391488" : 1,
            "3588096" : 1,
            "3653632" : 1,
            "3686400" : 1,
            "3948544" : 1,
            "4014080" : 1,
            "4046848" : 1,
            "4292608" : 1,
            "4358144" : 1,
            "4620288" : 1,
            "4685824" : 2,
            "4947968" : 1,
            "5144576" : 1,
            "5275648" : 1,
            "5341184" : 1,
            "5537792" : 1,
            "5668864" : 2,
            "5865472" : 1,
            "5996544" : 1,
            "6062080" : 1,
            "6193152" : 1,
            "6389760" : 2,
            "6520832" : 1,
            "6717440" : 1,
            "6782976" : 1,
            "6848512" : 1,
            "7045120" : 1,
            "7110656" : 1,
            "7372800" : 1,
            "7438336" : 1,
            "7700480" : 1,
            "7766016" : 1,
            "7897088" : 1,
            "8159232" : 1,
            "8290304" : 1,
            "8454144" : 1,
            "8585216" : 1,
            "8847360" : 1,
            "8978432" : 1,
            "9371648" : 1,
            "9633792" : 2,
            "9895936" : 2,
            "10289152" : 3,
            "10682368" : 3,
            "10944512" : 1,
            "11075584" : 1,
            "11468800" : 3,
            "11599872" : 7,
            "11730944" : 34,
            "11862016" : 80,
            "11993088" : 120,
            "12124160" : 199,
            "12255232" : 728,
            "12386304" : 2600,
            "12517376" : 10607,
            "12648448" : 33314,
            "12779520" : 67905,
            "12910592" : 93763,
            "13041664" : 104462,
            "13172736" : 107961,
            "13303808" : 105767,
            "13434880" : 99248,
            "13565952" : 90608,
            "13697024" : 85956,
            "13828096" : 86006,
            "13959168" : 89866,
            "14090240" : 91993,
            "14221312" : 87313,
            "14352384" : 74846,
            "14483456" : 64142,
            "14614528" : 58588,
            "14745600" : 55015,
            "14876672" : 48875,
            "15007744" : 40260,
            "15138816" : 37688,
            "15269888" : 42901,
            "15400960" : 50700,
            "15532032" : 54874,
            "15663104" : 51344,
            "15794176" : 40466,
            "15925248" : 29013,
            "16056320" : 20392,
            "16187392" : 14822,
            "16318464" : 10289,
            "16449536" : 8720,
            "16580608" : 10207,
            "16711680" : 12987,
            "16908288" : 21733,
            "17170432" : 9322,
            "17432576" : 3134,
            "17694720" : 933,
            "17956864" : 300,
            "18219008" : 77,
            "18481152" : 123,
            "18743296" : 355,
            "19005440" : 469,
            "19267584" : 270,
            "19529728" : 66,
            "19791872" : 28,
            "20054016" : 9,
            "20316160" : 19,
            "20578304" : 17,
            "20840448" : 18,
            "21102592" : 11,
            "21364736" : 8,
            "21626880" : 5,
            "21889024" : 17,
            "22151168" : 10,
            "22413312" : 15,
            "22675456" : 14,
            "22937600" : 11,
            "23199744" : 11,
            "23461888" : 10,
            "23724032" : 7,
            "23986176" : 24,
            "24248320" : 17,
            "24510464" : 21,
            "24772608" : 17,
            "25034752" : 7,
            "25296896" : 34,
            "25559040" : 71,
            "25821184" : 235,
            "26083328" : 586,
            "26345472" : 1733,
            "26607616" : 3697,
            "26869760" : 4725,
            "27131904" : 3459,
            "27394048" : 2518,
            "27656192" : 2328,
            "27918336" : 2987,
            "28180480" : 3237,
            "28442624" : 2053,
            "28704768" : 1388,
            "28966912" : 948,
            "29229056" : 351,
            "29491200" : 146,
            "29753344" : 220,
            "30015488" : 368,
            "30277632" : 327,
            "30539776" : 189,
            "30801920" : 62,
            "31064064" : 30,
            "31326208" : 15,
            "31588352" : 34,