{
  "fio version" : "fio-3.17",
  "timestamp" : 1579707226,
  "timestamp_ms" : 1579707226930,
  "time" : "Wed Jan 22 07:33:46 2020",
  "jobs" : [
    {
      "jobname" : "wipc",
      "groupid" : 0,
      "error" : 0,
      "eta" : 0,
      "elapsed" : 898,
      "job options" : {
        "ioengine" : "libaio",
        "group_reporting" : "1",
        "direct" : "1",
        "rw" : "write",
        "bssplit" : "128KB",
        "numjobs" : "1",
        "iodepth" : "32",
        "size" : "75%",
        "io_size" : "256071352320B",
        "filename" : "/dev/sdd"
      },
      "read" : {
        "io_bytes" : 0,
        "io_kbytes" : 0,
        "bw_bytes" : 0,
        "bw" : 0,
        "iops" : 0.000000,
        "runtime" : 0,
        "total_ios" : 0,
        "short_ios" : 0,
        "drop_ios" : 0,
        "slat_ns" : {
          "min" : 0,
          "max" : 0,
          "mean" : 0.000000,
          "stddev" : 0.000000
        },
        "clat_ns" : {
          "min" : 0,
          "max" : 0,
          "mean" : 0.000000,
          "stddev" : 0.000000,
          "percentile" : {
            "1.000000" : 0,
            "5.000000" : 0,
            "10.000000" : 0,
            "20.000000" : 0,
            "30.000000" : 0,
            "40.000000" : 0,
            "50.000000" : 0,
            "60.000000" : 0,
            "70.000000" : 0,
            "80.000000" : 0,
            "90.000000" : 0,
            "95.000000" : 0,
            "99.000000" : 0,
            "99.500000" : 0,
            "99.900000" : 0,
            "99.950000" : 0,
            "99.990000" : 0
          },
          "bins" : {

          }
        },
        "lat_ns" : {
          "min" : 0,
          "max" : 0,
          "mean" : 0.000000,
          "stddev" : 0.000000
        },
        "bw_min" : 0,
        "bw_max" : 0,
        "bw_agg" : 0.000000,
        "bw_mean" : 0.000000,
        "bw_dev" : 0.000000,
        "bw_samples" : 0,
        "iops_min" : 0,
        "iops_max" : 0,
        "iops_mean" : 0.000000,
        "iops_stddev" : 0.000000,
        "iops_samples" : 0
      },
      "write" : {
        "io_bytes" : 256071434240,
        "io_kbytes" : 250069760,
        "bw_bytes" : 285372958,
        "bw" : 278684,
        "iops" : 2177.222892,
        "runtime" : 897322,
        "total_ios" : 1953670,
        "short_ios" : 0,
        "drop_ios" : 0,
        "slat_ns" : {
          "min" : 7512,
          "max" : 518406,
          "mean" : 31453.248790,
          "stddev" : 10876.409725
        },
        "clat_ns" : {
          "min" : 1035135,
          "max" : 44555237,
          "mean" : 14660004.158077,
          "stddev" : 2002984.378034,
          "percentile" : {
            "1.000000" : 12910592,
            "5.000000" : 13041664,
            "10.000000" : 13303808,
            "20.000000" : 13434880,
            "30.000000" : 13697024,
            "40.000000" : 13959168,
            "50.000000" : 14221312,
            "60.000000" : 14483456,
            "70.000000" : 14876672,
            "80.000000" : 15532032,
            "90.000000" : 16056320,
            "95.000000" : 16908288,
            "99.000000" : 27131904,
            "99.500000" : 27918336,
            "99.900000" : 29229056,
            "99.950000" : 29753344,
            "99.990000" : 31326208
          },
          "bins" : {
            "1036288" : 1,
            "1044480" : 1,
            "1089536" : 1,
            "1433600" : 1,
            "1449984" : 1,
            "1597440" : 2,
            "1630208" : 1,
            "1957888" : 1,
            "2146304" : 1,
            "2277376" : 1,
            "2441216" : 1,
            "2572288" : 1,
            "2670592" : 1,
            "2867200" : 1,
            "2899968" : 1,
            "2965504" : 1,
            "3227648" : 1,
            "3260416" : 1,
            "3293184" : 1,
            "3588096" : 2,
            "3620864" : 1,
            "3915776" : 2,
            "3981312" : 1,
            "4292608" : 2,
            "4358144" : 1,
            "4620288" : 3,
            "4685824" : 1,
            "5013504" : 3,
            "5275648" : 1,
            "5341184" : 1,
            "5406720" : 1,
            "5668864" : 1,
            "5734400" : 2,
            "5931008" : 1,
            "6127616" : 1,
            "6193152" : 1,
            "6324224" : 1,
            "6586368" : 2,
            "6651904" : 1,
            "6914048" : 1,
            "7241728" : 1,
            "7372800" : 1,
            "7634944" : 1,
            "8028160" : 1,
            "8290304" : 2,
            "8585216" : 1,
            "8716288" : 1,
            "8978432" : 1,
            "9240576" : 1,
            "9502720" : 1,
            "9633792" : 2,
            "9764864" : 1,
            "9895936" : 1,
            "10027008" : 1,
            "10158080" : 1,
            "10289152" : 2,
            "10420224" : 1,
            "10682368" : 2,
            "10813440" : 1,
            "10944512" : 3,
            "11075584" : 3,
            "11337728" : 20,
            "11468800" : 71,
            "11599872" : 119,
            "11730944" : 137,
            "11862016" : 163,
            "11993088" : 197,
            "12124160" : 271,
            "12255232" : 460,
            "12386304" : 749,
            "12517376" : 1480,
            "12648448" : 3724,
            "12779520" : 10808,
            "12910592" : 28139,
            "13041664" : 58934,
            "13172736" : 89455,
            "13303808" : 102288,
            "13434880" : 108350,
            "13565952" : 105381,
            "13697024" : 103243,
            "13828096" : 101787,
            "13959168" : 102421,
            "14090240" : 99197,
            "14221312" : 95284,
            "14352384" : 89433,
            "14483456" : 78864,
            "14614528" : 68824,
            "14745600" : 62701,
            "14876672" : 59357,
            "15007744" : 52739,
            "15138816" : 43615,
            "15269888" : 38481,
            "15400960" : 39018,
            "15532032" : 47147,
            "15663104" : 50814,
            "15794176" : 48699,
            "15925248" : 43064,
            "16056320" : 32465,
            "16187392" : 23908,
            "16318464" : 19944,
            "16449536" : 16317,
            "16580608" : 13015,
            "16711680" : 11327,
            "16908288" : 23352,
            "17170432" : 23186,
            "17432576" : 13515,
            "17694720" : 5218,
            "17956864" : 1654,
            "18219008" : 589,
            "18481152" : 182,
            "18743296" : 109,
            "19005440" : 230,
            "19267584" : 389,
            "19529728" : 389,
            "19791872" : 249,
            "20054016" : 74,
            "20316160" : 23,
            "20578304" : 8,
            "20840448" : 21,
            "21102592" : 12,
            "21364736" : 6,
            "21626880" : 1,
            "21889024" : 2,
            "22151168" : 6,
            "22413312" : 1,
            "22675456" : 1,
            "22937600" : 10,
            "23199744" : 2,
            "23461888" : 5,
            "23724032" : 17,
            "23986176" : 3,
            "24248320" : 24,
            "24510464" : 17,
            "24772608" : 10,
            "25034752" : 20,
            "25296896" : 22,
            "25559040" : 25,
            "25821184" : 56,
            "26083328" : 223,
            "26345472" : 582,
            "26607616" : 2455,
            "26869760" : 4869,
            "27131904" : 5034,
            "27394048" : 3759,
            "27656192" : 3043,
            "27918336" : 2343,
            "28180480" : 2049,
            "28442624" : 1764,
            "28704768" : 1552,
            "28966912" : 1463,
            "29229056" : 877,
            "29491200" : 459,
            "29753344" : 311,
            "30015488" : 203,
            "30277632" : 199,
            "30539776" : 144,
            "30801920" : 132,
            "31064064" : 85,
            "31326208" : 33,