{
  "fio version" : "fio-3.17",
  "timestamp" : 1581923937,
  "timestamp_ms" : 1581923937253,
  "time" : "Sun Feb 16 23:18:57 2020",
  "jobs" : [
    {
      "jobname" : "wipc",
      "groupid" : 0,
      "error" : 0,
      "eta" : 0,
      "elapsed" : 886,
      "job options" : {
        "ioengine" : "libaio",
        "group_reporting" : "1",
        "direct" : "1",
        "rw" : "write",
        "bssplit" : "128KB",
        "numjobs" : "1",
        "iodepth" : "32",
        "size" : "75%",
        "io_size" : "256071352320B",
        "filename" : "/dev/sdc"
      },
      "read" : {
        "io_bytes" : 0,
        "io_kbytes" : 0,
        "bw_bytes" : 0,
        "bw" : 0,
        "iops" : 0.000000,
        "runtime" : 0,
        "total_ios" : 0,
        "short_ios" : 0,
        "drop_ios" : 0,
        "slat_ns" : {
          "min" : 0,
          "max" : 0,
          "mean" : 0.000000,
          "stddev" : 0.000000
        },
        "clat_ns" : {
          "min" : 0,
          "max" : 0,
          "mean" : 0.000000,
          "stddev" : 0.000000,
          "percentile" : {
            "1.000000" : 0,
            "5.000000" : 0,
            "10.000000" : 0,
            "20.000000" : 0,
            "30.000000" : 0,
            "40.000000" : 0,
            "50.000000" : 0,
            "60.000000" : 0,
            "70.000000" : 0,
            "80.000000" : 0,
            "90.000000" : 0,
            "95.000000" : 0,
            "99.000000" : 0,
            "99.500000" : 0,
            "99.900000" : 0,
            "99.950000" : 0,
            "99.990000" : 0
          },
          "bins" : {

          }
        },
        "lat_ns" : {
          "min" : 0,
          "max" : 0,
          "mean" : 0.000000,
          "stddev" : 0.000000
        },
        "bw_min" : 0,
        "bw_max" : 0,
        "bw_agg" : 0.000000,
        "bw_mean" : 0.000000,
        "bw_dev" : 0.000000,
        "bw_samples" : 0,
        "iops_min" : 0,
        "iops_max" : 0,
        "iops_mean" : 0.000000,
        "iops_stddev" : 0.000000,
        "iops_samples" : 0
      },
      "write" : {
        "io_bytes" : 256071434240,
        "io_kbytes" : 250069760,
        "bw_bytes" : 289396611,
        "bw" : 282613,
        "iops" : 2207.920926,
        "runtime" : 884846,
        "total_ios" : 1953670,
        "short_ios" : 0,
        "drop_ios" : 0,
        "slat_ns" : {
          "min" : 5242,
          "max" : 756894,
          "mean" : 31403.051670,
          "stddev" : 11134.952708
        },
        "clat_ns" : {
          "min" : 674649,
          "max" : 42809799,
          "mean" : 14455800.429714,
          "stddev" : 1986667.322238,
          "percentile" : {
            "1.000000" : 12648448,
            "5.000000" : 12910592,
            "10.000000" : 13041664,
            "20.000000" : 13303808,
            "30.000000" : 13565952,
            "40.000000" : 13828096,
            "50.000000" : 14090240,
            "60.000000" : 14352384,
            "70.000000" : 14745600,
            "80.000000" : 15269888,
            "90.000000" : 15794176,
            "95.000000" : 16449536,
            "99.000000" : 26869760,
            "99.500000" : 27656192,
            "99.900000" : 28966912,
            "99.950000" : 30015488,
            "99.990000" : 30801920
          },
          "bins" : {
            "675840" : 1,
            "995328" : 1,
            "1044480" : 1,
            "1056768" : 1,
            "1204224" : 1,
            "1335296" : 1,
            "1384448" : 1,
            "1613824" : 1,
            "1646592" : 1,
            "1957888" : 1,
            "1990656" : 1,
            "2056192" : 1,
            "2310144" : 1,
            "2408448" : 1,
            "2637824" : 1,
            "2736128" : 1,
            "2768896" : 1,
            "3031040" : 1,
            "3063808" : 1,
            "3096576" : 1,
            "3325952" : 1,
            "3457024" : 1,
            "3522560" : 1,
            "3620864" : 1,
            "3751936" : 1,
            "3817472" : 1,
            "3883008" : 1,
            "3948544" : 1,
            "4046848" : 1,
            "4177920" : 1,
            "4227072" : 1,
            "4292608" : 1,
            "4423680" : 1,
            "4489216" : 1,
            "4554752" : 1,
            "4620288" : 1,
            "4751360" : 1,
            "4882432" : 2,
            "4947968" : 1,
            "5144576" : 1,
            "5210112" : 2,
            "5472256" : 1,
            "5537792" : 1,
            "5603328" : 1,
            "5734400" : 1,
            "5799936" : 2,
            "5865472" : 1,
            "5931008" : 2,
            "6193152" : 2,
            "6258688" : 2,
            "6520832" : 2,
            "6586368" : 1,
            "6651904" : 1,
            "6979584" : 1,
            "7176192" : 1,
            "7307264" : 1,
            "7569408" : 1,
            "7700480" : 1,
            "7766016" : 1,
            "7831552" : 1,
            "8028160" : 1,
            "8093696" : 1,
            "8159232" : 1,
            "8355840" : 1,
            "8454144" : 2,
            "8847360" : 1,
            "8978432" : 1,
            "9109504" : 1,
            "9240576" : 2,
            "9371648" : 2,
            "9502720" : 2,
            "9633792" : 2,
            "9764864" : 1,
            "9895936" : 2,
            "10027008" : 1,
            "10158080" : 4,
            "10289152" : 3,
            "10420224" : 1,
            "10551296" : 2,
            "10682368" : 5,
            "10813440" : 5,
            "10944512" : 8,
            "11075584" : 5,
            "11206656" : 9,
            "11337728" : 14,
            "11468800" : 3,
            "11599872" : 39,
            "11730944" : 90,
            "11862016" : 116,
            "11993088" : 163,
            "12124160" : 342,
            "12255232" : 702,
            "12386304" : 1905,
            "12517376" : 6289,
            "12648448" : 18684,
            "12779520" : 44292,
            "12910592" : 77583,
            "13041664" : 100448,
            "13172736" : 110091,
            "13303808" : 105616,
            "13434880" : 100548,
            "13565952" : 97588,
            "13697024" : 99413,
            "13828096" : 97469,
            "13959168" : 92580,
            "14090240" : 89855,
            "14221312" : 84791,
            "14352384" : 76693,
            "14483456" : 68578,
            "14614528" : 63333,
            "14745600" : 58729,
            "14876672" : 50470,
            "15007744" : 42479,
            "15138816" : 38739,
            "15269888" : 42215,
            "15400960" : 48860,
            "15532032" : 53912,
            "15663104" : 50724,
            "15794176" : 42039,
            "15925248" : 30217,
            "16056320" : 22475,
            "16187392" : 16943,
            "16318464" : 12743,
            "16449536" : 10624,
            "16580608" : 10241,
            "16711680" : 10784,
            "16908288" : 21193,
            "17170432" : 12811,
            "17432576" : 4596,
            "17694720" : 1499,
            "17956864" : 475,
            "18219008" : 172,
            "18481152" : 139,
            "18743296" : 296,
            "19005440" : 358,
            "19267584" : 321,
            "19529728" : 150,
            "19791872" : 33,
            "20054016" : 7,
            "20316160" : 6,
            "20578304" : 5,
            "20840448" : 3,
            "21102592" : 4,
            "21364736" : 30,
            "21626880" : 3,
            "21889024" : 12,
            "22151168" : 4,
            "22413312" : 18,
            "22675456" : 3,
            "22937600" : 9,
            "23199744" : 10,
            "23461888" : 9,
            "23724032" : 13,
            "23986176" : 22,
            "24248320" : 36,
            "24510464" : 13,
            "24772608" : 4,
            "25034752" : 5,
            "25296896" : 10,
            "25559040" : 48,
            "25821184" : 148,
            "26083328" : 597,