{
  "fio version" : "fio-3.17",
  "timestamp" : 1579178488,
  "timestamp_ms" : 1579178488018,
  "time" : "Thu Jan 16 04:41:28 2020",
  "jobs" : [
    {
      "jobname" : "wipc",
      "groupid" : 0,
      "error" : 0,
      "eta" : 0,
      "elapsed" : 884,
      "job options" : {
        "ioengine" : "libaio",
        "group_reporting" : "1",
        "direct" : "1",
        "rw" : "write",
        "bssplit" : "128KB",
        "numjobs" : "1",
        "iodepth" : "32",
        "size" : "75%",
        "io_size" : "256071352320B",
        "filename" : "/dev/sda"
      },
      "read" : {
        "io_bytes" : 0,
        "io_kbytes" : 0,
        "bw_bytes" : 0,
        "bw" : 0,
        "iops" : 0.000000,
        "runtime" : 0,
        "total_ios" : 0,
        "short_ios" : 0,
        "drop_ios" : 0,
        "slat_ns" : {
          "min" : 0,
          "max" : 0,
          "mean" : 0.000000,
          "stddev" : 0.000000
        },
        "clat_ns" : {
          "min" : 0,
          "max" : 0,
          "mean" : 0.000000,
          "stddev" : 0.000000,
          "percentile" : {
            "1.000000" : 0,
            "5.000000" : 0,
            "10.000000" : 0,
            "20.000000" : 0,
            "30.000000" : 0,
            "40.000000" : 0,
            "50.000000" : 0,
            "60.000000" : 0,
            "70.000000" : 0,
            "80.000000" : 0,
            "90.000000" : 0,
            "95.000000" : 0,
            "99.000000" : 0,
            "99.500000" : 0,
            "99.900000" : 0,
            "99.950000" : 0,
            "99.990000" : 0
          },
          "bins" : {

          }
        },
        "lat_ns" : {
          "min" : 0,
          "max" : 0,
          "mean" : 0.000000,
          "stddev" : 0.000000
        },
        "bw_min" : 0,
        "bw_max" : 0,
        "bw_agg" : 0.000000,
        "bw_mean" : 0.000000,
        "bw_dev" : 0.000000,
        "bw_samples" : 0,
        "iops_min" : 0,
        "iops_max" : 0,
        "iops_mean" : 0.000000,
        "iops_stddev" : 0.000000,
        "iops_samples" : 0
      },
      "write" : {
        "io_bytes" : 256071434240,
        "io_kbytes" : 250069760,
        "bw_bytes" : 290015747,
        "bw" : 283218,
        "iops" : 2212.644557,
        "runtime" : 882957,
        "total_ios" : 1953670,
        "short_ios" : 0,
        "drop_ios" : 0,
        "slat_ns" : {
          "min" : 7393,
          "max" : 560090,
          "mean" : 33017.232209,
          "stddev" : 11556.775269
        },
        "clat_ns" : {
          "min" : 946797,
          "max" : 43691112,
          "mean" : 14422926.785404,
          "stddev" : 2010490.777738,
          "percentile" : {
            "1.000000" : 12648448,
            "5.000000" : 12779520,
            "10.000000" : 13041664,
            "20.000000" : 13172736,
            "30.000000" : 13434880,
            "40.000000" : 13697024,
            "50.000000" : 14090240,
            "60.000000" : 14352384,
            "70.000000" : 14745600,
            "80.000000" : 15269888,
            "90.000000" : 15794176,
            "95.000000" : 16449536,
            "99.000000" : 27131904,
            "99.500000" : 27918336,
            "99.900000" : 29229056,
            "99.950000" : 30015488,
            "99.990000" : 31326208
          },
          "bins" : {
            "946176" : 1,
            "1036288" : 1,
            "1089536" : 1,
            "1105920" : 1,
            "1302528" : 1,
            "1384448" : 1,
            "1400832" : 1,
            "1777664" : 1,
            "2039808" : 1,
            "2088960" : 1,
            "2408448" : 1,
            "2441216" : 1,
            "2473984" : 1,
            "2768896" : 1,
            "2801664" : 2,
            "3096576" : 1,
            "3129344" : 1,
            "3162112" : 1,
            "3489792" : 2,
            "3588096" : 1,
            "3751936" : 1,
            "3817472" : 1,
            "3883008" : 1,
            "4145152" : 1,
            "4177920" : 1,
            "4227072" : 1,
            "4489216" : 1,
            "4554752" : 2,
            "4882432" : 1,
            "4947968" : 1,
            "5013504" : 1,
            "5210112" : 1,
            "5275648" : 1,
            "5341184" : 1,
            "5603328" : 2,
            "5668864" : 1,
            "5931008" : 2,
            "6062080" : 1,
            "6258688" : 2,
            "6389760" : 1,
            "6717440" : 1,
            "6848512" : 1,
            "7045120" : 1,
            "7176192" : 1,
            "7438336" : 1,
            "7503872" : 2,
            "7766016" : 1,
            "7897088" : 1,
            "8093696" : 1,
            "8159232" : 1,
            "8454144" : 1,
            "8585216" : 1,
            "8847360" : 1,
            "9240576" : 1,
            "9371648" : 2,
            "9502720" : 1,
            "9633792" : 2,
            "9764864" : 1,
            "9895936" : 1,
            "10027008" : 1,
            "10158080" : 3,
            "10289152" : 2,
            "10420224" : 4,
            "10551296" : 4,
            "10682368" : 4,
            "10813440" : 5,
            "10944512" : 5,
            "11075584" : 8,
            "11206656" : 5,
            "11337728" : 10,
            "11468800" : 10,
            "11599872" : 34,
            "11730944" : 55,
            "11862016" : 118,
            "11993088" : 200,
            "12124160" : 362,
            "12255232" : 889,
            "12386304" : 2869,
            "12517376" : 9756,
            "12648448" : 26926,
            "12779520" : 56981,
            "12910592" : 85951,
            "13041664" : 103401,
            "13172736" : 108811,
            "13303808" : 108364,
            "13434880" : 101396,
            "13565952" : 95354,
            "13697024" : 90910,
            "13828096" : 89717,
            "13959168" : 90441,
            "14090240" : 89396,
            "14221312" : 83448,
            "14352384" : 72783,
            "14483456" : 65253,
            "14614528" : 62030,
            "14745600" : 58032,
            "14876672" : 51112,
            "15007744" : 43240,
            "15138816" : 38989,
            "15269888" : 42882,
            "15400960" : 50406,
            "15532032" : 53576,
            "15663104" : 49493,
            "15794176" : 39909,
            "15925248" : 29113,
            "16056320" : 21762,
            "16187392" : 16404,
            "16318464" : 12214,
            "16449536" : 10028,
            "16580608" : 10338,
            "16711680" : 11068,
            "16908288" : 20207,
            "17170432" : 10818,
            "17432576" : 3612,
            "17694720" : 1113,
            "17956864" : 322,
            "18219008" : 116,
            "18481152" : 132,
            "18743296" : 310,
            "19005440" : 375,
            "19267584" : 263,
            "19529728" : 69,
            "19791872" : 8,
            "20054016" : 3,
            "20316160" : 3,
            "20578304" : 5,
            "20840448" : 24,
            "21102592" : 25,
            "21364736" : 22,
            "21626880" : 15,
            "21889024" : 9,
            "22151168" : 7,
            "22413312" : 3,
            "22675456" : 5,
            "22937600" : 3,
            "23199744" : 8,
            "23461888" : 2,
            "23724032" : 3,
            "23986176" : 2,
            "24248320" : 6,
            "24510464" : 27,
            "24772608" : 26,
            "25034752" : 160,
            "25296896" : 151,
            "25559040" : 67,
            "25821184" : 61,
            "26083328" : 186,
            "26345472" : 717,
            "26607616" : 4261,
            "26869760" : 6088,
            "27131904" : 3958,
            "27394048" : 2903,
            "27656192" : 2644,
            "27918336" : 2170,
            "28180480" : 1833,
            "28442624" : 1818,
            "28704768" : 1630,
            "28966912" : 1005,
            "29229056" : 550,
            "29491200" : 315,