{
  "fio version" : "fio-3.17",
  "timestamp" : 1579537199,
  "timestamp_ms" : 1579537199523,
  "time" : "Mon Jan 20 08:19:59 2020",
  "jobs" : [
    {
      "jobname" : "wipc",
      "groupid" : 0,
      "error" : 0,
      "eta" : 0,
      "elapsed" : 891,
      "job options" : {
        "ioengine" : "libaio",
        "group_reporting" : "1",
        "direct" : "1",
        "rw" : "write",
        "bssplit" : "128KB",
        "numjobs" : "1",
        "iodepth" : "32",
        "size" : "75%",
        "io_size" : "256071352320B",
        "filename" : "/dev/sdc"
      },
      "read" : {
        "io_bytes" : 0,
        "io_kbytes" : 0,
        "bw_bytes" : 0,
        "bw" : 0,
        "iops" : 0.000000,
        "runtime" : 0,
        "total_ios" : 0,
        "short_ios" : 0,
        "drop_ios" : 0,
        "slat_ns" : {
          "min" : 0,
          "max" : 0,
          "mean" : 0.000000,
          "stddev" : 0.000000
        },
        "clat_ns" : {
          "min" : 0,
          "max" : 0,
          "mean" : 0.000000,
          "stddev" : 0.000000,
          "percentile" : {
            "1.000000" : 0,
            "5.000000" : 0,
            "10.000000" : 0,
            "20.000000" : 0,
            "30.000000" : 0,
            "40.000000" : 0,
            "50.000000" : 0,
            "60.000000" : 0,
            "70.000000" : 0,
            "80.000000" : 0,
            "90.000000" : 0,
            "95.000000" : 0,
            "99.000000" : 0,
            "99.500000" : 0,
            "99.900000" : 0,
            "99.950000" : 0,
            "99.990000" : 0
          },
          "bins" : {

          }
        },
        "lat_ns" : {
          "min" : 0,
          "max" : 0,
          "mean" : 0.000000,
          "stddev" : 0.000000
        },
        "bw_min" : 0,
        "bw_max" : 0,
        "bw_agg" : 0.000000,
        "bw_mean" : 0.000000,
        "bw_dev" : 0.000000,
        "bw_samples" : 0,
        "iops_min" : 0,
        "iops_max" : 0,
        "iops_mean" : 0.000000,
        "iops_stddev" : 0.000000,
        "iops_samples" : 0
      },
      "write" : {
        "io_bytes" : 256071434240,
        "io_kbytes" : 250069760,
        "bw_bytes" : 287666411,
        "bw" : 280924,
        "iops" : 2194.720547,
        "runtime" : 890168,
        "total_ios" : 1953670,
        "short_ios" : 0,
        "drop_ios" : 0,
        "slat_ns" : {
          "min" : 8932,
          "max" : 741704,
          "mean" : 33289.692353,
          "stddev" : 10831.856714
        },
        "clat_ns" : {
          "min" : 1053126,
          "max" : 44129137,
          "mean" : 14540729.032854,
          "stddev" : 1999699.069841,
          "percentile" : {
            "1.000000" : 12779520,
            "5.000000" : 12910592,
            "10.000000" : 13172736,
            "20.000000" : 13303808,
            "30.000000" : 13565952,
            "40.000000" : 13828096,
            "50.000000" : 14090240,
            "60.000000" : 14483456,
            "70.000000" : 14876672,
            "80.000000" : 15400960,
            "90.000000" : 15925248,
            "95.000000" : 16711680,
            "99.000000" : 27131904,
            "99.500000" : 27918336,
            "99.900000" : 29229056,
            "99.950000" : 30015488,
            "99.990000" : 32112640
          },
          "bins" : {
            "1056768" : 1,
            "1073152" : 1,
            "1089536" : 1,
            "1138688" : 1,
            "1286144" : 1,
            "1368064" : 1,
            "1449984" : 1,
            "1744896" : 1,
            "1810432" : 1,
            "2039808" : 1,
            "2056192" : 1,
            "2113536" : 1,
            "2408448" : 1,
            "2441216" : 2,
            "2670592" : 1,
            "2768896" : 1,
            "2834432" : 1,
            "3129344" : 1,
            "3227648" : 1,
            "3325952" : 1,
            "3588096" : 2,
            "3850240" : 1,
            "3883008" : 1,
            "3915776" : 1,
            "3981312" : 1,
            "4177920" : 1,
            "4227072" : 1,
            "4292608" : 1,
            "4620288" : 2,
            "4816896" : 2,
            "5013504" : 1,
            "5144576" : 1,
            "5275648" : 1,
            "5406720" : 1,
            "5537792" : 1,
            "5668864" : 1,
            "5931008" : 2,
            "6062080" : 1,
            "6193152" : 2,
            "6324224" : 1,
            "6586368" : 2,
            "6717440" : 1,
            "6848512" : 1,
            "6979584" : 2,
            "7241728" : 1,
            "7372800" : 1,
            "7634944" : 1,
            "7700480" : 1,
            "7766016" : 1,
            "7897088" : 1,
            "8028160" : 2,
            "8224768" : 1,
            "8355840" : 1,
            "8454144" : 1,
            "8585216" : 1,
            "8847360" : 2,
            "9109504" : 1,
            "9240576" : 1,
            "9371648" : 1,
            "9502720" : 1,
            "9633792" : 2,
            "9764864" : 1,
            "9895936" : 1,
            "10027008" : 2,
            "10158080" : 2,
            "10289152" : 2,
            "10551296" : 4,
            "10682368" : 4,
            "10813440" : 4,
            "10944512" : 4,
            "11075584" : 5,
            "11206656" : 23,
            "11337728" : 54,
            "11468800" : 100,
            "11599872" : 111,
            "11730944" : 133,
            "11862016" : 139,
            "11993088" : 232,
            "12124160" : 372,
            "12255232" : 588,
            "12386304" : 1024,
            "12517376" : 2884,
            "12648448" : 9973,
            "12779520" : 27219,
            "12910592" : 56237,
            "13041664" : 86377,
            "13172736" : 103450,
            "13303808" : 111212,
            "13434880" : 107929,
            "13565952" : 101428,
            "13697024" : 98232,
            "13828096" : 100811,
            "13959168" : 99362,
            "14090240" : 95520,
            "14221312" : 86600,
            "14352384" : 77140,
            "14483456" : 69858,
            "14614528" : 65573,
            "14745600" : 60936,
            "14876672" : 52492,
            "15007744" : 44490,
            "15138816" : 39492,
            "15269888" : 40918,
            "15400960" : 46901,
            "15532032" : 50302,
            "15663104" : 48558,
            "15794176" : 42868,
            "15925248" : 35241,
            "16056320" : 27442,
            "16187392" : 20335,
            "16318464" : 15887,
            "16449536" : 12827,
            "16580608" : 11537,
            "16711680" : 12093,
            "16908288" : 24811,
            "17170432" : 17701,
            "17432576" : 8490,
            "17694720" : 2957,
            "17956864" : 933,
            "18219008" : 335,
            "18481152" : 120,
            "18743296" : 145,
            "19005440" : 398,
            "19267584" : 405,
            "19529728" : 279,
            "19791872" : 131,
            "20054016" : 38,
            "20316160" : 25,
            "20578304" : 5,
            "20840448" : 4,
            "21102592" : 5,
            "21364736" : 1,
            "21626880" : 1,
            "21889024" : 2,
            "22151168" : 5,
            "22413312" : 7,
            "22675456" : 6,
            "22937600" : 2,
            "23199744" : 2,
            "23461888" : 2,
            "23724032" : 1,
            "23986176" : 1,
            "24248320" : 15,
            "24510464" : 15,
            "24772608" : 16,
            "25034752" : 20,
            "25296896" : 15,
            "25559040" : 15,
            "25821184" : 93,
            "26083328" : 252,
            "26345472" : 1155,
            "26607616" : 4386,
            "26869760" : 5178,
            "27131904" : 4144,
            "27394048" : 3227,
            "27656192" : 2900,
            "27918336" : 2638,
            "28180480" : 1996,
            "28442624" : 1536,
            "28704768" : 1219,