{
  "fio version" : "fio-3.17",
  "timestamp" : 1579542683,
  "timestamp_ms" : 1579542683132,
  "time" : "Mon Jan 20 09:51:23 2020",
  "jobs" : [
    {
      "jobname" : "wipc",
      "groupid" : 0,
      "error" : 0,
      "eta" : 0,
      "elapsed" : 891,
      "job options" : {
        "ioengine" : "libaio",
        "group_reporting" : "1",
        "direct" : "1",
        "rw" : "write",
        "bssplit" : "128KB",
        "numjobs" : "1",
        "iodepth" : "32",
        "size" : "75%",
        "io_size" : "256071352320B",
        "filename" : "/dev/sdc"
      },
      "read" : {
        "io_bytes" : 0,
        "io_kbytes" : 0,
        "bw_bytes" : 0,
        "bw" : 0,
        "iops" : 0.000000,
        "runtime" : 0,
        "total_ios" : 0,
        "short_ios" : 0,
        "drop_ios" : 0,
        "slat_ns" : {
          "min" : 0,
          "max" : 0,
          "mean" : 0.000000,
          "stddev" : 0.000000
        },
        "clat_ns" : {
          "min" : 0,
          "max" : 0,
          "mean" : 0.000000,
          "stddev" : 0.000000,
          "percentile" : {
            "1.000000" : 0,
            "5.000000" : 0,
            "10.000000" : 0,
            "20.000000" : 0,
            "30.000000" : 0,
            "40.000000" : 0,
            "50.000000" : 0,
            "60.000000" : 0,
            "70.000000" : 0,
            "80.000000" : 0,
            "90.000000" : 0,
            "95.000000" : 0,
            "99.000000" : 0,
            "99.500000" : 0,
            "99.900000" : 0,
            "99.950000" : 0,
            "99.990000" : 0
          },
          "bins" : {

          }
        },
        "lat_ns" : {
          "min" : 0,
          "max" : 0,
          "mean" : 0.000000,
          "stddev" : 0.000000
        },
        "bw_min" : 0,
        "bw_max" : 0,
        "bw_agg" : 0.000000,
        "bw_mean" : 0.000000,
        "bw_dev" : 0.000000,
        "bw_samples" : 0,
        "iops_min" : 0,
        "iops_max" : 0,
        "iops_mean" : 0.000000,
        "iops_stddev" : 0.000000,
        "iops_samples" : 0
      },
      "write" : {
        "io_bytes" : 256071434240,
        "io_kbytes" : 250069760,
        "bw_bytes" : 287638945,
        "bw" : 280897,
        "iops" : 2194.510999,
        "runtime" : 890253,
        "total_ios" : 1953670,
        "short_ios" : 0,
        "drop_ios" : 0,
        "slat_ns" : {
          "min" : 7255,
          "max" : 736788,
          "mean" : 33030.576987,
          "stddev" : 10507.765290
        },
        "clat_ns" : {
          "min" : 1070800,
          "max" : 43935887,
          "mean" : 14542539.219074,
          "stddev" : 1980786.613488,
          "percentile" : {
            "1.000000" : 12779520,
            "5.000000" : 12910592,
            "10.000000" : 13172736,
            "20.000000" : 13303808,
            "30.000000" : 13565952,
            "40.000000" : 13828096,
            "50.000000" : 14090240,
            "60.000000" : 14483456,
            "70.000000" : 14876672,
            "80.000000" : 15400960,
            "90.000000" : 15925248,
            "95.000000" : 16711680,
            "99.000000" : 27131904,
            "99.500000" : 27656192,
            "99.900000" : 28704768,
            "99.950000" : 28966912,
            "99.990000" : 31588352
          },
          "bins" : {
            "1073152" : 2,
            "1089536" : 1,
            "1105920" : 1,
            "1220608" : 1,
            "1302528" : 1,
            "1335296" : 1,
            "1449984" : 1,
            "1597440" : 1,
            "1925120" : 1,
            "2056192" : 1,
            "2146304" : 1,
            "2277376" : 1,
            "2408448" : 2,
            "2637824" : 1,
            "2703360" : 1,
            "2834432" : 1,
            "2899968" : 1,
            "3096576" : 1,
            "3194880" : 1,
            "3489792" : 1,
            "3522560" : 1,
            "3555328" : 1,
            "3784704" : 1,
            "3817472" : 1,
            "3948544" : 1,
            "4177920" : 1,
            "4227072" : 2,
            "4423680" : 1,
            "4489216" : 1,
            "4620288" : 1,
            "4816896" : 1,
            "4882432" : 1,
            "4947968" : 1,
            "5144576" : 1,
            "5275648" : 1,
            "5472256" : 1,
            "5537792" : 2,
            "5799936" : 2,
            "5931008" : 1,
            "6127616" : 2,
            "6193152" : 1,
            "6455296" : 1,
            "6520832" : 2,
            "6782976" : 1,
            "6848512" : 1,
            "6914048" : 1,
            "7110656" : 1,
            "7241728" : 2,
            "7503872" : 1,
            "7569408" : 1,
            "7700480" : 1,
            "7766016" : 1,
            "7897088" : 1,
            "8028160" : 1,
            "8159232" : 1,
            "8290304" : 1,
            "8355840" : 1,
            "8454144" : 1,
            "8716288" : 1,
            "8847360" : 1,
            "9109504" : 3,
            "9371648" : 1,
            "9502720" : 3,
            "9633792" : 1,
            "9764864" : 3,
            "9895936" : 1,
            "10027008" : 2,
            "10158080" : 1,
            "10289152" : 5,
            "10420224" : 3,
            "10551296" : 3,
            "10682368" : 4,
            "10813440" : 2,
            "10944512" : 6,
            "11075584" : 7,
            "11206656" : 3,
            "11337728" : 6,
            "11468800" : 9,
            "11599872" : 24,
            "11730944" : 59,
            "11862016" : 100,
            "11993088" : 172,
            "12124160" : 305,
            "12255232" : 709,
            "12386304" : 1399,
            "12517376" : 3298,
            "12648448" : 10248,
            "12779520" : 27161,
            "12910592" : 56534,
            "13041664" : 83460,
            "13172736" : 102250,
            "13303808" : 109993,
            "13434880" : 108996,
            "13565952" : 101850,
            "13697024" : 97477,
            "13828096" : 100780,
            "13959168" : 97958,
            "14090240" : 94560,
            "14221312" : 85946,
            "14352384" : 77850,
            "14483456" : 70796,
            "14614528" : 66163,
            "14745600" : 61947,
            "14876672" : 54077,
            "15007744" : 45771,
            "15138816" : 39511,
            "15269888" : 39997,
            "15400960" : 46206,
            "15532032" : 50384,
            "15663104" : 49166,
            "15794176" : 44141,
            "15925248" : 35114,
            "16056320" : 27497,
            "16187392" : 20380,
            "16318464" : 16049,
            "16449536" : 13114,
            "16580608" : 11712,
            "16711680" : 12284,
            "16908288" : 24933,
            "17170432" : 17576,
            "17432576" : 8163,
            "17694720" : 2784,
            "17956864" : 955,
            "18219008" : 280,
            "18481152" : 112,
            "18743296" : 157,
            "19005440" : 379,
            "19267584" : 398,
            "19529728" : 274,
            "19791872" : 144,
            "20054016" : 37,
            "20316160" : 13,
            "20578304" : 1,
            "20840448" : 5,
            "21102592" : 2,
            "21364736" : 1,
            "22151168" : 3,
            "22413312" : 4,
            "22675456" : 5,
            "22937600" : 3,
            "23199744" : 14,
            "23461888" : 5,
            "23724032" : 25,
            "23986176" : 7,
            "24248320" : 2,
            "24510464" : 2,
            "24772608" : 35,
            "25034752" : 173,
            "25296896" : 231,
            "25559040" : 118,
            "25821184" : 165,
            "26083328" : 374,
            "26345472" : 895,
            "26607616" : 3676,
            "26869760" : 5777,
            "27131904" : 5393,
            "27394048" : 3617,
            "27656192" : 2649,
            "27918336" : 1928,
            "28180480" : 2136,
            "28442624" : 1837,