{
  "fio version" : "fio-3.17",
  "timestamp" : 1579487057,
  "timestamp_ms" : 1579487057310,
  "time" : "Sun Jan 19 18:24:17 2020",
  "jobs" : [
    {
      "jobname" : "wipc",
      "groupid" : 0,
      "error" : 0,
      "eta" : 0,
      "elapsed" : 892,
      "job options" : {
        "ioengine" : "libaio",
        "group_reporting" : "1",
        "direct" : "1",
        "rw" : "write",
        "bssplit" : "128KB",
        "numjobs" : "1",
        "iodepth" : "32",
        "size" : "75%",
        "io_size" : "256071352320B",
        "filename" : "/dev/sdc"
      },
      "read" : {
        "io_bytes" : 0,
        "io_kbytes" : 0,
        "bw_bytes" : 0,
        "bw" : 0,
        "iops" : 0.000000,
        "runtime" : 0,
        "total_ios" : 0,
        "short_ios" : 0,
        "drop_ios" : 0,
        "slat_ns" : {
          "min" : 0,
          "max" : 0,
          "mean" : 0.000000,
          "stddev" : 0.000000
        },
        "clat_ns" : {
          "min" : 0,
          "max" : 0,
          "mean" : 0.000000,
          "stddev" : 0.000000,
          "percentile" : {
            "1.000000" : 0,
            "5.000000" : 0,
            "10.000000" : 0,
            "20.000000" : 0,
            "30.000000" : 0,
            "40.000000" : 0,
            "50.000000" : 0,
            "60.000000" : 0,
            "70.000000" : 0,
            "80.000000" : 0,
            "90.000000" : 0,
            "95.000000" : 0,
            "99.000000" : 0,
            "99.500000" : 0,
            "99.900000" : 0,
            "99.950000" : 0,
            "99.990000" : 0
          },
          "bins" : {

          }
        },
        "lat_ns" : {
          "min" : 0,
          "max" : 0,
          "mean" : 0.000000,
          "stddev" : 0.000000
        },
        "bw_min" : 0,
        "bw_max" : 0,
        "bw_agg" : 0.000000,
        "bw_mean" : 0.000000,
        "bw_dev" : 0.000000,
        "bw_samples" : 0,
        "iops_min" : 0,
        "iops_max" : 0,
        "iops_mean" : 0.000000,
        "iops_stddev" : 0.000000,
        "iops_samples" : 0
      },
      "write" : {
        "io_bytes" : 256071434240,
        "io_kbytes" : 250069760,
        "bw_bytes" : 287364251,
        "bw" : 280629,
        "iops" : 2192.415251,
        "runtime" : 891104,
        "total_ios" : 1953670,
        "short_ios" : 0,
        "drop_ios" : 0,
        "slat_ns" : {
          "min" : 6732,
          "max" : 592325,
          "mean" : 33294.742359,
          "stddev" : 11020.413330
        },
        "clat_ns" : {
          "min" : 1005418,
          "max" : 43359879,
          "mean" : 14556031.843894,
          "stddev" : 1995702.706478,
          "percentile" : {
            "1.000000" : 12779520,
            "5.000000" : 13041664,
            "10.000000" : 13172736,
            "20.000000" : 13434880,
            "30.000000" : 13565952,
            "40.000000" : 13828096,
            "50.000000" : 14090240,
            "60.000000" : 14483456,
            "70.000000" : 14876672,
            "80.000000" : 15400960,
            "90.000000" : 15925248,
            "95.000000" : 16711680,
            "99.000000" : 27131904,
            "99.500000" : 27918336,
            "99.900000" : 28966912,
            "99.950000" : 29229056,
            "99.990000" : 30801920
          },
          "bins" : {
            "1003520" : 1,
            "1056768" : 1,
            "1105920" : 1,
            "1122304" : 1,
            "1220608" : 1,
            "1335296" : 1,
            "1400832" : 1,
            "1630208" : 2,
            "1908736" : 1,
            "2056192" : 1,
            "2310144" : 2,
            "2375680" : 1,
            "2605056" : 1,
            "2768896" : 1,
            "2801664" : 1,
            "2998272" : 1,
            "3063808" : 1,
            "3096576" : 1,
            "3391488" : 1,
            "3489792" : 1,
            "3620864" : 1,
            "3817472" : 2,
            "4014080" : 1,
            "4079616" : 1,
            "4177920" : 1,
            "4292608" : 1,
            "4489216" : 2,
            "4685824" : 1,
            "4947968" : 2,
            "5013504" : 1,
            "5275648" : 1,
            "5341184" : 1,
            "5537792" : 1,
            "5668864" : 2,
            "5865472" : 1,
            "5931008" : 1,
            "5996544" : 2,
            "6258688" : 1,
            "6324224" : 1,
            "6389760" : 1,
            "6455296" : 2,
            "6651904" : 1,
            "6717440" : 1,
            "6848512" : 1,
            "6979584" : 1,
            "7241728" : 1,
            "7372800" : 1,
            "7700480" : 1,
            "8028160" : 1,
            "8454144" : 1,
            "8716288" : 1,
            "8847360" : 1,
            "8978432" : 1,
            "9109504" : 2,
            "9240576" : 1,
            "9502720" : 2,
            "9633792" : 1,
            "9764864" : 2,
            "10027008" : 1,
            "10289152" : 2,
            "10551296" : 4,
            "10682368" : 1,
            "10813440" : 2,
            "10944512" : 6,
            "11075584" : 2,
            "11206656" : 7,
            "11337728" : 2,
            "11468800" : 14,
            "11599872" : 18,
            "11730944" : 53,
            "11862016" : 146,
            "11993088" : 191,
            "12124160" : 248,
            "12255232" : 569,
            "12386304" : 1148,
            "12517376" : 3231,
            "12648448" : 9900,
            "12779520" : 25102,
            "12910592" : 53892,
            "13041664" : 82111,
            "13172736" : 99699,
            "13303808" : 106422,
            "13434880" : 107709,
            "13565952" : 100890,
            "13697024" : 99190,
            "13828096" : 100607,
            "13959168" : 99235,
            "14090240" : 95295,
            "14221312" : 87527,
            "14352384" : 80433,
            "14483456" : 72919,
            "14614528" : 68375,
            "14745600" : 62837,
            "14876672" : 54464,
            "15007744" : 46350,
            "15138816" : 40614,
            "15269888" : 40639,
            "15400960" : 45508,
            "15532032" : 49132,
            "15663104" : 49069,
            "15794176" : 44012,
            "15925248" : 35809,
            "16056320" : 28260,
            "16187392" : 21423,
            "16318464" : 16475,
            "16449536" : 13312,
            "16580608" : 11694,
            "16711680" : 11582,
            "16908288" : 23346,
            "17170432" : 17550,
            "17432576" : 8913,
            "17694720" : 2942,
            "17956864" : 1015,
            "18219008" : 305,
            "18481152" : 136,
            "18743296" : 156,
            "19005440" : 301,
            "19267584" : 368,
            "19529728" : 290,
            "19791872" : 155,
            "20054016" : 40,
            "20316160" : 5,
            "20578304" : 3,
            "20840448" : 2,
            "21102592" : 2,
            "21364736" : 3,
            "21626880" : 7,
            "21889024" : 4,
            "22151168" : 3,
            "22413312" : 4,
            "22675456" : 5,
            "22937600" : 10,
            "23199744" : 14,
            "23461888" : 10,
            "23724032" : 6,
            "23986176" : 8,
            "24248320" : 4,
            "24510464" : 8,
            "24772608" : 6,
            "25034752" : 17,
            "25296896" : 51,
            "25559040" : 101,
            "25821184" : 134,
            "26083328" : 278,
            "26345472" : 833,
            "26607616" : 3559,
            "26869760" : 5696,
            "27131904" : 4398,
            "27394048" : 2957,
            "27656192" : 2175,
            "27918336" : 1902,
            "28180480" : 2610,
            "28442624" : 2500,
            "28704768" : 1922,
            "28966912" : 1234,
            "29229056" : 721,
            "29491200" : 296,
            "29753344" : 110,
            "30015488" : 46,
            "30277632" : 34,