{
  "fio version" : "fio-3.17",
  "timestamp" : 1581482081,
  "timestamp_ms" : 1581482081204,
  "time" : "Tue Feb 11 20:34:41 2020",
  "jobs" : [
    {
      "jobname" : "wipc",
      "groupid" : 0,
      "error" : 0,
      "eta" : 0,
      "elapsed" : 886,
      "job options" : {
        "ioengine" : "libaio",
        "group_reporting" : "1",
        "direct" : "1",
        "rw" : "write",
        "bssplit" : "128KB",
        "numjobs" : "1",
        "iodepth" : "32",
        "size" : "75%",
        "io_size" : "256071352320B",
        "filename" : "/dev/sda"
      },
      "read" : {
        "io_bytes" : 0,
        "io_kbytes" : 0,
        "bw_bytes" : 0,
        "bw" : 0,
        "iops" : 0.000000,
        "runtime" : 0,
        "total_ios" : 0,
        "short_ios" : 0,
        "drop_ios" : 0,
        "slat_ns" : {
          "min" : 0,
          "max" : 0,
          "mean" : 0.000000,
          "stddev" : 0.000000
        },
        "clat_ns" : {
          "min" : 0,
          "max" : 0,
          "mean" : 0.000000,
          "stddev" : 0.000000,
          "percentile" : {
            "1.000000" : 0,
            "5.000000" : 0,
            "10.000000" : 0,
            "20.000000" : 0,
            "30.000000" : 0,
            "40.000000" : 0,
            "50.000000" : 0,
            "60.000000" : 0,
            "70.000000" : 0,
            "80.000000" : 0,
            "90.000000" : 0,
            "95.000000" : 0,
            "99.000000" : 0,
            "99.500000" : 0,
            "99.900000" : 0,
            "99.950000" : 0,
            "99.990000" : 0
          },
          "bins" : {

          }
        },
        "lat_ns" : {
          "min" : 0,
          "max" : 0,
          "mean" : 0.000000,
          "stddev" : 0.000000
        },
        "bw_min" : 0,
        "bw_max" : 0,
        "bw_agg" : 0.000000,
        "bw_mean" : 0.000000,
        "bw_dev" : 0.000000,
        "bw_samples" : 0,
        "iops_min" : 0,
        "iops_max" : 0,
        "iops_mean" : 0.000000,
        "iops_stddev" : 0.000000,
        "iops_samples" : 0
      },
      "write" : {
        "io_bytes" : 256071434240,
        "io_kbytes" : 250069760,
        "bw_bytes" : 289117246,
        "bw" : 282341,
        "iops" : 2205.789538,
        "runtime" : 885701,
        "total_ios" : 1953670,
        "short_ios" : 0,
        "drop_ios" : 0,
        "slat_ns" : {
          "min" : 6425,
          "max" : 754788,
          "mean" : 31245.944482,
          "stddev" : 10879.735416
        },
        "clat_ns" : {
          "min" : 998284,
          "max" : 44417338,
          "mean" : 14469828.534107,
          "stddev" : 1996801.416339,
          "percentile" : {
            "1.000000" : 12648448,
            "5.000000" : 12910592,
            "10.000000" : 13041664,
            "20.000000" : 13303808,
            "30.000000" : 13565952,
            "40.000000" : 13828096,
            "50.000000" : 14090240,
            "60.000000" : 14352384,
            "70.000000" : 14745600,
            "80.000000" : 15269888,
            "90.000000" : 15794176,
            "95.000000" : 16580608,
            "99.000000" : 27131904,
            "99.500000" : 27918336,
            "99.900000" : 29229056,
            "99.950000" : 29753344,
            "99.990000" : 31326208
          },
          "bins" : {
            "995328" : 1,
            "1056768" : 1,
            "1204224" : 1,
            "1318912" : 1,
            "1351680" : 1,
            "1417216" : 1,
            "1548288" : 1,
            "1646592" : 1,
            "1892352" : 1,
            "1990656" : 1,
            "2039808" : 1,
            "2244608" : 1,
            "2342912" : 1,
            "2375680" : 1,
            "2572288" : 1,
            "2703360" : 1,
            "2932736" : 1,
            "3031040" : 1,
            "3293184" : 1,
            "3391488" : 1,
            "3489792" : 1,
            "3719168" : 1,
            "3817472" : 1,
            "3850240" : 1,
            "4046848" : 1,
            "4145152" : 1,
            "4227072" : 1,
            "4423680" : 1,
            "4489216" : 1,
            "4554752" : 1,
            "4751360" : 1,
            "4816896" : 1,
            "4882432" : 1,
            "5144576" : 1,
            "5210112" : 2,
            "5472256" : 1,
            "5537792" : 1,
            "5734400" : 1,
            "5799936" : 1,
            "5865472" : 1,
            "6127616" : 3,
            "6258688" : 2,
            "6455296" : 1,
            "6520832" : 1,
            "6586368" : 1,
            "6848512" : 1,
            "7176192" : 1,
            "7372800" : 1,
            "7503872" : 1,
            "7700480" : 1,
            "7831552" : 1,
            "8028160" : 1,
            "8159232" : 1,
            "8224768" : 1,
            "8355840" : 1,
            "8454144" : 1,
            "8716288" : 1,
            "8847360" : 2,
            "9109504" : 2,
            "9240576" : 1,
            "9371648" : 1,
            "9502720" : 2,
            "9633792" : 1,
            "9764864" : 1,
            "9895936" : 2,
            "10158080" : 3,
            "10420224" : 2,
            "10551296" : 1,
            "10682368" : 3,
            "10813440" : 11,
            "10944512" : 4,
            "11075584" : 26,
            "11206656" : 70,
            "11337728" : 122,
            "11468800" : 159,
            "11599872" : 195,
            "11730944" : 200,
            "11862016" : 297,
            "11993088" : 434,
            "12124160" : 584,
            "12255232" : 832,
            "12386304" : 2690,
            "12517376" : 8190,
            "12648448" : 19348,
            "12779520" : 39722,
            "12910592" : 63755,
            "13041664" : 83253,
            "13172736" : 95717,
            "13303808" : 102907,
            "13434880" : 107006,
            "13565952" : 111174,
            "13697024" : 112026,
            "13828096" : 107807,
            "13959168" : 99075,
            "14090240" : 88077,
            "14221312" : 77937,
            "14352384" : 72927,
            "14483456" : 69789,
            "14614528" : 67825,
            "14745600" : 62175,
            "14876672" : 54869,
            "15007744" : 50079,
            "15138816" : 49435,
            "15269888" : 52288,
            "15400960" : 52746,
            "15532032" : 47268,
            "15663104" : 38725,
            "15794176" : 30145,
            "15925248" : 23910,
            "16056320" : 18029,
            "16187392" : 14773,
            "16318464" : 13156,
            "16449536" : 12958,
            "16580608" : 13113,
            "16711680" : 12453,
            "16908288" : 18823,
            "17170432" : 10460,
            "17432576" : 5945,
            "17694720" : 2969,
            "17956864" : 1492,
            "18219008" : 1032,
            "18481152" : 727,
            "18743296" : 526,
            "19005440" : 469,
            "19267584" : 300,
            "19529728" : 162,
            "19791872" : 121,
            "20054016" : 58,
            "20316160" : 39,
            "20578304" : 40,
            "20840448" : 34,
            "21102592" : 46,
            "21364736" : 34,
            "21626880" : 15,
            "21889024" : 4,
            "22151168" : 7,
            "22413312" : 9,
            "22675456" : 4,
            "22937600" : 9,
            "23199744" : 20,
            "23461888" : 5,
            "23724032" : 6,
            "23986176" : 7,
            "24248320" : 10,
            "24510464" : 25,
            "24772608" : 24,
            "25034752" : 45,
            "25296896" : 77,
            "25559040" : 190,
            "25821184" : 342,
            "26083328" : 528,
            "26345472" : 2139,
            "26607616" : 3785,
            "26869760" : 3654,
            "27131904" : 3510,
            "27394048" : 3378,
            "27656192" : 2764,
            "27918336" : 2625,
            "28180480" : 2218,
            "28442624" : 1818,