{
  "fio version" : "fio-3.17",
  "timestamp" : 1581906188,
  "timestamp_ms" : 1581906188917,
  "time" : "Sun Feb 16 18:23:08 2020",
  "jobs" : [
    {
      "jobname" : "wipc",
      "groupid" : 0,
      "error" : 0,
      "eta" : 0,
      "elapsed" : 885,
      "job options" : {
        "ioengine" : "libaio",
        "group_reporting" : "1",
        "direct" : "1",
        "rw" : "write",
        "bssplit" : "128KB",
        "numjobs" : "1",
        "iodepth" : "32",
        "size" : "75%",
        "io_size" : "256071352320B",
        "filename" : "/dev/sdc"
      },
      "read" : {
        "io_bytes" : 0,
        "io_kbytes" : 0,
        "bw_bytes" : 0,
        "bw" : 0,
        "iops" : 0.000000,
        "runtime" : 0,
        "total_ios" : 0,
        "short_ios" : 0,
        "drop_ios" : 0,
        "slat_ns" : {
          "min" : 0,
          "max" : 0,
          "mean" : 0.000000,
          "stddev" : 0.000000
        },
        "clat_ns" : {
          "min" : 0,
          "max" : 0,
          "mean" : 0.000000,
          "stddev" : 0.000000,
          "percentile" : {
            "1.000000" : 0,
            "5.000000" : 0,
            "10.000000" : 0,
            "20.000000" : 0,
            "30.000000" : 0,
            "40.000000" : 0,
            "50.000000" : 0,
            "60.000000" : 0,
            "70.000000" : 0,
            "80.000000" : 0,
            "90.000000" : 0,
            "95.000000" : 0,
            "99.000000" : 0,
            "99.500000" : 0,
            "99.900000" : 0,
            "99.950000" : 0,
            "99.990000" : 0
          },
          "bins" : {

          }
        },
        "lat_ns" : {
          "min" : 0,
          "max" : 0,
          "mean" : 0.000000,
          "stddev" : 0.000000
        },
        "bw_min" : 0,
        "bw_max" : 0,
        "bw_agg" : 0.000000,
        "bw_mean" : 0.000000,
        "bw_dev" : 0.000000,
        "bw_samples" : 0,
        "iops_min" : 0,
        "iops_max" : 0,
        "iops_mean" : 0.000000,
        "iops_stddev" : 0.000000,
        "iops_samples" : 0
      },
      "write" : {
        "io_bytes" : 256071434240,
        "io_kbytes" : 250069760,
        "bw_bytes" : 289501308,
        "bw" : 282716,
        "iops" : 2208.719698,
        "runtime" : 884526,
        "total_ios" : 1953670,
        "short_ios" : 0,
        "drop_ios" : 0,
        "slat_ns" : {
          "min" : 6604,
          "max" : 937855,
          "mean" : 32142.225211,
          "stddev" : 11124.388541
        },
        "clat_ns" : {
          "min" : 548420,
          "max" : 43335410,
          "mean" : 14449695.606988,
          "stddev" : 2001242.869852,
          "percentile" : {
            "1.000000" : 12648448,
            "5.000000" : 12910592,
            "10.000000" : 13041664,
            "20.000000" : 13303808,
            "30.000000" : 13565952,
            "40.000000" : 13828096,
            "50.000000" : 14090240,
            "60.000000" : 14352384,
            "70.000000" : 14745600,
            "80.000000" : 15269888,
            "90.000000" : 15794176,
            "95.000000" : 16449536,
            "99.000000" : 27131904,
            "99.500000" : 27918336,
            "99.900000" : 28966912,
            "99.950000" : 29491200,
            "99.990000" : 31588352
          },
          "bins" : {
            "544768" : 1,
            "634880" : 1,
            "905216" : 1,
            "1028096" : 1,
            "1204224" : 1,
            "1220608" : 1,
            "1417216" : 1,
            "1548288" : 1,
            "1564672" : 1,
            "1925120" : 2,
            "2146304" : 1,
            "2244608" : 1,
            "2277376" : 1,
            "2506752" : 1,
            "2637824" : 1,
            "2768896" : 1,
            "2834432" : 1,
            "3096576" : 1,
            "3162112" : 2,
            "3194880" : 1,
            "3424256" : 1,
            "3555328" : 1,
            "3784704" : 1,
            "3883008" : 2,
            "4112384" : 1,
            "4227072" : 1,
            "4489216" : 1,
            "4620288" : 1,
            "4685824" : 1,
            "4816896" : 1,
            "4947968" : 1,
            "5079040" : 1,
            "5144576" : 1,
            "5341184" : 1,
            "5472256" : 1,
            "5537792" : 1,
            "5668864" : 1,
            "5734400" : 1,
            "5799936" : 1,
            "5865472" : 1,
            "5996544" : 1,
            "6193152" : 1,
            "6455296" : 1,
            "6520832" : 1,
            "6782976" : 1,
            "6848512" : 1,
            "7110656" : 1,
            "7241728" : 1,
            "7569408" : 1,
            "7634944" : 1,
            "7831552" : 1,
            "7962624" : 2,
            "8224768" : 1,
            "8290304" : 1,
            "8355840" : 1,
            "8585216" : 2,
            "8847360" : 1,
            "8978432" : 1,
            "9109504" : 1,
            "9240576" : 1,
            "9371648" : 1,
            "9502720" : 1,
            "9633792" : 1,
            "9764864" : 1,
            "9895936" : 1,
            "10027008" : 2,
            "10158080" : 4,
            "10289152" : 3,
            "10420224" : 2,
            "10551296" : 3,
            "10682368" : 4,
            "10813440" : 6,
            "10944512" : 5,
            "11075584" : 9,
            "11206656" : 23,
            "11337728" : 66,
            "11468800" : 155,
            "11599872" : 136,
            "11730944" : 202,
            "11862016" : 241,
            "11993088" : 273,
            "12124160" : 452,
            "12255232" : 707,
            "12386304" : 1644,
            "12517376" : 6243,
            "12648448" : 18785,
            "12779520" : 45296,
            "12910592" : 80490,
            "13041664" : 102240,
            "13172736" : 108567,
            "13303808" : 105800,
            "13434880" : 101165,
            "13565952" : 97339,
            "13697024" : 97620,
            "13828096" : 97158,
            "13959168" : 94152,
            "14090240" : 90506,
            "14221312" : 86090,
            "14352384" : 76629,
            "14483456" : 68386,
            "14614528" : 62510,
            "14745600" : 57578,
            "14876672" : 50267,
            "15007744" : 42180,
            "15138816" : 38468,
            "15269888" : 42473,
            "15400960" : 49677,
            "15532032" : 53784,
            "15663104" : 50492,
            "15794176" : 40161,
            "15925248" : 29565,
            "16056320" : 21875,
            "16187392" : 16323,
            "16318464" : 12752,
            "16449536" : 10719,
            "16580608" : 9618,
            "16711680" : 10363,
            "16908288" : 21599,
            "17170432" : 13000,
            "17432576" : 4320,
            "17694720" : 1478,
            "17956864" : 427,
            "18219008" : 135,
            "18481152" : 151,
            "18743296" : 245,
            "19005440" : 362,
            "19267584" : 366,
            "19529728" : 143,
            "19791872" : 25,
            "20054016" : 21,
            "20316160" : 5,
            "20578304" : 4,
            "20840448" : 16,
            "21102592" : 10,
            "21364736" : 10,
            "21626880" : 21,
            "21889024" : 19,
            "22151168" : 14,
            "22413312" : 21,
            "22675456" : 19,
            "22937600" : 6,
            "23199744" : 7,
            "23461888" : 35,
            "23724032" : 5,
            "23986176" : 6,
            "24248320" : 8,
            "24510464" : 5,
            "24772608" : 49,
            "25034752" : 264,
            "25296896" : 319,
            "25559040" : 135,
            "25821184" : 64,
            "26083328" : 216,
            "26345472" : 866,
            "26607616" : 4162,
            "26869760" : 4487,
            "27131904" : 4299,
            "27394048" : 3092,
            "27656192" : 2705,
            "27918336" : 2578,
            "28180480" : 2099,