{
  "fio version" : "fio-3.17",
  "timestamp" : 1582070071,
  "timestamp_ms" : 1582070071437,
  "time" : "Tue Feb 18 23:54:31 2020",
  "jobs" : [
    {
      "jobname" : "wipc",
      "groupid" : 0,
      "error" : 0,
      "eta" : 0,
      "elapsed" : 826,
      "job options" : {
        "ioengine" : "libaio",
        "group_reporting" : "1",
        "direct" : "1",
        "rw" : "write",
        "bssplit" : "128KB",
        "numjobs" : "1",
        "iodepth" : "32",
        "size" : "75%",
        "io_size" : "256071352320B",
        "filename" : "/dev/sda"
      },
      "read" : {
        "io_bytes" : 0,
        "io_kbytes" : 0,
        "bw_bytes" : 0,
        "bw" : 0,
        "iops" : 0.000000,
        "runtime" : 0,
        "total_ios" : 0,
        "short_ios" : 0,
        "drop_ios" : 0,
        "slat_ns" : {
          "min" : 0,
          "max" : 0,
          "mean" : 0.000000,
          "stddev" : 0.000000
        },
        "clat_ns" : {
          "min" : 0,
          "max" : 0,
          "mean" : 0.000000,
          "stddev" : 0.000000,
          "percentile" : {
            "1.000000" : 0,
            "5.000000" : 0,
            "10.000000" : 0,
            "20.000000" : 0,
            "30.000000" : 0,
            "40.000000" : 0,
            "50.000000" : 0,
            "60.000000" : 0,
            "70.000000" : 0,
            "80.000000" : 0,
            "90.000000" : 0,
            "95.000000" : 0,
            "99.000000" : 0,
            "99.500000" : 0,
            "99.900000" : 0,
            "99.950000" : 0,
            "99.990000" : 0
          },
          "bins" : {

          }
        },
        "lat_ns" : {
          "min" : 0,
          "max" : 0,
          "mean" : 0.000000,
          "stddev" : 0.000000
        },
        "bw_min" : 0,
        "bw_max" : 0,
        "bw_agg" : 0.000000,
        "bw_mean" : 0.000000,
        "bw_dev" : 0.000000,
        "bw_samples" : 0,
        "iops_min" : 0,
        "iops_max" : 0,
        "iops_mean" : 0.000000,
        "iops_stddev" : 0.000000,
        "iops_samples" : 0
      },
      "write" : {
        "io_bytes" : 256071434240,
        "io_kbytes" : 250069760,
        "bw_bytes" : 310179822,
        "bw" : 302909,
        "iops" : 2366.484245,
        "runtime" : 825558,
        "total_ios" : 1953670,
        "short_ios" : 0,
        "drop_ios" : 0,
        "slat_ns" : {
          "min" : 21584,
          "max" : 12584542,
          "mean" : 50733.267497,
          "stddev" : 20457.563598
        },
        "clat_ns" : {
          "min" : 3332000,
          "max" : 43443750,
          "mean" : 13466051.483515,
          "stddev" : 2165986.215996,
          "percentile" : {
            "1.000000" : 11730944,
            "5.000000" : 11993088,
            "10.000000" : 12255232,
            "20.000000" : 12386304,
            "30.000000" : 12648448,
            "40.000000" : 12779520,
            "50.000000" : 13041664,
            "60.000000" : 13303808,
            "70.000000" : 13565952,
            "80.000000" : 13959168,
            "90.000000" : 14614528,
            "95.000000" : 15532032,
            "99.000000" : 27918336,
            "99.500000" : 28704768,
            "99.900000" : 30277632,
            "99.950000" : 31064064,
            "99.990000" : 32636928
          },
          "bins" : {
            "3325952" : 1,
            "3391488" : 1,
            "3424256" : 2,
            "3588096" : 1,
            "3620864" : 2,
            "3653632" : 3,
            "3686400" : 3,
            "3719168" : 12,
            "3751936" : 20,
            "3784704" : 17,
            "3817472" : 16,
            "3850240" : 7,
            "3883008" : 11,
            "3915776" : 17,
            "3948544" : 14,
            "3981312" : 12,
            "4014080" : 28,
            "4046848" : 22,
            "4079616" : 8,
            "4112384" : 2,
            "4145152" : 1,
            "4177920" : 2,
            "4227072" : 3,
            "4292608" : 6,
            "4358144" : 6,
            "4423680" : 7,
            "4489216" : 6,
            "4554752" : 9,
            "4620288" : 7,
            "4685824" : 9,
            "4751360" : 9,
            "4816896" : 9,
            "4882432" : 12,
            "4947968" : 4,
            "5013504" : 4,
            "5079040" : 8,
            "5144576" : 4,
            "5210112" : 7,
            "5275648" : 6,
            "5341184" : 3,
            "5406720" : 5,
            "5472256" : 5,
            "5537792" : 2,
            "5603328" : 4,
            "5668864" : 5,
            "5734400" : 5,
            "5799936" : 1,
            "5865472" : 6,
            "5931008" : 4,
            "5996544" : 4,
            "6062080" : 8,
            "6127616" : 3,
            "6193152" : 6,
            "6258688" : 5,
            "6324224" : 2,
            "6389760" : 7,
            "6455296" : 5,
            "6520832" : 7,
            "6586368" : 7,
            "6651904" : 6,
            "6717440" : 6,
            "6782976" : 12,
            "6848512" : 4,
            "6914048" : 14,
            "6979584" : 8,
            "7045120" : 2,
            "7110656" : 6,
            "7176192" : 8,
            "7241728" : 4,
            "7307264" : 12,
            "7372800" : 8,
            "7438336" : 4,
            "7503872" : 9,
            "7569408" : 6,
            "7634944" : 4,
            "7700480" : 7,
            "7766016" : 6,
            "7831552" : 9,
            "7897088" : 18,
            "7962624" : 6,
            "8028160" : 12,
            "8093696" : 36,
            "8159232" : 66,
            "8224768" : 44,
            "8290304" : 30,
            "8355840" : 8,
            "8454144" : 17,
            "8585216" : 31,
            "8716288" : 28,
            "8847360" : 35,
            "8978432" : 21,
            "9109504" : 22,
            "9240576" : 45,
            "9371648" : 40,
            "9502720" : 27,
            "9633792" : 48,
            "9764864" : 115,
            "9895936" : 145,
            "10027008" : 226,
            "10158080" : 293,
            "10289152" : 426,
            "10420224" : 537,
            "10551296" : 555,
            "10682368" : 610,
            "10813440" : 581,
            "10944512" : 622,
            "11075584" : 759,
            "11206656" : 1033,
            "11337728" : 1336,
            "11468800" : 1980,
            "11599872" : 3833,
            "11730944" : 9116,
            "11862016" : 24033,
            "11993088" : 50757,
            "12124160" : 82541,
            "12255232" : 105240,
            "12386304" : 115832,
            "12517376" : 125306,
            "12648448" : 135556,
            "12779520" : 142683,
            "12910592" : 131660,
            "13041664" : 110659,
            "13172736" : 95330,
            "13303808" : 86496,
            "13434880" : 80788,
            "13565952" : 72210,
            "13697024" : 64000,
            "13828096" : 67022,
            "13959168" : 68409,
            "14090240" : 60924,
            "14221312" : 46156,
            "14352384" : 34601,
            "14483456" : 25279,
            "14614528" : 19932,
            "14745600" : 16915,
            "14876672" : 14824,
            "15007744" : 12272,
            "15138816" : 10823,
            "15269888" : 9871,
            "15400960" : 11971,
            "15532032" : 13958,
            "15663104" : 15325,
            "15794176" : 13575,
            "15925248" : 10796,
            "16056320" : 7055,
            "16187392" : 4662,
            "16318464" : 2832,
            "16449536" : 1803,
            "16580608" : 1296,
            "16711680" : 827,
            "16908288" : 829,
            "17170432" : 303,
            "17432576" : 190,
            "17694720" : 342,
            "17956864" : 713,
            "18219008" : 731,
            "18481152" : 413,
            "18743296" : 174,
            "19005440" : 92,
            "19267584" : 55,
            "19529728" : 42,