{
  "fio version" : "fio-3.17",
  "timestamp" : 1579663902,
  "timestamp_ms" : 1579663902535,
  "time" : "Tue Jan 21 19:31:42 2020",
  "jobs" : [
    {
      "jobname" : "wipc",
      "groupid" : 0,
      "error" : 0,
      "eta" : 0,
      "elapsed" : 904,
      "job options" : {
        "ioengine" : "libaio",
        "group_reporting" : "1",
        "direct" : "1",
        "rw" : "write",
        "bssplit" : "128KB",
        "numjobs" : "1",
        "iodepth" : "32",
        "size" : "75%",
        "io_size" : "256071352320B",
        "filename" : "/dev/sdd"
      },
      "read" : {
        "io_bytes" : 0,
        "io_kbytes" : 0,
        "bw_bytes" : 0,
        "bw" : 0,
        "iops" : 0.000000,
        "runtime" : 0,
        "total_ios" : 0,
        "short_ios" : 0,
        "drop_ios" : 0,
        "slat_ns" : {
          "min" : 0,
          "max" : 0,
          "mean" : 0.000000,
          "stddev" : 0.000000
        },
        "clat_ns" : {
          "min" : 0,
          "max" : 0,
          "mean" : 0.000000,
          "stddev" : 0.000000,
          "percentile" : {
            "1.000000" : 0,
            "5.000000" : 0,
            "10.000000" : 0,
            "20.000000" : 0,
            "30.000000" : 0,
            "40.000000" : 0,
            "50.000000" : 0,
            "60.000000" : 0,
            "70.000000" : 0,
            "80.000000" : 0,
            "90.000000" : 0,
            "95.000000" : 0,
            "99.000000" : 0,
            "99.500000" : 0,
            "99.900000" : 0,
            "99.950000" : 0,
            "99.990000" : 0
          },
          "bins" : {

          }
        },
        "lat_ns" : {
          "min" : 0,
          "max" : 0,
          "mean" : 0.000000,
          "stddev" : 0.000000
        },
        "bw_min" : 0,
        "bw_max" : 0,
        "bw_agg" : 0.000000,
        "bw_mean" : 0.000000,
        "bw_dev" : 0.000000,
        "bw_samples" : 0,
        "iops_min" : 0,
        "iops_max" : 0,
        "iops_mean" : 0.000000,
        "iops_stddev" : 0.000000,
        "iops_samples" : 0
      },
      "write" : {
        "io_bytes" : 256071434240,
        "io_kbytes" : 250069760,
        "bw_bytes" : 283625353,
        "bw" : 276977,
        "iops" : 2163.889723,
        "runtime" : 902851,
        "total_ios" : 1953670,
        "short_ios" : 0,
        "drop_ios" : 0,
        "slat_ns" : {
          "min" : 7078,
          "max" : 501181,
          "mean" : 33395.515343,
          "stddev" : 11132.891872
        },
        "clat_ns" : {
          "min" : 1051231,
          "max" : 44544935,
          "mean" : 14748316.739653,
          "stddev" : 2020943.814071,
          "percentile" : {
            "1.000000" : 12910592,
            "5.000000" : 13172736,
            "10.000000" : 13303808,
            "20.000000" : 13565952,
            "30.000000" : 13828096,
            "40.000000" : 14090240,
            "50.000000" : 14352384,
            "60.000000" : 14614528,
            "70.000000" : 15007744,
            "80.000000" : 15663104,
            "90.000000" : 16187392,
            "95.000000" : 16908288,
            "99.000000" : 27394048,
            "99.500000" : 28442624,
            "99.900000" : 29491200,
            "99.950000" : 30015488,
            "99.990000" : 31326208
          },
          "bins" : {
            "1056768" : 1,
            "1073152" : 1,
            "1105920" : 1,
            "1302528" : 1,
            "1384448" : 1,
            "1466368" : 1,
            "2072576" : 1,
            "2113536" : 1,
            "2179072" : 1,
            "2441216" : 2,
            "2473984" : 1,
            "2736128" : 1,
            "2801664" : 1,
            "3063808" : 1,
            "3260416" : 1,
            "3391488" : 1,
            "3424256" : 1,
            "3522560" : 1,
            "3653632" : 1,
            "3817472" : 1,
            "3883008" : 1,
            "4046848" : 1,
            "4112384" : 1,
            "4292608" : 1,
            "4423680" : 1,
            "4489216" : 1,
            "4554752" : 1,
            "4751360" : 1,
            "4816896" : 1,
            "4947968" : 1,
            "5079040" : 1,
            "5210112" : 1,
            "5406720" : 1,
            "5472256" : 1,
            "5537792" : 1,
            "5734400" : 1,
            "5799936" : 1,
            "5865472" : 1,
            "6127616" : 1,
            "6193152" : 1,
            "6455296" : 4,
            "6782976" : 2,
            "6848512" : 1,
            "7176192" : 2,
            "7241728" : 1,
            "7503872" : 1,
            "7831552" : 1,
            "8159232" : 1,
            "8454144" : 1,
            "8716288" : 1,
            "8978432" : 1,
            "9109504" : 1,
            "9371648" : 2,
            "9502720" : 1,
            "9633792" : 1,
            "9895936" : 1,
            "10027008" : 1,
            "10289152" : 2,
            "10551296" : 2,
            "10682368" : 1,
            "10813440" : 1,
            "10944512" : 1,
            "11075584" : 5,
            "11206656" : 3,
            "11337728" : 4,
            "11468800" : 18,
            "11599872" : 71,
            "11730944" : 122,
            "11862016" : 151,
            "11993088" : 202,
            "12124160" : 281,
            "12255232" : 315,
            "12386304" : 450,
            "12517376" : 960,
            "12648448" : 2668,
            "12779520" : 7697,
            "12910592" : 20012,
            "13041664" : 43245,
            "13172736" : 73768,
            "13303808" : 97840,
            "13434880" : 106474,
            "13565952" : 106486,
            "13697024" : 102924,
            "13828096" : 96834,
            "13959168" : 94722,
            "14090240" : 95865,
            "14221312" : 94481,
            "14352384" : 91728,
            "14483456" : 84211,
            "14614528" : 76275,
            "14745600" : 67338,
            "14876672" : 61399,
            "15007744" : 58181,
            "15138816" : 50276,
            "15269888" : 41144,
            "15400960" : 36563,
            "15532032" : 37479,
            "15663104" : 43943,
            "15794176" : 48853,
            "15925248" : 50088,
            "16056320" : 43912,
            "16187392" : 34228,
            "16318464" : 25198,
            "16449536" : 19356,
            "16580608" : 16040,
            "16711680" : 13532,
            "16908288" : 23296,
            "17170432" : 23769,
            "17432576" : 17151,
            "17694720" : 7201,
            "17956864" : 2383,
            "18219008" : 780,
            "18481152" : 215,
            "18743296" : 135,
            "19005440" : 191,
            "19267584" : 312,
            "19529728" : 387,
            "19791872" : 291,
            "20054016" : 119,
            "20316160" : 31,
            "20578304" : 8,
            "20840448" : 8,
            "21102592" : 21,
            "21364736" : 17,
            "21626880" : 21,
            "21889024" : 4,
            "22151168" : 10,
            "22413312" : 30,
            "22675456" : 2,
            "22937600" : 6,
            "23199744" : 6,
            "23461888" : 7,
            "23724032" : 6,
            "23986176" : 20,
            "24248320" : 6,
            "24510464" : 1,
            "24772608" : 6,
            "25034752" : 33,
            "25296896" : 265,
            "25559040" : 323,
            "25821184" : 160,
            "26083328" : 87,
            "26345472" : 87,
            "26607616" : 656,
            "26869760" : 3389,
            "27131904" : 4495,
            "27394048" : 4101,
            "27656192" : 3322,
            "27918336" : 2408,
            "28180480" : 2550,
            "28442624" : 2496,
            "28704768" : 2164,
            "28966912" : 1840,
            "29229056" : 1365,
            "29491200" : 633,
            "29753344" : 341,
            "30015488" : 302,
            "30277632" : 202,
            "30539776" : 140,
            "30801920" : 143,