{
  "fio version" : "fio-3.17",
  "timestamp" : 1579988162,
  "timestamp_ms" : 1579988162261,
  "time" : "Sat Jan 25 13:36:02 2020",
  "jobs" : [
    {
      "jobname" : "wipc",
      "groupid" : 0,
      "error" : 0,
      "eta" : 0,
      "elapsed" : 885,
      "job options" : {
        "ioengine" : "libaio",
        "group_reporting" : "1",
        "direct" : "1",
        "rw" : "write",
        "bssplit" : "128KB",
        "numjobs" : "1",
        "iodepth" : "32",
        "size" : "75%",
        "io_size" : "256071352320B",
        "filename" : "/dev/sdb"
      },
      "read" : {
        "io_bytes" : 0,
        "io_kbytes" : 0,
        "bw_bytes" : 0,
        "bw" : 0,
        "iops" : 0.000000,
        "runtime" : 0,
        "total_ios" : 0,
        "short_ios" : 0,
        "drop_ios" : 0,
        "slat_ns" : {
          "min" : 0,
          "max" : 0,
          "mean" : 0.000000,
          "stddev" : 0.000000
        },
        "clat_ns" : {
          "min" : 0,
          "max" : 0,
          "mean" : 0.000000,
          "stddev" : 0.000000,
          "percentile" : {
            "1.000000" : 0,
            "5.000000" : 0,
            "10.000000" : 0,
            "20.000000" : 0,
            "30.000000" : 0,
            "40.000000" : 0,
            "50.000000" : 0,
            "60.000000" : 0,
            "70.000000" : 0,
            "80.000000" : 0,
            "90.000000" : 0,
            "95.000000" : 0,
            "99.000000" : 0,
            "99.500000" : 0,
            "99.900000" : 0,
            "99.950000" : 0,
            "99.990000" : 0
          },
          "bins" : {

          }
        },
        "lat_ns" : {
          "min" : 0,
          "max" : 0,
          "mean" : 0.000000,
          "stddev" : 0.000000
        },
        "bw_min" : 0,
        "bw_max" : 0,
        "bw_agg" : 0.000000,
        "bw_mean" : 0.000000,
        "bw_dev" : 0.000000,
        "bw_samples" : 0,
        "iops_min" : 0,
        "iops_max" : 0,
        "iops_mean" : 0.000000,
        "iops_stddev" : 0.000000,
        "iops_samples" : 0
      },
      "write" : {
        "io_bytes" : 256071434240,
        "io_kbytes" : 250069760,
        "bw_bytes" : 289666359,
        "bw" : 282877,
        "iops" : 2209.978937,
        "runtime" : 884022,
        "total_ios" : 1953670,
        "short_ios" : 0,
        "drop_ios" : 0,
        "slat_ns" : {
          "min" : 7823,
          "max" : 771071,
          "mean" : 33428.752899,
          "stddev" : 10655.000609
        },
        "clat_ns" : {
          "min" : 1029606,
          "max" : 44027221,
          "mean" : 14439714.377698,
          "stddev" : 1994651.971233,
          "percentile" : {
            "1.000000" : 12648448,
            "5.000000" : 12910592,
            "10.000000" : 13041664,
            "20.000000" : 13303808,
            "30.000000" : 13565952,
            "40.000000" : 13828096,
            "50.000000" : 14090240,
            "60.000000" : 14352384,
            "70.000000" : 14745600,
            "80.000000" : 15269888,
            "90.000000" : 15794176,
            "95.000000" : 16449536,
            "99.000000" : 27131904,
            "99.500000" : 27918336,
            "99.900000" : 28966912,
            "99.950000" : 29491200,
            "99.990000" : 31064064
          },
          "bins" : {
            "1028096" : 1,
            "1073152" : 1,
            "1089536" : 1,
            "1236992" : 1,
            "1302528" : 1,
            "1368064" : 1,
            "1662976" : 1,
            "1957888" : 1,
            "2072576" : 1,
            "2310144" : 1,
            "2408448" : 1,
            "2703360" : 1,
            "2768896" : 1,
            "2998272" : 1,
            "3194880" : 1,
            "3588096" : 1,
            "3719168" : 2,
            "3915776" : 1,
            "4292608" : 1,
            "4358144" : 1,
            "4554752" : 1,
            "4685824" : 1,
            "5079040" : 1,
            "5341184" : 1,
            "5668864" : 1,
            "5865472" : 1,
            "5996544" : 1,
            "6193152" : 1,
            "6324224" : 1,
            "6520832" : 1,
            "6651904" : 1,
            "6848512" : 1,
            "7045120" : 1,
            "7241728" : 1,
            "7307264" : 1,
            "7503872" : 1,
            "7700480" : 1,
            "7897088" : 1,
            "7962624" : 1,
            "8159232" : 1,
            "8355840" : 1,
            "8585216" : 1,
            "8716288" : 1,
            "8847360" : 1,
            "9240576" : 1,
            "9502720" : 1,
            "9633792" : 1,
            "9764864" : 1,
            "10027008" : 1,
            "10158080" : 1,
            "10289152" : 1,
            "10420224" : 1,
            "10551296" : 2,
            "10682368" : 2,
            "10813440" : 5,
            "10944512" : 2,
            "11075584" : 2,
            "11206656" : 4,
            "11337728" : 3,
            "11468800" : 17,
            "11599872" : 50,
            "11730944" : 74,
            "11862016" : 183,
            "11993088" : 301,
            "12124160" : 507,
            "12255232" : 992,
            "12386304" : 2389,
            "12517376" : 7949,
            "12648448" : 21053,
            "12779520" : 44173,
            "12910592" : 73922,
            "13041664" : 96441,
            "13172736" : 105557,
            "13303808" : 106901,
            "13434880" : 102919,
            "13565952" : 102083,
            "13697024" : 104195,
            "13828096" : 103369,
            "13959168" : 98997,
            "14090240" : 89240,
            "14221312" : 79770,
            "14352384" : 73353,
            "14483456" : 70362,
            "14614528" : 67237,
            "14745600" : 57765,
            "14876672" : 49792,
            "15007744" : 43180,
            "15138816" : 42870,
            "15269888" : 47091,
            "15400960" : 51587,
            "15532032" : 50533,
            "15663104" : 43175,
            "15794176" : 34538,
            "15925248" : 26909,
            "16056320" : 21773,
            "16187392" : 16572,
            "16318464" : 12915,
            "16449536" : 11409,
            "16580608" : 11335,
            "16711680" : 11038,
            "16908288" : 18504,
            "17170432" : 10238,
            "17432576" : 4265,
            "17694720" : 1627,
            "17956864" : 592,
            "18219008" : 251,
            "18481152" : 210,
            "18743296" : 319,
            "19005440" : 350,
            "19267584" : 268,
            "19529728" : 132,
            "19791872" : 56,
            "20054016" : 49,
            "20316160" : 26,
            "20578304" : 19,
            "20840448" : 9,
            "21102592" : 16,
            "21364736" : 11,
            "21626880" : 13,
            "21889024" : 26,
            "22151168" : 16,
            "22413312" : 18,
            "22675456" : 5,
            "22937600" : 6,
            "23199744" : 9,
            "23461888" : 24,
            "23724032" : 9,
            "23986176" : 16,
            "24248320" : 11,
            "24510464" : 25,
            "24772608" : 102,
            "25034752" : 279,
            "25296896" : 246,
            "25559040" : 143,
            "25821184" : 83,
            "26083328" : 176,
            "26345472" : 1036,
            "26607616" : 4041,
            "26869760" : 4322,
            "27131904" : 3814,
            "27394048" : 3064,
            "27656192" : 2885,
            "27918336" : 2528,
            "28180480" : 2625,
            "28442624" : 2144,
            "28704768" : 1687,
            "28966912" : 1111,
            "29229056" : 556,
            "29491200" : 179,
            "29753344" : 139,
            "30015488" : 212,
            "30277632" : 214,
            "30539776" : 100,
            "30801920" : 74,
            "31064064" : 27,
            "31326208" : 35,
            "31588352" : 16,
            "31850496" : 16,
            "32112640" : 5,