{
  "fio version" : "fio-3.17",
  "timestamp" : 1579993407,
  "timestamp_ms" : 1579993407430,
  "time" : "Sat Jan 25 15:03:27 2020",
  "jobs" : [
    {
      "jobname" : "wipc",
      "groupid" : 0,
      "error" : 0,
      "eta" : 0,
      "elapsed" : 890,
      "job options" : {
        "ioengine" : "libaio",
        "group_reporting" : "1",
        "direct" : "1",
        "rw" : "write",
        "bssplit" : "128KB",
        "numjobs" : "1",
        "iodepth" : "32",
        "size" : "75%",
        "io_size" : "256071352320B",
        "filename" : "/dev/sdb"
      },
      "read" : {
        "io_bytes" : 0,
        "io_kbytes" : 0,
        "bw_bytes" : 0,
        "bw" : 0,
        "iops" : 0.000000,
        "runtime" : 0,
        "total_ios" : 0,
        "short_ios" : 0,
        "drop_ios" : 0,
        "slat_ns" : {
          "min" : 0,
          "max" : 0,
          "mean" : 0.000000,
          "stddev" : 0.000000
        },
        "clat_ns" : {
          "min" : 0,
          "max" : 0,
          "mean" : 0.000000,
          "stddev" : 0.000000,
          "percentile" : {
            "1.000000" : 0,
            "5.000000" : 0,
            "10.000000" : 0,
            "20.000000" : 0,
            "30.000000" : 0,
            "40.000000" : 0,
            "50.000000" : 0,
            "60.000000" : 0,
            "70.000000" : 0,
            "80.000000" : 0,
            "90.000000" : 0,
            "95.000000" : 0,
            "99.000000" : 0,
            "99.500000" : 0,
            "99.900000" : 0,
            "99.950000" : 0,
            "99.990000" : 0
          },
          "bins" : {

          }
        },
        "lat_ns" : {
          "min" : 0,
          "max" : 0,
          "mean" : 0.000000,
          "stddev" : 0.000000
        },
        "bw_min" : 0,
        "bw_max" : 0,
        "bw_agg" : 0.000000,
        "bw_mean" : 0.000000,
        "bw_dev" : 0.000000,
        "bw_samples" : 0,
        "iops_min" : 0,
        "iops_max" : 0,
        "iops_mean" : 0.000000,
        "iops_stddev" : 0.000000,
        "iops_samples" : 0
      },
      "write" : {
        "io_bytes" : 256071434240,
        "io_kbytes" : 250069760,
        "bw_bytes" : 288040793,
        "bw" : 281289,
        "iops" : 2197.576858,
        "runtime" : 889011,
        "total_ios" : 1953670,
        "short_ios" : 0,
        "drop_ios" : 0,
        "slat_ns" : {
          "min" : 6516,
          "max" : 854290,
          "mean" : 31037.159160,
          "stddev" : 11180.977764
        },
        "clat_ns" : {
          "min" : 1032452,
          "max" : 44777090,
          "mean" : 14524365.411823,
          "stddev" : 1988495.842902,
          "percentile" : {
            "1.000000" : 12648448,
            "5.000000" : 12910592,
            "10.000000" : 13172736,
            "20.000000" : 13303808,
            "30.000000" : 13565952,
            "40.000000" : 13828096,
            "50.000000" : 14090240,
            "60.000000" : 14483456,
            "70.000000" : 14876672,
            "80.000000" : 15400960,
            "90.000000" : 15925248,
            "95.000000" : 16580608,
            "99.000000" : 27131904,
            "99.500000" : 27918336,
            "99.900000" : 28704768,
            "99.950000" : 29229056,
            "99.990000" : 31326208
          },
          "bins" : {
            "1036288" : 2,
            "1044480" : 1,
            "1220608" : 1,
            "1236992" : 1,
            "1351680" : 1,
            "1417216" : 1,
            "1564672" : 1,
            "1581056" : 1,
            "1925120" : 2,
            "2056192" : 1,
            "2277376" : 2,
            "2408448" : 1,
            "2637824" : 1,
            "2736128" : 1,
            "2867200" : 1,
            "2998272" : 1,
            "3227648" : 2,
            "3358720" : 1,
            "3555328" : 1,
            "3588096" : 1,
            "3686400" : 1,
            "3915776" : 2,
            "4046848" : 1,
            "4227072" : 1,
            "4292608" : 1,
            "4620288" : 1,
            "4685824" : 1,
            "4751360" : 1,
            "4947968" : 1,
            "5079040" : 1,
            "5210112" : 1,
            "5341184" : 1,
            "5406720" : 1,
            "5537792" : 1,
            "5668864" : 1,
            "5799936" : 1,
            "5865472" : 1,
            "5996544" : 1,
            "6062080" : 1,
            "6127616" : 1,
            "6193152" : 1,
            "6389760" : 1,
            "6586368" : 1,
            "6914048" : 1,
            "6979584" : 1,
            "7241728" : 1,
            "7307264" : 1,
            "7634944" : 1,
            "7831552" : 1,
            "7962624" : 1,
            "8093696" : 1,
            "8159232" : 1,
            "8290304" : 1,
            "8454144" : 3,
            "8716288" : 1,
            "8847360" : 3,
            "9240576" : 1,
            "9371648" : 1,
            "9502720" : 2,
            "9633792" : 1,
            "9764864" : 1,
            "9895936" : 2,
            "10027008" : 1,
            "10158080" : 1,
            "10289152" : 3,
            "10420224" : 4,
            "10551296" : 6,
            "10682368" : 5,
            "10813440" : 4,
            "10944512" : 2,
            "11075584" : 6,
            "11206656" : 4,
            "11337728" : 5,
            "11468800" : 7,
            "11599872" : 20,
            "11730944" : 47,
            "11862016" : 102,
            "11993088" : 163,
            "12124160" : 275,
            "12255232" : 558,
            "12386304" : 1363,
            "12517376" : 4183,
            "12648448" : 13736,
            "12779520" : 31411,
            "12910592" : 57892,
            "13041664" : 84952,
            "13172736" : 104553,
            "13303808" : 108298,
            "13434880" : 106695,
            "13565952" : 101381,
            "13697024" : 95594,
            "13828096" : 95988,
            "13959168" : 97095,
            "14090240" : 94063,
            "14221312" : 86975,
            "14352384" : 77989,
            "14483456" : 70244,
            "14614528" : 67473,
            "14745600" : 63583,
            "14876672" : 55878,
            "15007744" : 47854,
            "15138816" : 42723,
            "15269888" : 40596,
            "15400960" : 46067,
            "15532032" : 50141,
            "15663104" : 49848,
            "15794176" : 44159,
            "15925248" : 35795,
            "16056320" : 27238,
            "16187392" : 20970,
            "16318464" : 15896,
            "16449536" : 12685,
            "16580608" : 11168,
            "16711680" : 10834,
            "16908288" : 20769,
            "17170432" : 13833,
            "17432576" : 5999,
            "17694720" : 2176,
            "17956864" : 692,
            "18219008" : 277,
            "18481152" : 135,
            "18743296" : 267,
            "19005440" : 321,
            "19267584" : 238,
            "19529728" : 138,
            "19791872" : 61,
            "20054016" : 25,
            "20316160" : 7,
            "20578304" : 2,
            "20840448" : 14,
            "21102592" : 6,
            "21364736" : 6,
            "21626880" : 2,
            "21889024" : 6,
            "22151168" : 5,
            "22413312" : 15,
            "22675456" : 34,
            "22937600" : 4,
            "23199744" : 6,
            "23461888" : 22,
            "23724032" : 16,
            "23986176" : 16,
            "24248320" : 7,
            "24510464" : 4,
            "24772608" : 14,
            "25034752" : 34,
            "25296896" : 47,
            "25559040" : 81,
            "25821184" : 159,
            "26083328" : 287,
            "26345472" : 757,
            "26607616" : 3220,
            "26869760" : 5700,
            "27131904" : 4975,
            "27394048" : 3603,
            "27656192" : 2202,
            "27918336" : 1929,
            "28180480" : 2876,
            "28442624" : 2520,
            "28704768" : 1622,
            "28966912" : 902,