{
  "fio version" : "fio-3.17",
  "timestamp" : 1579965038,
  "timestamp_ms" : 1579965038190,
  "time" : "Sat Jan 25 07:10:38 2020",
  "jobs" : [
    {
      "jobname" : "wipc",
      "groupid" : 0,
      "error" : 0,
      "eta" : 0,
      "elapsed" : 885,
      "job options" : {
        "ioengine" : "libaio",
        "group_reporting" : "1",
        "direct" : "1",
        "rw" : "write",
        "bssplit" : "128KB",
        "numjobs" : "1",
        "iodepth" : "32",
        "size" : "75%",
        "io_size" : "256071352320B",
        "filename" : "/dev/sdb"
      },
      "read" : {
        "io_bytes" : 0,
        "io_kbytes" : 0,
        "bw_bytes" : 0,
        "bw" : 0,
        "iops" : 0.000000,
        "runtime" : 0,
        "total_ios" : 0,
        "short_ios" : 0,
        "drop_ios" : 0,
        "slat_ns" : {
          "min" : 0,
          "max" : 0,
          "mean" : 0.000000,
          "stddev" : 0.000000
        },
        "clat_ns" : {
          "min" : 0,
          "max" : 0,
          "mean" : 0.000000,
          "stddev" : 0.000000,
          "percentile" : {
            "1.000000" : 0,
            "5.000000" : 0,
            "10.000000" : 0,
            "20.000000" : 0,
            "30.000000" : 0,
            "40.000000" : 0,
            "50.000000" : 0,
            "60.000000" : 0,
            "70.000000" : 0,
            "80.000000" : 0,
            "90.000000" : 0,
            "95.000000" : 0,
            "99.000000" : 0,
            "99.500000" : 0,
            "99.900000" : 0,
            "99.950000" : 0,
            "99.990000" : 0
          },
          "bins" : {

          }
        },
        "lat_ns" : {
          "min" : 0,
          "max" : 0,
          "mean" : 0.000000,
          "stddev" : 0.000000
        },
        "bw_min" : 0,
        "bw_max" : 0,
        "bw_agg" : 0.000000,
        "bw_mean" : 0.000000,
        "bw_dev" : 0.000000,
        "bw_samples" : 0,
        "iops_min" : 0,
        "iops_max" : 0,
        "iops_mean" : 0.000000,
        "iops_stddev" : 0.000000,
        "iops_samples" : 0
      },
      "write" : {
        "io_bytes" : 256071434240,
        "io_kbytes" : 250069760,
        "bw_bytes" : 289624096,
        "bw" : 282836,
        "iops" : 2209.656495,
        "runtime" : 884151,
        "total_ios" : 1953670,
        "short_ios" : 0,
        "drop_ios" : 0,
        "slat_ns" : {
          "min" : 7954,
          "max" : 513582,
          "mean" : 33330.698128,
          "stddev" : 10771.825585
        },
        "clat_ns" : {
          "min" : 1022224,
          "max" : 46311355,
          "mean" : 14442080.676605,
          "stddev" : 1994838.362127,
          "percentile" : {
            "1.000000" : 12648448,
            "5.000000" : 12910592,
            "10.000000" : 13041664,
            "20.000000" : 13303808,
            "30.000000" : 13565952,
            "40.000000" : 13828096,
            "50.000000" : 14090240,
            "60.000000" : 14352384,
            "70.000000" : 14745600,
            "80.000000" : 15269888,
            "90.000000" : 15794176,
            "95.000000" : 16449536,
            "99.000000" : 27131904,
            "99.500000" : 27918336,
            "99.900000" : 29229056,
            "99.950000" : 30015488,
            "99.990000" : 31326208
          },
          "bins" : {
            "1019904" : 1,
            "1036288" : 1,
            "1073152" : 1,
            "1220608" : 1,
            "1236992" : 1,
            "1335296" : 2,
            "1581056" : 1,
            "1662976" : 1,
            "1908736" : 1,
            "1974272" : 1,
            "2072576" : 1,
            "2342912" : 1,
            "2375680" : 1,
            "2441216" : 1,
            "2670592" : 1,
            "2801664" : 1,
            "2834432" : 2,
            "3063808" : 1,
            "3194880" : 1,
            "3358720" : 1,
            "3555328" : 2,
            "3751936" : 1,
            "3850240" : 2,
            "4177920" : 1,
            "4227072" : 3,
            "4554752" : 1,
            "4816896" : 1,
            "4882432" : 1,
            "4947968" : 1,
            "5144576" : 1,
            "5210112" : 2,
            "5472256" : 1,
            "5603328" : 2,
            "5865472" : 2,
            "6127616" : 1,
            "6193152" : 1,
            "6258688" : 1,
            "6455296" : 1,
            "6520832" : 1,
            "6586368" : 1,
            "6848512" : 2,
            "7176192" : 1,
            "7241728" : 2,
            "7503872" : 2,
            "7569408" : 1,
            "7831552" : 2,
            "7897088" : 1,
            "8159232" : 1,
            "8224768" : 1,
            "8290304" : 1,
            "8585216" : 2,
            "8716288" : 1,
            "8978432" : 1,
            "9109504" : 1,
            "9240576" : 1,
            "9502720" : 1,
            "9633792" : 3,
            "9764864" : 1,
            "9895936" : 2,
            "10158080" : 3,
            "10289152" : 6,
            "10420224" : 3,
            "10551296" : 3,
            "10682368" : 5,
            "10813440" : 7,
            "10944512" : 4,
            "11075584" : 23,
            "11206656" : 71,
            "11337728" : 104,
            "11468800" : 179,
            "11599872" : 163,
            "11730944" : 168,
            "11862016" : 268,
            "11993088" : 383,
            "12124160" : 529,
            "12255232" : 752,
            "12386304" : 1999,
            "12517376" : 7190,
            "12648448" : 20153,
            "12779520" : 44188,
            "12910592" : 73819,
            "13041664" : 97316,
            "13172736" : 106150,
            "13303808" : 105719,
            "13434880" : 103234,
            "13565952" : 102756,
            "13697024" : 104089,
            "13828096" : 103099,
            "13959168" : 98264,
            "14090240" : 90785,
            "14221312" : 80448,
            "14352384" : 72190,
            "14483456" : 68445,
            "14614528" : 66772,
            "14745600" : 59263,
            "14876672" : 49210,
            "15007744" : 42885,
            "15138816" : 42427,
            "15269888" : 48024,
            "15400960" : 52129,
            "15532032" : 49748,
            "15663104" : 43451,
            "15794176" : 34145,
            "15925248" : 26923,
            "16056320" : 21100,
            "16187392" : 16330,
            "16318464" : 13120,
            "16449536" : 11388,
            "16580608" : 11528,
            "16711680" : 11621,
            "16908288" : 19217,
            "17170432" : 11127,
            "17432576" : 4740,
            "17694720" : 1684,
            "17956864" : 620,
            "18219008" : 223,
            "18481152" : 165,
            "18743296" : 277,
            "19005440" : 341,
            "19267584" : 275,
            "19529728" : 119,
            "19791872" : 67,
            "20054016" : 43,
            "20316160" : 13,
            "20578304" : 14,
            "20840448" : 16,
            "21102592" : 20,
            "21364736" : 14,
            "21626880" : 16,
            "21889024" : 7,
            "22151168" : 5,
            "22413312" : 5,
            "22675456" : 9,
            "22937600" : 6,
            "23199744" : 2,
            "23461888" : 2,
            "23724032" : 2,
            "23986176" : 2,
            "24248320" : 9,
            "24510464" : 7,
            "24772608" : 8,
            "25034752" : 47,
            "25296896" : 41,
            "25559040" : 133,
            "25821184" : 286,
            "26083328" : 646,
            "26345472" : 1870,
            "26607616" : 4845,
            "26869760" : 4341,
            "27131904" : 3054,
            "27394048" : 2545,
            "27656192" : 2502,
            "27918336" : 2887,
            "28180480" : 2917,
            "28442624" : 1881,
            "28704768" : 1230,
            "28966912" : 724,
            "29229056" : 539,
            "29491200" : 269,
            "29753344" : 142,