{
  "fio version" : "fio-3.17",
  "timestamp" : 1581765727,
  "timestamp_ms" : 1581765727424,
  "time" : "Sat Feb 15 03:22:07 2020",
  "jobs" : [
    {
      "jobname" : "wipc",
      "groupid" : 0,
      "error" : 0,
      "eta" : 0,
      "elapsed" : 885,
      "job options" : {
        "ioengine" : "libaio",
        "group_reporting" : "1",
        "direct" : "1",
        "rw" : "write",
        "bssplit" : "128KB",
        "numjobs" : "1",
        "iodepth" : "32",
        "size" : "75%",
        "io_size" : "256071352320B",
        "filename" : "/dev/sdb"
      },
      "read" : {
        "io_bytes" : 0,
        "io_kbytes" : 0,
        "bw_bytes" : 0,
        "bw" : 0,
        "iops" : 0.000000,
        "runtime" : 0,
        "total_ios" : 0,
        "short_ios" : 0,
        "drop_ios" : 0,
        "slat_ns" : {
          "min" : 0,
          "max" : 0,
          "mean" : 0.000000,
          "stddev" : 0.000000
        },
        "clat_ns" : {
          "min" : 0,
          "max" : 0,
          "mean" : 0.000000,
          "stddev" : 0.000000,
          "percentile" : {
            "1.000000" : 0,
            "5.000000" : 0,
            "10.000000" : 0,
            "20.000000" : 0,
            "30.000000" : 0,
            "40.000000" : 0,
            "50.000000" : 0,
            "60.000000" : 0,
            "70.000000" : 0,
            "80.000000" : 0,
            "90.000000" : 0,
            "95.000000" : 0,
            "99.000000" : 0,
            "99.500000" : 0,
            "99.900000" : 0,
            "99.950000" : 0,
            "99.990000" : 0
          },
          "bins" : {

          }
        },
        "lat_ns" : {
          "min" : 0,
          "max" : 0,
          "mean" : 0.000000,
          "stddev" : 0.000000
        },
        "bw_min" : 0,
        "bw_max" : 0,
        "bw_agg" : 0.000000,
        "bw_mean" : 0.000000,
        "bw_dev" : 0.000000,
        "bw_samples" : 0,
        "iops_min" : 0,
        "iops_max" : 0,
        "iops_mean" : 0.000000,
        "iops_stddev" : 0.000000,
        "iops_samples" : 0
      },
      "write" : {
        "io_bytes" : 256071434240,
        "io_kbytes" : 250069760,
        "bw_bytes" : 289556631,
        "bw" : 282770,
        "iops" : 2209.141783,
        "runtime" : 884357,
        "total_ios" : 1953670,
        "short_ios" : 0,
        "drop_ios" : 0,
        "slat_ns" : {
          "min" : 7073,
          "max" : 517618,
          "mean" : 26252.879728,
          "stddev" : 9079.577878
        },
        "clat_ns" : {
          "min" : 982009,
          "max" : 43667206,
          "mean" : 14452806.992938,
          "stddev" : 2013838.257039,
          "percentile" : {
            "1.000000" : 12648448,
            "5.000000" : 12910592,
            "10.000000" : 13041664,
            "20.000000" : 13172736,
            "30.000000" : 13434880,
            "40.000000" : 13828096,
            "50.000000" : 14090240,
            "60.000000" : 14352384,
            "70.000000" : 14745600,
            "80.000000" : 15400960,
            "90.000000" : 15794176,
            "95.000000" : 16449536,
            "99.000000" : 27131904,
            "99.500000" : 28180480,
            "99.900000" : 28704768,
            "99.950000" : 28966912,
            "99.990000" : 30801920
          },
          "bins" : {
            "978944" : 1,
            "1011712" : 1,
            "1056768" : 1,
            "1220608" : 1,
            "1236992" : 1,
            "1351680" : 1,
            "1400832" : 1,
            "1581056" : 1,
            "1613824" : 1,
            "1679360" : 1,
            "1925120" : 1,
            "1941504" : 1,
            "2007040" : 1,
            "2072576" : 1,
            "2277376" : 1,
            "2310144" : 1,
            "2342912" : 1,
            "2375680" : 1,
            "2768896" : 1,
            "2801664" : 2,
            "2867200" : 2,
            "2932736" : 1,
            "2965504" : 1,
            "3227648" : 1,
            "3522560" : 1,
            "3555328" : 2,
            "3653632" : 1,
            "3883008" : 1,
            "3915776" : 2,
            "3981312" : 1,
            "4227072" : 1,
            "4292608" : 3,
            "4620288" : 1,
            "4685824" : 1,
            "4816896" : 1,
            "4947968" : 1,
            "5013504" : 2,
            "5144576" : 1,
            "5275648" : 1,
            "5341184" : 1,
            "5406720" : 1,
            "5537792" : 1,
            "5603328" : 1,
            "5668864" : 2,
            "5865472" : 1,
            "5931008" : 1,
            "5996544" : 1,
            "6062080" : 1,
            "6258688" : 2,
            "6324224" : 1,
            "6389760" : 1,
            "6586368" : 1,
            "6651904" : 1,
            "6782976" : 1,
            "6848512" : 1,
            "6914048" : 1,
            "7110656" : 1,
            "7176192" : 1,
            "7241728" : 1,
            "7503872" : 2,
            "7634944" : 1,
            "7766016" : 1,
            "7897088" : 1,
            "7962624" : 1,
            "8159232" : 1,
            "8454144" : 2,
            "8585216" : 1,
            "8716288" : 1,
            "8978432" : 2,
            "9109504" : 2,
            "9371648" : 2,
            "9502720" : 2,
            "9633792" : 2,
            "9764864" : 1,
            "9895936" : 1,
            "10027008" : 3,
            "10158080" : 2,
            "10289152" : 1,
            "10420224" : 2,
            "10551296" : 1,
            "10813440" : 3,
            "10944512" : 1,
            "11075584" : 2,
            "11206656" : 2,
            "11468800" : 4,
            "11599872" : 2,
            "11730944" : 12,
            "11862016" : 74,
            "11993088" : 145,
            "12124160" : 185,
            "12255232" : 510,
            "12386304" : 2097,
            "12517376" : 7254,
            "12648448" : 24869,
            "12779520" : 57155,
            "12910592" : 88335,
            "13041664" : 103650,
            "13172736" : 108297,
            "13303808" : 104804,
            "13434880" : 100610,
            "13565952" : 93511,
            "13697024" : 81111,
            "13828096" : 80071,
            "13959168" : 83460,
            "14090240" : 89882,
            "14221312" : 92838,
            "14352384" : 83998,
            "14483456" : 68650,
            "14614528" : 57402,
            "14745600" : 55470,
            "14876672" : 53214,
            "15007744" : 45334,
            "15138816" : 37619,
            "15269888" : 35178,
            "15400960" : 41935,
            "15532032" : 53715,
            "15663104" : 58931,
            "15794176" : 51163,
            "15925248" : 36488,
            "16056320" : 25218,
            "16187392" : 17280,
            "16318464" : 11691,
            "16449536" : 8330,
            "16580608" : 8826,
            "16711680" : 11802,
            "16908288" : 23788,
            "17170432" : 10668,
            "17432576" : 3484,
            "17694720" : 1109,
            "17956864" : 248,
            "18219008" : 69,
            "18481152" : 81,
            "18743296" : 307,
            "19005440" : 455,
            "19267584" : 230,
            "19529728" : 45,
            "19791872" : 6,
            "20054016" : 7,
            "20316160" : 3,
            "20840448" : 1,
            "21102592" : 4,
            "21364736" : 7,
            "21626880" : 11,
            "21889024" : 4,
            "22151168" : 3,
            "22413312" : 7,
            "22675456" : 20,
            "22937600" : 23,
            "23199744" : 20,
            "23461888" : 19,
            "23724032" : 6,
            "23986176" : 3,
            "24248320" : 4,
            "24510464" : 1,
            "24772608" : 8,
            "25034752" : 176,
            "25296896" : 344,
            "25559040" : 193,
            "25821184" : 78,
            "26083328" : 191,
            "26345472" : 412,
            "26607616" : 2092,