{
  "fio version" : "fio-3.17",
  "timestamp" : 1581754445,
  "timestamp_ms" : 1581754445604,
  "time" : "Sat Feb 15 00:14:05 2020",
  "jobs" : [
    {
      "jobname" : "wipc",
      "groupid" : 0,
      "error" : 0,
      "eta" : 0,
      "elapsed" : 878,
      "job options" : {
        "ioengine" : "libaio",
        "group_reporting" : "1",
        "direct" : "1",
        "rw" : "write",
        "bssplit" : "128KB",
        "numjobs" : "1",
        "iodepth" : "32",
        "size" : "75%",
        "io_size" : "256071352320B",
        "filename" : "/dev/sdb"
      },
      "read" : {
        "io_bytes" : 0,
        "io_kbytes" : 0,
        "bw_bytes" : 0,
        "bw" : 0,
        "iops" : 0.000000,
        "runtime" : 0,
        "total_ios" : 0,
        "short_ios" : 0,
        "drop_ios" : 0,
        "slat_ns" : {
          "min" : 0,
          "max" : 0,
          "mean" : 0.000000,
          "stddev" : 0.000000
        },
        "clat_ns" : {
          "min" : 0,
          "max" : 0,
          "mean" : 0.000000,
          "stddev" : 0.000000,
          "percentile" : {
            "1.000000" : 0,
            "5.000000" : 0,
            "10.000000" : 0,
            "20.000000" : 0,
            "30.000000" : 0,
            "40.000000" : 0,
            "50.000000" : 0,
            "60.000000" : 0,
            "70.000000" : 0,
            "80.000000" : 0,
            "90.000000" : 0,
            "95.000000" : 0,
            "99.000000" : 0,
            "99.500000" : 0,
            "99.900000" : 0,
            "99.950000" : 0,
            "99.990000" : 0
          },
          "bins" : {

          }
        },
        "lat_ns" : {
          "min" : 0,
          "max" : 0,
          "mean" : 0.000000,
          "stddev" : 0.000000
        },
        "bw_min" : 0,
        "bw_max" : 0,
        "bw_agg" : 0.000000,
        "bw_mean" : 0.000000,
        "bw_dev" : 0.000000,
        "bw_samples" : 0,
        "iops_min" : 0,
        "iops_max" : 0,
        "iops_mean" : 0.000000,
        "iops_stddev" : 0.000000,
        "iops_samples" : 0
      },
      "write" : {
        "io_bytes" : 256071434240,
        "io_kbytes" : 250069760,
        "bw_bytes" : 291727541,
        "bw" : 284890,
        "iops" : 2225.704508,
        "runtime" : 877776,
        "total_ios" : 1953670,
        "short_ios" : 0,
        "drop_ios" : 0,
        "slat_ns" : {
          "min" : 6912,
          "max" : 501924,
          "mean" : 27806.612185,
          "stddev" : 9109.802157
        },
        "clat_ns" : {
          "min" : 1017146,
          "max" : 43947645,
          "mean" : 14343328.238207,
          "stddev" : 2000072.805913,
          "percentile" : {
            "1.000000" : 12517376,
            "5.000000" : 12779520,
            "10.000000" : 12910592,
            "20.000000" : 13172736,
            "30.000000" : 13434880,
            "40.000000" : 13697024,
            "50.000000" : 13959168,
            "60.000000" : 14221312,
            "70.000000" : 14614528,
            "80.000000" : 15269888,
            "90.000000" : 15663104,
            "95.000000" : 16318464,
            "99.000000" : 26869760,
            "99.500000" : 27656192,
            "99.900000" : 28966912,
            "99.950000" : 29753344,
            "99.990000" : 31326208
          },
          "bins" : {
            "1019904" : 1,
            "1056768" : 1,
            "1220608" : 1,
            "1548288" : 1,
            "1597440" : 1,
            "1875968" : 1,
            "2072576" : 2,
            "2277376" : 1,
            "2342912" : 1,
            "2539520" : 1,
            "2637824" : 1,
            "2801664" : 1,
            "2965504" : 1,
            "3096576" : 1,
            "3129344" : 1,
            "3162112" : 1,
            "3227648" : 1,
            "3489792" : 1,
            "3620864" : 1,
            "3751936" : 1,
            "3817472" : 1,
            "3915776" : 1,
            "4046848" : 1,
            "4177920" : 1,
            "4292608" : 1,
            "4489216" : 2,
            "4554752" : 1,
            "4816896" : 1,
            "4947968" : 1,
            "5013504" : 1,
            "5144576" : 1,
            "5275648" : 2,
            "5537792" : 1,
            "5668864" : 1,
            "5799936" : 2,
            "5996544" : 2,
            "6258688" : 1,
            "6324224" : 1,
            "6455296" : 1,
            "6651904" : 1,
            "6717440" : 2,
            "6979584" : 2,
            "7110656" : 1,
            "7372800" : 2,
            "7634944" : 1,
            "8028160" : 1,
            "8454144" : 1,
            "8716288" : 3,
            "8978432" : 2,
            "9109504" : 1,
            "9371648" : 3,
            "9633792" : 3,
            "10027008" : 2,
            "10158080" : 1,
            "10420224" : 2,
            "10682368" : 1,
            "10813440" : 2,
            "10944512" : 1,
            "11075584" : 6,
            "11206656" : 28,
            "11337728" : 123,
            "11468800" : 176,
            "11599872" : 196,
            "11730944" : 244,
            "11862016" : 262,
            "11993088" : 347,
            "12124160" : 677,
            "12255232" : 1512,
            "12386304" : 5349,
            "12517376" : 17699,
            "12648448" : 45545,
            "12779520" : 79602,
            "12910592" : 97980,
            "13041664" : 104914,
            "13172736" : 105464,
            "13303808" : 102505,
            "13434880" : 95290,
            "13565952" : 90220,
            "13697024" : 88808,
            "13828096" : 88683,
            "13959168" : 94669,
            "14090240" : 93522,
            "14221312" : 81713,
            "14352384" : 67259,
            "14483456" : 59856,
            "14614528" : 59612,
            "14745600" : 54329,
            "14876672" : 45144,
            "15007744" : 36865,
            "15138816" : 38255,
            "15269888" : 47663,
            "15400960" : 58135,
            "15532032" : 56457,
            "15663104" : 45301,
            "15794176" : 32296,
            "15925248" : 22834,
            "16056320" : 15850,
            "16187392" : 11843,
            "16318464" : 9320,
            "16449536" : 9194,
            "16580608" : 11884,
            "16711680" : 13516,
            "16908288" : 19014,
            "17170432" : 6969,
            "17432576" : 2286,
            "17694720" : 720,
            "17956864" : 187,
            "18219008" : 64,
            "18481152" : 75,
            "18743296" : 357,
            "19005440" : 503,
            "19267584" : 206,
            "19529728" : 59,
            "19791872" : 13,
            "20054016" : 9,
            "20316160" : 28,
            "20578304" : 20,
            "20840448" : 6,
            "21102592" : 3,
            "21364736" : 1,
            "21626880" : 7,
            "21889024" : 9,
            "22151168" : 20,
            "22413312" : 4,
            "22675456" : 12,
            "22937600" : 3,
            "23461888" : 3,
            "23724032" : 9,
            "23986176" : 22,
            "24248320" : 16,
            "24510464" : 22,
            "24772608" : 4,
            "25034752" : 21,
            "25296896" : 47,
            "25559040" : 105,
            "25821184" : 273,
            "26083328" : 557,
            "26345472" : 1410,
            "26607616" : 5006,
            "26869760" : 5276,
            "27131904" : 4104,
            "27394048" : 2789,
            "27656192" : 2502,
            "27918336" : 2263,
            "28180480" : 2221,
            "28442624" : 1596,
            "28704768" : 1108,
            "28966912" : 745,
            "29229056" : 433,
            "29491200" : 229,
            "29753344" : 145,
            "30015488" : 136,
            "30277632" : 259,
            "30539776" : 157,
            "30801920" : 121,
            "31064064" : 69,
            "31326208" : 41,
            "31588352" : 25,
            "31850496" : 17,