{
  "fio version" : "fio-3.17",
  "timestamp" : 1579275710,
  "timestamp_ms" : 1579275710218,
  "time" : "Fri Jan 17 07:41:50 2020",
  "jobs" : [
    {
      "jobname" : "wipc",
      "groupid" : 0,
      "error" : 0,
      "eta" : 0,
      "elapsed" : 889,
      "job options" : {
        "ioengine" : "libaio",
        "group_reporting" : "1",
        "direct" : "1",
        "rw" : "write",
        "bssplit" : "128KB",
        "numjobs" : "1",
        "iodepth" : "32",
        "size" : "75%",
        "io_size" : "256071352320B",
        "filename" : "/dev/sda"
      },
      "read" : {
        "io_bytes" : 0,
        "io_kbytes" : 0,
        "bw_bytes" : 0,
        "bw" : 0,
        "iops" : 0.000000,
        "runtime" : 0,
        "total_ios" : 0,
        "short_ios" : 0,
        "drop_ios" : 0,
        "slat_ns" : {
          "min" : 0,
          "max" : 0,
          "mean" : 0.000000,
          "stddev" : 0.000000
        },
        "clat_ns" : {
          "min" : 0,
          "max" : 0,
          "mean" : 0.000000,
          "stddev" : 0.000000,
          "percentile" : {
            "1.000000" : 0,
            "5.000000" : 0,
            "10.000000" : 0,
            "20.000000" : 0,
            "30.000000" : 0,
            "40.000000" : 0,
            "50.000000" : 0,
            "60.000000" : 0,
            "70.000000" : 0,
            "80.000000" : 0,
            "90.000000" : 0,
            "95.000000" : 0,
            "99.000000" : 0,
            "99.500000" : 0,
            "99.900000" : 0,
            "99.950000" : 0,
            "99.990000" : 0
          },
          "bins" : {

          }
        },
        "lat_ns" : {
          "min" : 0,
          "max" : 0,
          "mean" : 0.000000,
          "stddev" : 0.000000
        },
        "bw_min" : 0,
        "bw_max" : 0,
        "bw_agg" : 0.000000,
        "bw_mean" : 0.000000,
        "bw_dev" : 0.000000,
        "bw_samples" : 0,
        "iops_min" : 0,
        "iops_max" : 0,
        "iops_mean" : 0.000000,
        "iops_stddev" : 0.000000,
        "iops_samples" : 0
      },
      "write" : {
        "io_bytes" : 256071434240,
        "io_kbytes" : 250069760,
        "bw_bytes" : 288393739,
        "bw" : 281634,
        "iops" : 2200.269618,
        "runtime" : 887923,
        "total_ios" : 1953670,
        "short_ios" : 0,
        "drop_ios" : 0,
        "slat_ns" : {
          "min" : 7239,
          "max" : 838173,
          "mean" : 34136.926237,
          "stddev" : 10551.019659
        },
        "clat_ns" : {
          "min" : 569712,
          "max" : 45643317,
          "mean" : 14502915.735169,
          "stddev" : 2164985.466907,
          "percentile" : {
            "1.000000" : 12648448,
            "5.000000" : 12910592,
            "10.000000" : 13041664,
            "20.000000" : 13303808,
            "30.000000" : 13565952,
            "40.000000" : 13828096,
            "50.000000" : 14090240,
            "60.000000" : 14352384,
            "70.000000" : 14745600,
            "80.000000" : 15400960,
            "90.000000" : 15925248,
            "95.000000" : 16580608,
            "99.000000" : 28704768,
            "99.500000" : 29491200,
            "99.900000" : 30539776,
            "99.950000" : 31064064,
            "99.990000" : 32636928
          },
          "bins" : {
            "569344" : 1,
            "1056768" : 3,
            "1236992" : 1,
            "1335296" : 1,
            "1384448" : 1,
            "1499136" : 1,
            "1646592" : 1,
            "1990656" : 1,
            "2072576" : 1,
            "2277376" : 1,
            "2310144" : 1,
            "2441216" : 1,
            "2605056" : 1,
            "2768896" : 1,
            "2932736" : 1,
            "2965504" : 1,
            "3227648" : 1,
            "3260416" : 2,
            "3588096" : 1,
            "3620864" : 1,
            "3653632" : 1,
            "3915776" : 1,
            "3981312" : 2,
            "4292608" : 1,
            "4358144" : 2,
            "4620288" : 1,
            "4685824" : 2,
            "5013504" : 2,
            "5144576" : 1,
            "5341184" : 1,
            "5472256" : 2,
            "5668864" : 1,
            "5799936" : 2,
            "6062080" : 2,
            "6127616" : 1,
            "6193152" : 1,
            "6389760" : 1,
            "6520832" : 1,
            "6586368" : 1,
            "6848512" : 1,
            "6914048" : 1,
            "7241728" : 1,
            "7569408" : 1,
            "7634944" : 1,
            "7962624" : 1,
            "8093696" : 1,
            "8290304" : 1,
            "8355840" : 1,
            "8454144" : 1,
            "8585216" : 1,
            "8716288" : 2,
            "8978432" : 1,
            "9109504" : 1,
            "9371648" : 2,
            "9502720" : 1,
            "9633792" : 1,
            "9764864" : 2,
            "10027008" : 2,
            "10158080" : 5,
            "10289152" : 2,
            "10420224" : 4,
            "10551296" : 4,
            "10682368" : 3,
            "10813440" : 5,
            "10944512" : 1,
            "11075584" : 9,
            "11206656" : 5,
            "11337728" : 6,
            "11468800" : 6,
            "11599872" : 8,
            "11730944" : 22,
            "11862016" : 72,
            "11993088" : 137,
            "12124160" : 224,
            "12255232" : 475,
            "12386304" : 1846,
            "12517376" : 7221,
            "12648448" : 20650,
            "12779520" : 46372,
            "12910592" : 79727,
            "13041664" : 101403,
            "13172736" : 109798,
            "13303808" : 107443,
            "13434880" : 102761,
            "13565952" : 95753,
            "13697024" : 85607,
            "13828096" : 84069,
            "13959168" : 87280,
            "14090240" : 88602,
            "14221312" : 87596,
            "14352384" : 78650,
            "14483456" : 68613,
            "14614528" : 61613,
            "14745600" : 58395,
            "14876672" : 54700,
            "15007744" : 45490,
            "15138816" : 39064,
            "15269888" : 38545,
            "15400960" : 43363,
            "15532032" : 49571,
            "15663104" : 52059,
            "15794176" : 47770,
            "15925248" : 37148,
            "16056320" : 27384,
            "16187392" : 20191,
            "16318464" : 14799,
            "16449536" : 11197,
            "16580608" : 9883,
            "16711680" : 10879,
            "16908288" : 22561,
            "17170432" : 14157,
            "17432576" : 4990,
            "17694720" : 1539,
            "17956864" : 481,
            "18219008" : 125,
            "18481152" : 112,
            "18743296" : 254,
            "19005440" : 354,
            "19267584" : 310,
            "19529728" : 118,
            "19791872" : 23,
            "20054016" : 8,
            "20316160" : 9,
            "20578304" : 31,
            "20840448" : 16,
            "21364736" : 5,
            "21626880" : 5,
            "21889024" : 8,
            "22151168" : 7,
            "22413312" : 2,
            "22675456" : 3,
            "22937600" : 10,
            "23199744" : 7,
            "23461888" : 3,
            "23724032" : 1,
            "23986176" : 6,
            "24248320" : 5,
            "24510464" : 12,
            "24772608" : 41,
            "25034752" : 29,
            "25296896" : 64,
            "25559040" : 53,
            "25821184" : 28,
            "26083328" : 53,
            "26345472" : 93,
            "26607616" : 384,
            "26869760" : 1052,
            "27131904" : 1219,
            "27394048" : 1013,
            "27656192" : 907,
            "27918336" : 994,
            "28180480" : 1919,
            "28442624" : 3616,
            "28704768" : 3988,
            "28966912" : 3206,
            "29229056" : 2511,
            "29491200" : 1946,
            "29753344" : 2230,
            "30015488" : 2073,
            "30277632" : 1604,