{
  "fio version" : "fio-3.17",
  "timestamp" : 1582454907,
  "timestamp_ms" : 1582454907587,
  "time" : "Sun Feb 23 02:48:27 2020",
  "jobs" : [
    {
      "jobname" : "wipc",
      "groupid" : 0,
      "error" : 0,
      "eta" : 0,
      "elapsed" : 885,
      "job options" : {
        "ioengine" : "libaio",
        "group_reporting" : "1",
        "direct" : "1",
        "rw" : "write",
        "bssplit" : "128KB",
        "numjobs" : "1",
        "iodepth" : "32",
        "size" : "75%",
        "io_size" : "256071352320B",
        "filename" : "/dev/sdc"
      },
      "read" : {
        "io_bytes" : 0,
        "io_kbytes" : 0,
        "bw_bytes" : 0,
        "bw" : 0,
        "iops" : 0.000000,
        "runtime" : 0,
        "total_ios" : 0,
        "short_ios" : 0,
        "drop_ios" : 0,
        "slat_ns" : {
          "min" : 0,
          "max" : 0,
          "mean" : 0.000000,
          "stddev" : 0.000000
        },
        "clat_ns" : {
          "min" : 0,
          "max" : 0,
          "mean" : 0.000000,
          "stddev" : 0.000000,
          "percentile" : {
            "1.000000" : 0,
            "5.000000" : 0,
            "10.000000" : 0,
            "20.000000" : 0,
            "30.000000" : 0,
            "40.000000" : 0,
            "50.000000" : 0,
            "60.000000" : 0,
            "70.000000" : 0,
            "80.000000" : 0,
            "90.000000" : 0,
            "95.000000" : 0,
            "99.000000" : 0,
            "99.500000" : 0,
            "99.900000" : 0,
            "99.950000" : 0,
            "99.990000" : 0
          },
          "bins" : {

          }
        },
        "lat_ns" : {
          "min" : 0,
          "max" : 0,
          "mean" : 0.000000,
          "stddev" : 0.000000
        },
        "bw_min" : 0,
        "bw_max" : 0,
        "bw_agg" : 0.000000,
        "bw_mean" : 0.000000,
        "bw_dev" : 0.000000,
        "bw_samples" : 0,
        "iops_min" : 0,
        "iops_max" : 0,
        "iops_mean" : 0.000000,
        "iops_stddev" : 0.000000,
        "iops_samples" : 0
      },
      "write" : {
        "io_bytes" : 256071434240,
        "io_kbytes" : 250069760,
        "bw_bytes" : 289513418,
        "bw" : 282727,
        "iops" : 2208.812094,
        "runtime" : 884489,
        "total_ios" : 1953670,
        "short_ios" : 0,
        "drop_ios" : 0,
        "slat_ns" : {
          "min" : 6730,
          "max" : 677205,
          "mean" : 32410.701823,
          "stddev" : 10843.495255
        },
        "clat_ns" : {
          "min" : 900276,
          "max" : 44413131,
          "mean" : 14448813.485007,
          "stddev" : 2012459.131638,
          "percentile" : {
            "1.000000" : 12648448,
            "5.000000" : 12910592,
            "10.000000" : 13041664,
            "20.000000" : 13303808,
            "30.000000" : 13565952,
            "40.000000" : 13828096,
            "50.000000" : 14090240,
            "60.000000" : 14352384,
            "70.000000" : 14745600,
            "80.000000" : 15269888,
            "90.000000" : 15794176,
            "95.000000" : 16449536,
            "99.000000" : 27131904,
            "99.500000" : 28180480,
            "99.900000" : 28966912,
            "99.950000" : 30015488,
            "99.990000" : 31064064
          },
          "bins" : {
            "897024" : 1,
            "1122304" : 1,
            "1138688" : 1,
            "1335296" : 1,
            "1368064" : 1,
            "1826816" : 1,
            "2039808" : 1,
            "2146304" : 1,
            "2211840" : 1,
            "2375680" : 1,
            "2473984" : 2,
            "2736128" : 1,
            "2834432" : 1,
            "2867200" : 1,
            "3129344" : 1,
            "3162112" : 1,
            "3227648" : 1,
            "3555328" : 3,
            "3784704" : 1,
            "3850240" : 1,
            "3883008" : 1,
            "4046848" : 1,
            "4227072" : 1,
            "4423680" : 1,
            "4620288" : 2,
            "4751360" : 1,
            "4882432" : 1,
            "4947968" : 1,
            "5144576" : 1,
            "5275648" : 1,
            "5341184" : 1,
            "5406720" : 1,
            "5668864" : 1,
            "5734400" : 1,
            "5799936" : 1,
            "5996544" : 1,
            "6127616" : 2,
            "6324224" : 1,
            "6455296" : 2,
            "6717440" : 1,
            "6782976" : 1,
            "7110656" : 1,
            "7176192" : 1,
            "7438336" : 1,
            "7831552" : 1,
            "8159232" : 1,
            "8454144" : 2,
            "8716288" : 1,
            "9109504" : 3,
            "9371648" : 1,
            "9502720" : 2,
            "9764864" : 3,
            "10027008" : 1,
            "10158080" : 4,
            "10289152" : 2,
            "10420224" : 4,
            "10551296" : 3,
            "10682368" : 7,
            "10813440" : 1,
            "10944512" : 9,
            "11075584" : 1,
            "11206656" : 10,
            "11337728" : 9,
            "11468800" : 11,
            "11599872" : 47,
            "11730944" : 90,
            "11862016" : 123,
            "11993088" : 172,
            "12124160" : 407,
            "12255232" : 1005,
            "12386304" : 2056,
            "12517376" : 6882,
            "12648448" : 20811,
            "12779520" : 47833,
            "12910592" : 80884,
            "13041664" : 103262,
            "13172736" : 108351,
            "13303808" : 106839,
            "13434880" : 101691,
            "13565952" : 98060,
            "13697024" : 97106,
            "13828096" : 94993,
            "13959168" : 91325,
            "14090240" : 90150,
            "14221312" : 84968,
            "14352384" : 75918,
            "14483456" : 66456,
            "14614528" : 62002,
            "14745600" : 57290,
            "14876672" : 49767,
            "15007744" : 41055,
            "15138816" : 37973,
            "15269888" : 42001,
            "15400960" : 50812,
            "15532032" : 54223,
            "15663104" : 50995,
            "15794176" : 40952,
            "15925248" : 30077,
            "16056320" : 21942,
            "16187392" : 16450,
            "16318464" : 12405,
            "16449536" : 9732,
            "16580608" : 9527,
            "16711680" : 10607,
            "16908288" : 22738,
            "17170432" : 13795,
            "17432576" : 4388,
            "17694720" : 1389,
            "17956864" : 424,
            "18219008" : 132,
            "18481152" : 104,
            "18743296" : 219,
            "19005440" : 389,
            "19267584" : 380,
            "19529728" : 197,
            "19791872" : 40,
            "20054016" : 6,
            "20316160" : 2,
            "20578304" : 1,
            "20840448" : 3,
            "21102592" : 12,
            "21364736" : 25,
            "21626880" : 5,
            "21889024" : 37,
            "22151168" : 8,
            "22413312" : 14,
            "22675456" : 7,
            "22937600" : 11,
            "23199744" : 5,
            "23461888" : 6,
            "23724032" : 1,
            "23986176" : 14,
            "24248320" : 5,
            "24510464" : 2,
            "24772608" : 16,
            "25034752" : 15,
            "25296896" : 46,
            "25559040" : 103,
            "25821184" : 267,
            "26083328" : 454,
            "26345472" : 801,
            "26607616" : 4078,
            "26869760" : 4889,
            "27131904" : 3474,
            "27394048" : 2357,
            "27656192" : 2518,
            "27918336" : 2623,
            "28180480" : 3380,
            "28442624" : 2467,
            "28704768" : 1657,
            "28966912" : 989,
            "29229056" : 448,
            "29491200" : 178,
            "29753344" : 66,
            "30015488" : 181,
            "30277632" : 278,
            "30539776" : 294,
            "30801920" : 149,
            "31064064" : 45,
            "31326208" : 24,