{
  "fio version" : "fio-3.17",
  "timestamp" : 1582460532,
  "timestamp_ms" : 1582460532795,
  "time" : "Sun Feb 23 04:22:12 2020",
  "jobs" : [
    {
      "jobname" : "wipc",
      "groupid" : 0,
      "error" : 0,
      "eta" : 0,
      "elapsed" : 885,
      "job options" : {
        "ioengine" : "libaio",
        "group_reporting" : "1",
        "direct" : "1",
        "rw" : "write",
        "bssplit" : "128KB",
        "numjobs" : "1",
        "iodepth" : "32",
        "size" : "75%",
        "io_size" : "256071352320B",
        "filename" : "/dev/sdc"
      },
      "read" : {
        "io_bytes" : 0,
        "io_kbytes" : 0,
        "bw_bytes" : 0,
        "bw" : 0,
        "iops" : 0.000000,
        "runtime" : 0,
        "total_ios" : 0,
        "short_ios" : 0,
        "drop_ios" : 0,
        "slat_ns" : {
          "min" : 0,
          "max" : 0,
          "mean" : 0.000000,
          "stddev" : 0.000000
        },
        "clat_ns" : {
          "min" : 0,
          "max" : 0,
          "mean" : 0.000000,
          "stddev" : 0.000000,
          "percentile" : {
            "1.000000" : 0,
            "5.000000" : 0,
            "10.000000" : 0,
            "20.000000" : 0,
            "30.000000" : 0,
            "40.000000" : 0,
            "50.000000" : 0,
            "60.000000" : 0,
            "70.000000" : 0,
            "80.000000" : 0,
            "90.000000" : 0,
            "95.000000" : 0,
            "99.000000" : 0,
            "99.500000" : 0,
            "99.900000" : 0,
            "99.950000" : 0,
            "99.990000" : 0
          },
          "bins" : {

          }
        },
        "lat_ns" : {
          "min" : 0,
          "max" : 0,
          "mean" : 0.000000,
          "stddev" : 0.000000
        },
        "bw_min" : 0,
        "bw_max" : 0,
        "bw_agg" : 0.000000,
        "bw_mean" : 0.000000,
        "bw_dev" : 0.000000,
        "bw_samples" : 0,
        "iops_min" : 0,
        "iops_max" : 0,
        "iops_mean" : 0.000000,
        "iops_stddev" : 0.000000,
        "iops_samples" : 0
      },
      "write" : {
        "io_bytes" : 256071434240,
        "io_kbytes" : 250069760,
        "bw_bytes" : 289642769,
        "bw" : 282854,
        "iops" : 2209.798958,
        "runtime" : 884094,
        "total_ios" : 1953670,
        "short_ios" : 0,
        "drop_ios" : 0,
        "slat_ns" : {
          "min" : 8072,
          "max" : 835445,
          "mean" : 32226.291320,
          "stddev" : 10883.470967
        },
        "clat_ns" : {
          "min" : 1029438,
          "max" : 44526881,
          "mean" : 14442537.772618,
          "stddev" : 2005093.641342,
          "percentile" : {
            "1.000000" : 12648448,
            "5.000000" : 12910592,
            "10.000000" : 13041664,
            "20.000000" : 13303808,
            "30.000000" : 13565952,
            "40.000000" : 13828096,
            "50.000000" : 14090240,
            "60.000000" : 14352384,
            "70.000000" : 14745600,
            "80.000000" : 15269888,
            "90.000000" : 15794176,
            "95.000000" : 16449536,
            "99.000000" : 27131904,
            "99.500000" : 27918336,
            "99.900000" : 28966912,
            "99.950000" : 29491200,
            "99.990000" : 31326208
          },
          "bins" : {
            "1028096" : 1,
            "1155072" : 2,
            "1204224" : 2,
            "1286144" : 1,
            "1318912" : 1,
            "1548288" : 1,
            "1564672" : 1,
            "1925120" : 1,
            "1941504" : 1,
            "2072576" : 1,
            "2277376" : 1,
            "2375680" : 1,
            "2473984" : 1,
            "2605056" : 1,
            "2736128" : 1,
            "2801664" : 1,
            "3096576" : 2,
            "3194880" : 1,
            "3457024" : 1,
            "3489792" : 2,
            "3784704" : 1,
            "3817472" : 1,
            "3850240" : 1,
            "4112384" : 1,
            "4145152" : 2,
            "4423680" : 1,
            "4489216" : 1,
            "4554752" : 1,
            "4816896" : 2,
            "4947968" : 1,
            "5144576" : 2,
            "5210112" : 1,
            "5275648" : 1,
            "5537792" : 2,
            "5668864" : 2,
            "5865472" : 2,
            "5931008" : 1,
            "6127616" : 1,
            "6324224" : 1,
            "6520832" : 1,
            "6848512" : 1,
            "7176192" : 2,
            "7503872" : 1,
            "7569408" : 1,
            "7831552" : 2,
            "8093696" : 1,
            "8224768" : 2,
            "8355840" : 1,
            "8585216" : 1,
            "8716288" : 1,
            "8978432" : 1,
            "9109504" : 1,
            "9240576" : 1,
            "9371648" : 1,
            "9502720" : 3,
            "9633792" : 1,
            "9764864" : 2,
            "10027008" : 4,
            "10158080" : 1,
            "10420224" : 2,
            "10551296" : 4,
            "10682368" : 5,
            "10813440" : 4,
            "10944512" : 3,
            "11075584" : 5,
            "11206656" : 5,
            "11337728" : 6,
            "11468800" : 9,
            "11599872" : 33,
            "11730944" : 70,
            "11862016" : 159,
            "11993088" : 219,
            "12124160" : 467,
            "12255232" : 1029,
            "12386304" : 2542,
            "12517376" : 7164,
            "12648448" : 22114,
            "12779520" : 49441,
            "12910592" : 83044,
            "13041664" : 102316,
            "13172736" : 107453,
            "13303808" : 105094,
            "13434880" : 99983,
            "13565952" : 97530,
            "13697024" : 96108,
            "13828096" : 95179,
            "13959168" : 90197,
            "14090240" : 91421,
            "14221312" : 85914,
            "14352384" : 76742,
            "14483456" : 68251,
            "14614528" : 63762,
            "14745600" : 57805,
            "14876672" : 48895,
            "15007744" : 41404,
            "15138816" : 36516,
            "15269888" : 41685,
            "15400960" : 50311,
            "15532032" : 54476,
            "15663104" : 50569,
            "15794176" : 40233,
            "15925248" : 29483,
            "16056320" : 22512,
            "16187392" : 16802,
            "16318464" : 12650,
            "16449536" : 9849,
            "16580608" : 9268,
            "16711680" : 10466,
            "16908288" : 21821,
            "17170432" : 13018,
            "17432576" : 4285,
            "17694720" : 1339,
            "17956864" : 410,
            "18219008" : 144,
            "18481152" : 94,
            "18743296" : 234,
            "19005440" : 373,
            "19267584" : 366,
            "19529728" : 196,
            "19791872" : 34,
            "20054016" : 10,
            "20316160" : 18,
            "20578304" : 28,
            "20840448" : 17,
            "21102592" : 10,
            "21364736" : 7,
            "21626880" : 2,
            "21889024" : 3,
            "22151168" : 10,
            "22413312" : 6,
            "22675456" : 2,
            "22937600" : 3,
            "23199744" : 5,
            "23461888" : 2,
            "23724032" : 2,
            "23986176" : 2,
            "24248320" : 1,
            "24510464" : 2,
            "24772608" : 67,
            "25034752" : 268,
            "25296896" : 344,
            "25559040" : 146,
            "25821184" : 60,
            "26083328" : 119,
            "26345472" : 553,
            "26607616" : 3540,
            "26869760" : 4877,
            "27131904" : 4572,
            "27394048" : 3133,
            "27656192" : 2530,
            "27918336" : 2502,
            "28180480" : 2784,
            "28442624" : 2202,
            "28704768" : 1545,
            "28966912" : 1154,
            "29229056" : 484,
            "29491200" : 151,
            "29753344" : 108,
            "30015488" : 227,
            "30277632" : 190,