{
  "fio version" : "fio-3.17",
  "timestamp" : 1582396034,
  "timestamp_ms" : 1582396034241,
  "time" : "Sat Feb 22 10:27:14 2020",
  "jobs" : [
    {
      "jobname" : "wipc",
      "groupid" : 0,
      "error" : 0,
      "eta" : 0,
      "elapsed" : 884,
      "job options" : {
        "ioengine" : "libaio",
        "group_reporting" : "1",
        "direct" : "1",
        "rw" : "write",
        "bssplit" : "128KB",
        "numjobs" : "1",
        "iodepth" : "32",
        "size" : "75%",
        "io_size" : "256071352320B",
        "filename" : "/dev/sdc"
      },
      "read" : {
        "io_bytes" : 0,
        "io_kbytes" : 0,
        "bw_bytes" : 0,
        "bw" : 0,
        "iops" : 0.000000,
        "runtime" : 0,
        "total_ios" : 0,
        "short_ios" : 0,
        "drop_ios" : 0,
        "slat_ns" : {
          "min" : 0,
          "max" : 0,
          "mean" : 0.000000,
          "stddev" : 0.000000
        },
        "clat_ns" : {
          "min" : 0,
          "max" : 0,
          "mean" : 0.000000,
          "stddev" : 0.000000,
          "percentile" : {
            "1.000000" : 0,
            "5.000000" : 0,
            "10.000000" : 0,
            "20.000000" : 0,
            "30.000000" : 0,
            "40.000000" : 0,
            "50.000000" : 0,
            "60.000000" : 0,
            "70.000000" : 0,
            "80.000000" : 0,
            "90.000000" : 0,
            "95.000000" : 0,
            "99.000000" : 0,
            "99.500000" : 0,
            "99.900000" : 0,
            "99.950000" : 0,
            "99.990000" : 0
          },
          "bins" : {

          }
        },
        "lat_ns" : {
          "min" : 0,
          "max" : 0,
          "mean" : 0.000000,
          "stddev" : 0.000000
        },
        "bw_min" : 0,
        "bw_max" : 0,
        "bw_agg" : 0.000000,
        "bw_mean" : 0.000000,
        "bw_dev" : 0.000000,
        "bw_samples" : 0,
        "iops_min" : 0,
        "iops_max" : 0,
        "iops_mean" : 0.000000,
        "iops_stddev" : 0.000000,
        "iops_samples" : 0
      },
      "write" : {
        "io_bytes" : 256071434240,
        "io_kbytes" : 250069760,
        "bw_bytes" : 289812245,
        "bw" : 283019,
        "iops" : 2211.091959,
        "runtime" : 883577,
        "total_ios" : 1953670,
        "short_ios" : 0,
        "drop_ios" : 0,
        "slat_ns" : {
          "min" : 7424,
          "max" : 522422,
          "mean" : 33227.100453,
          "stddev" : 10972.383817
        },
        "clat_ns" : {
          "min" : 1064637,
          "max" : 43443340,
          "mean" : 14432804.802607,
          "stddev" : 1994152.906706,
          "percentile" : {
            "1.000000" : 12648448,
            "5.000000" : 12910592,
            "10.000000" : 13041664,
            "20.000000" : 13303808,
            "30.000000" : 13434880,
            "40.000000" : 13697024,
            "50.000000" : 14090240,
            "60.000000" : 14352384,
            "70.000000" : 14745600,
            "80.000000" : 15269888,
            "90.000000" : 15794176,
            "95.000000" : 16449536,
            "99.000000" : 26869760,
            "99.500000" : 27656192,
            "99.900000" : 28966912,
            "99.950000" : 29491200,
            "99.990000" : 31064064
          },
          "bins" : {
            "1056768" : 1,
            "1122304" : 2,
            "1253376" : 1,
            "1318912" : 1,
            "1351680" : 1,
            "1531904" : 1,
            "1548288" : 1,
            "1777664" : 1,
            "1925120" : 1,
            "2072576" : 1,
            "2146304" : 1,
            "2310144" : 1,
            "2342912" : 1,
            "2506752" : 1,
            "2605056" : 1,
            "2736128" : 1,
            "2867200" : 1,
            "2932736" : 1,
            "3096576" : 1,
            "3194880" : 1,
            "3358720" : 1,
            "3391488" : 1,
            "3522560" : 1,
            "3653632" : 1,
            "3817472" : 1,
            "3915776" : 1,
            "4014080" : 1,
            "4079616" : 1,
            "4177920" : 1,
            "4358144" : 1,
            "4489216" : 1,
            "4554752" : 1,
            "4751360" : 1,
            "4882432" : 1,
            "5013504" : 1,
            "5144576" : 2,
            "5341184" : 2,
            "5472256" : 1,
            "5537792" : 1,
            "5734400" : 1,
            "5865472" : 1,
            "5931008" : 1,
            "6062080" : 1,
            "6127616" : 1,
            "6193152" : 1,
            "6520832" : 1,
            "6782976" : 1,
            "7176192" : 1,
            "7438336" : 1,
            "7503872" : 1,
            "7569408" : 1,
            "7831552" : 2,
            "7897088" : 1,
            "8093696" : 1,
            "8159232" : 2,
            "8454144" : 1,
            "8585216" : 1,
            "8847360" : 2,
            "9109504" : 1,
            "9240576" : 2,
            "9502720" : 3,
            "9764864" : 1,
            "9895936" : 2,
            "10027008" : 1,
            "10158080" : 2,
            "10289152" : 2,
            "10420224" : 3,
            "10551296" : 3,
            "10682368" : 3,
            "10813440" : 1,
            "10944512" : 5,
            "11075584" : 11,
            "11206656" : 25,
            "11337728" : 103,
            "11468800" : 141,
            "11599872" : 146,
            "11730944" : 214,
            "11862016" : 233,
            "11993088" : 323,
            "12124160" : 536,
            "12255232" : 955,
            "12386304" : 2443,
            "12517376" : 7862,
            "12648448" : 22124,
            "12779520" : 48679,
            "12910592" : 83778,
            "13041664" : 104793,
            "13172736" : 109073,
            "13303808" : 105501,
            "13434880" : 100707,
            "13565952" : 96642,
            "13697024" : 97976,
            "13828096" : 93728,
            "13959168" : 90700,
            "14090240" : 89352,
            "14221312" : 84642,
            "14352384" : 75586,
            "14483456" : 67430,
            "14614528" : 63444,
            "14745600" : 57837,
            "14876672" : 49756,
            "15007744" : 41786,
            "15138816" : 39090,
            "15269888" : 43605,
            "15400960" : 50532,
            "15532032" : 53968,
            "15663104" : 49271,
            "15794176" : 39037,
            "15925248" : 28912,
            "16056320" : 21452,
            "16187392" : 16262,
            "16318464" : 12030,
            "16449536" : 9871,
            "16580608" : 9758,
            "16711680" : 10024,
            "16908288" : 21416,
            "17170432" : 12449,
            "17432576" : 4157,
            "17694720" : 1359,
            "17956864" : 396,
            "18219008" : 148,
            "18481152" : 95,
            "18743296" : 214,
            "19005440" : 329,
            "19267584" : 386,
            "19529728" : 173,
            "19791872" : 47,
            "20054016" : 5,
            "20316160" : 1,
            "20578304" : 2,
            "20840448" : 3,
            "21102592" : 6,
            "21364736" : 15,
            "21626880" : 19,
            "21889024" : 5,
            "22151168" : 11,
            "22413312" : 7,
            "22675456" : 11,
            "22937600" : 13,
            "23199744" : 5,
            "23461888" : 1,
            "23724032" : 2,
            "23986176" : 23,
            "24248320" : 14,
            "24510464" : 14,
            "24772608" : 3,
            "25034752" : 6,
            "25296896" : 15,
            "25559040" : 54,
            "25821184" : 151,
            "26083328" : 445,
            "26345472" : 1286,
            "26607616" : 5084,
            "26869760" : 5405,
            "27131904" : 4049,
            "27394048" : 3162,
            "27656192" : 2814,
            "27918336" : 2236,
            "28180480" : 1647,
            "28442624" : 1499,