{
  "fio version" : "fio-3.17",
  "timestamp" : 1579685579,
  "timestamp_ms" : 1579685579333,
  "time" : "Wed Jan 22 01:32:59 2020",
  "jobs" : [
    {
      "jobname" : "wipc",
      "groupid" : 0,
      "error" : 0,
      "eta" : 0,
      "elapsed" : 899,
      "job options" : {
        "ioengine" : "libaio",
        "group_reporting" : "1",
        "direct" : "1",
        "rw" : "write",
        "bssplit" : "128KB",
        "numjobs" : "1",
        "iodepth" : "32",
        "size" : "75%",
        "io_size" : "256071352320B",
        "filename" : "/dev/sdd"
      },
      "read" : {
        "io_bytes" : 0,
        "io_kbytes" : 0,
        "bw_bytes" : 0,
        "bw" : 0,
        "iops" : 0.000000,
        "runtime" : 0,
        "total_ios" : 0,
        "short_ios" : 0,
        "drop_ios" : 0,
        "slat_ns" : {
          "min" : 0,
          "max" : 0,
          "mean" : 0.000000,
          "stddev" : 0.000000
        },
        "clat_ns" : {
          "min" : 0,
          "max" : 0,
          "mean" : 0.000000,
          "stddev" : 0.000000,
          "percentile" : {
            "1.000000" : 0,
            "5.000000" : 0,
            "10.000000" : 0,
            "20.000000" : 0,
            "30.000000" : 0,
            "40.000000" : 0,
            "50.000000" : 0,
            "60.000000" : 0,
            "70.000000" : 0,
            "80.000000" : 0,
            "90.000000" : 0,
            "95.000000" : 0,
            "99.000000" : 0,
            "99.500000" : 0,
            "99.900000" : 0,
            "99.950000" : 0,
            "99.990000" : 0
          },
          "bins" : {

          }
        },
        "lat_ns" : {
          "min" : 0,
          "max" : 0,
          "mean" : 0.000000,
          "stddev" : 0.000000
        },
        "bw_min" : 0,
        "bw_max" : 0,
        "bw_agg" : 0.000000,
        "bw_mean" : 0.000000,
        "bw_dev" : 0.000000,
        "bw_samples" : 0,
        "iops_min" : 0,
        "iops_max" : 0,
        "iops_mean" : 0.000000,
        "iops_stddev" : 0.000000,
        "iops_samples" : 0
      },
      "write" : {
        "io_bytes" : 256071434240,
        "io_kbytes" : 250069760,
        "bw_bytes" : 285098130,
        "bw" : 278416,
        "iops" : 2175.126115,
        "runtime" : 898187,
        "total_ios" : 1953670,
        "short_ios" : 0,
        "drop_ios" : 0,
        "slat_ns" : {
          "min" : 7392,
          "max" : 797475,
          "mean" : 31584.412027,
          "stddev" : 11023.031381
        },
        "clat_ns" : {
          "min" : 1006781,
          "max" : 43535148,
          "mean" : 14674093.319405,
          "stddev" : 2003542.841013,
          "percentile" : {
            "1.000000" : 12910592,
            "5.000000" : 13041664,
            "10.000000" : 13303808,
            "20.000000" : 13434880,
            "30.000000" : 13697024,
            "40.000000" : 13959168,
            "50.000000" : 14221312,
            "60.000000" : 14614528,
            "70.000000" : 15007744,
            "80.000000" : 15532032,
            "90.000000" : 16056320,
            "95.000000" : 16908288,
            "99.000000" : 27394048,
            "99.500000" : 28180480,
            "99.900000" : 29229056,
            "99.950000" : 29491200,
            "99.990000" : 31850496
          },
          "bins" : {
            "1003520" : 1,
            "1028096" : 1,
            "1056768" : 1,
            "1073152" : 1,
            "1335296" : 1,
            "1384448" : 1,
            "1564672" : 1,
            "1679360" : 1,
            "1990656" : 1,
            "2056192" : 1,
            "2342912" : 1,
            "2375680" : 1,
            "2736128" : 1,
            "2768896" : 1,
            "2899968" : 1,
            "3063808" : 1,
            "3096576" : 1,
            "3227648" : 1,
            "3457024" : 1,
            "3489792" : 1,
            "3555328" : 2,
            "3751936" : 1,
            "3817472" : 1,
            "3850240" : 1,
            "3915776" : 1,
            "4112384" : 1,
            "4145152" : 1,
            "4227072" : 2,
            "4423680" : 1,
            "4554752" : 3,
            "4816896" : 2,
            "4947968" : 2,
            "5144576" : 1,
            "5210112" : 2,
            "5275648" : 1,
            "5472256" : 2,
            "5537792" : 1,
            "5603328" : 1,
            "5799936" : 2,
            "5865472" : 1,
            "5931008" : 1,
            "6193152" : 2,
            "6258688" : 1,
            "6455296" : 1,
            "6586368" : 2,
            "6848512" : 1,
            "7045120" : 1,
            "7110656" : 1,
            "7176192" : 1,
            "7372800" : 1,
            "7438336" : 1,
            "7569408" : 1,
            "7700480" : 1,
            "7831552" : 2,
            "7962624" : 2,
            "8028160" : 1,
            "8224768" : 1,
            "8355840" : 1,
            "8585216" : 1,
            "8716288" : 1,
            "8978432" : 1,
            "9371648" : 2,
            "9502720" : 1,
            "9633792" : 1,
            "9764864" : 1,
            "9895936" : 1,
            "10027008" : 1,
            "10158080" : 3,
            "10289152" : 1,
            "10420224" : 1,
            "10551296" : 4,
            "10682368" : 1,
            "10813440" : 3,
            "10944512" : 2,
            "11075584" : 5,
            "11206656" : 3,
            "11337728" : 6,
            "11468800" : 5,
            "11599872" : 11,
            "11730944" : 53,
            "11862016" : 136,
            "11993088" : 157,
            "12124160" : 234,
            "12255232" : 463,
            "12386304" : 760,
            "12517376" : 1296,
            "12648448" : 3419,
            "12779520" : 10465,
            "12910592" : 26274,
            "13041664" : 55367,
            "13172736" : 85705,
            "13303808" : 100850,
            "13434880" : 106842,
            "13565952" : 106285,
            "13697024" : 103748,
            "13828096" : 100784,
            "13959168" : 103602,
            "14090240" : 99144,
            "14221312" : 95664,
            "14352384" : 90158,
            "14483456" : 79183,
            "14614528" : 70128,
            "14745600" : 65381,
            "14876672" : 59850,
            "15007744" : 54312,
            "15138816" : 43982,
            "15269888" : 38294,
            "15400960" : 39103,
            "15532032" : 46719,
            "15663104" : 51135,
            "15794176" : 49258,
            "15925248" : 43889,
            "16056320" : 32857,
            "16187392" : 24833,
            "16318464" : 20050,
            "16449536" : 16364,
            "16580608" : 13965,
            "16711680" : 11513,
            "16908288" : 23449,
            "17170432" : 23123,
            "17432576" : 13454,
            "17694720" : 5193,
            "17956864" : 1834,
            "18219008" : 634,
            "18481152" : 168,
            "18743296" : 124,
            "19005440" : 205,
            "19267584" : 373,
            "19529728" : 393,
            "19791872" : 234,
            "20054016" : 79,
            "20316160" : 26,
            "20578304" : 10,
            "20840448" : 6,
            "21102592" : 7,
            "21364736" : 24,
            "21626880" : 27,
            "21889024" : 25,
            "22151168" : 9,
            "22413312" : 1,
            "22675456" : 17,
            "22937600" : 10,
            "23199744" : 7,
            "23461888" : 6,
            "23724032" : 6,
            "23986176" : 16,
            "24248320" : 5,
            "24510464" : 18,
            "24772608" : 10,
            "25034752" : 75,
            "25296896" : 217,
            "25559040" : 211,
            "25821184" : 147,
            "26083328" : 248,
            "26345472" : 580,
            "26607616" : 1749,
            "26869760" : 4267,
            "27131904" : 4382,
            "27394048" : 3468,
            "27656192" : 2675,
            "27918336" : 2574,