{
  "fio version" : "fio-3.17",
  "timestamp" : 1579348264,
  "timestamp_ms" : 1579348264455,
  "time" : "Sat Jan 18 03:51:04 2020",
  "jobs" : [
    {
      "jobname" : "wipc",
      "groupid" : 0,
      "error" : 0,
      "eta" : 0,
      "elapsed" : 893,
      "job options" : {
        "ioengine" : "libaio",
        "group_reporting" : "1",
        "direct" : "1",
        "rw" : "write",
        "bssplit" : "128KB",
        "numjobs" : "1",
        "iodepth" : "32",
        "size" : "75%",
        "io_size" : "256071352320B",
        "filename" : "/dev/sdc"
      },
      "read" : {
        "io_bytes" : 0,
        "io_kbytes" : 0,
        "bw_bytes" : 0,
        "bw" : 0,
        "iops" : 0.000000,
        "runtime" : 0,
        "total_ios" : 0,
        "short_ios" : 0,
        "drop_ios" : 0,
        "slat_ns" : {
          "min" : 0,
          "max" : 0,
          "mean" : 0.000000,
          "stddev" : 0.000000
        },
        "clat_ns" : {
          "min" : 0,
          "max" : 0,
          "mean" : 0.000000,
          "stddev" : 0.000000,
          "percentile" : {
            "1.000000" : 0,
            "5.000000" : 0,
            "10.000000" : 0,
            "20.000000" : 0,
            "30.000000" : 0,
            "40.000000" : 0,
            "50.000000" : 0,
            "60.000000" : 0,
            "70.000000" : 0,
            "80.000000" : 0,
            "90.000000" : 0,
            "95.000000" : 0,
            "99.000000" : 0,
            "99.500000" : 0,
            "99.900000" : 0,
            "99.950000" : 0,
            "99.990000" : 0
          },
          "bins" : {

          }
        },
        "lat_ns" : {
          "min" : 0,
          "max" : 0,
          "mean" : 0.000000,
          "stddev" : 0.000000
        },
        "bw_min" : 0,
        "bw_max" : 0,
        "bw_agg" : 0.000000,
        "bw_mean" : 0.000000,
        "bw_dev" : 0.000000,
        "bw_samples" : 0,
        "iops_min" : 0,
        "iops_max" : 0,
        "iops_mean" : 0.000000,
        "iops_stddev" : 0.000000,
        "iops_samples" : 0
      },
      "write" : {
        "io_bytes" : 256071434240,
        "io_kbytes" : 250069760,
        "bw_bytes" : 286989695,
        "bw" : 280263,
        "iops" : 2189.557610,
        "runtime" : 892267,
        "total_ios" : 1953670,
        "short_ios" : 0,
        "drop_ios" : 0,
        "slat_ns" : {
          "min" : 7100,
          "max" : 818067,
          "mean" : 32790.118566,
          "stddev" : 11300.225110
        },
        "clat_ns" : {
          "min" : 1018139,
          "max" : 43335390,
          "mean" : 14575683.863416,
          "stddev" : 2001069.664647,
          "percentile" : {
            "1.000000" : 12779520,
            "5.000000" : 13041664,
            "10.000000" : 13172736,
            "20.000000" : 13434880,
            "30.000000" : 13697024,
            "40.000000" : 13959168,
            "50.000000" : 14221312,
            "60.000000" : 14483456,
            "70.000000" : 14876672,
            "80.000000" : 15400960,
            "90.000000" : 16056320,
            "95.000000" : 16711680,
            "99.000000" : 27131904,
            "99.500000" : 28180480,
            "99.900000" : 28966912,
            "99.950000" : 29229056,
            "99.990000" : 31588352
          },
          "bins" : {
            "1019904" : 1,
            "1073152" : 1,
            "1089536" : 1,
            "1138688" : 1,
            "1351680" : 1,
            "1400832" : 1,
            "1449984" : 1,
            "1515520" : 1,
            "1810432" : 1,
            "2056192" : 1,
            "2211840" : 1,
            "2375680" : 1,
            "2473984" : 1,
            "2506752" : 1,
            "2768896" : 2,
            "2899968" : 1,
            "3162112" : 2,
            "3194880" : 1,
            "3457024" : 1,
            "3555328" : 1,
            "3588096" : 1,
            "3784704" : 1,
            "3883008" : 1,
            "3915776" : 1,
            "4177920" : 1,
            "4292608" : 1,
            "4423680" : 1,
            "4554752" : 1,
            "4620288" : 1,
            "4751360" : 1,
            "4882432" : 2,
            "5144576" : 1,
            "5210112" : 1,
            "5406720" : 2,
            "5537792" : 1,
            "5799936" : 1,
            "5931008" : 1,
            "6062080" : 1,
            "6193152" : 2,
            "6455296" : 2,
            "6586368" : 1,
            "6848512" : 2,
            "6914048" : 1,
            "7110656" : 1,
            "7307264" : 2,
            "7569408" : 1,
            "7634944" : 1,
            "7962624" : 1,
            "8028160" : 2,
            "8224768" : 1,
            "8290304" : 3,
            "8585216" : 2,
            "8716288" : 1,
            "8847360" : 1,
            "9109504" : 1,
            "9371648" : 1,
            "9502720" : 1,
            "9764864" : 1,
            "9895936" : 3,
            "10158080" : 6,
            "10289152" : 1,
            "10420224" : 3,
            "10551296" : 6,
            "10682368" : 2,
            "10813440" : 5,
            "10944512" : 8,
            "11075584" : 9,
            "11206656" : 9,
            "11337728" : 6,
            "11468800" : 11,
            "11599872" : 24,
            "11730944" : 56,
            "11862016" : 122,
            "11993088" : 172,
            "12124160" : 304,
            "12255232" : 583,
            "12386304" : 1330,
            "12517376" : 3095,
            "12648448" : 8571,
            "12779520" : 22942,
            "12910592" : 48764,
            "13041664" : 78333,
            "13172736" : 97996,
            "13303808" : 105253,
            "13434880" : 105476,
            "13565952" : 104081,
            "13697024" : 101453,
            "13828096" : 101062,
            "13959168" : 99355,
            "14090240" : 95565,
            "14221312" : 88510,
            "14352384" : 80140,
            "14483456" : 73084,
            "14614528" : 67073,
            "14745600" : 62980,
            "14876672" : 55571,
            "15007744" : 48461,
            "15138816" : 42141,
            "15269888" : 41753,
            "15400960" : 44313,
            "15532032" : 47938,
            "15663104" : 48182,
            "15794176" : 44565,
            "15925248" : 36400,
            "16056320" : 29713,
            "16187392" : 22565,
            "16318464" : 17849,
            "16449536" : 14297,
            "16580608" : 12583,
            "16711680" : 12094,
            "16908288" : 23957,
            "17170432" : 18141,
            "17432576" : 8866,
            "17694720" : 3143,
            "17956864" : 1032,
            "18219008" : 347,
            "18481152" : 122,
            "18743296" : 178,
            "19005440" : 335,
            "19267584" : 343,
            "19529728" : 252,
            "19791872" : 103,
            "20054016" : 39,
            "20316160" : 14,
            "20578304" : 3,
            "20840448" : 16,
            "21102592" : 3,
            "21364736" : 5,
            "21626880" : 3,
            "21889024" : 23,
            "22151168" : 6,
            "22413312" : 1,
            "22675456" : 3,
            "22937600" : 7,
            "23199744" : 11,
            "23461888" : 15,
            "23724032" : 8,
            "23986176" : 2,
            "24248320" : 7,
            "24510464" : 5,
            "24772608" : 61,
            "25034752" : 223,
            "25296896" : 289,
            "25559040" : 154,
            "25821184" : 103,
            "26083328" : 208,
            "26345472" : 436,
            "26607616" : 1773,
            "26869760" : 4621,
            "27131904" : 4580,
            "27394048" : 3240,
            "27656192" : 2905,
            "27918336" : 2597,
            "28180480" : 2774,
            "28442624" : 2851,
            "28704768" : 2327,
            "28966912" : 1398,
            "29229056" : 610,
            "29491200" : 212,
            "29753344" : 59,