{
  "fio version" : "fio-3.17",
  "timestamp" : 1579658238,
  "timestamp_ms" : 1579658238124,
  "time" : "Tue Jan 21 17:57:18 2020",
  "jobs" : [
    {
      "jobname" : "wipc",
      "groupid" : 0,
      "error" : 0,
      "eta" : 0,
      "elapsed" : 903,
      "job options" : {
        "ioengine" : "libaio",
        "group_reporting" : "1",
        "direct" : "1",
        "rw" : "write",
        "bssplit" : "128KB",
        "numjobs" : "1",
        "iodepth" : "32",
        "size" : "75%",
        "io_size" : "256071352320B",
        "filename" : "/dev/sdd"
      },
      "read" : {
        "io_bytes" : 0,
        "io_kbytes" : 0,
        "bw_bytes" : 0,
        "bw" : 0,
        "iops" : 0.000000,
        "runtime" : 0,
        "total_ios" : 0,
        "short_ios" : 0,
        "drop_ios" : 0,
        "slat_ns" : {
          "min" : 0,
          "max" : 0,
          "mean" : 0.000000,
          "stddev" : 0.000000
        },
        "clat_ns" : {
          "min" : 0,
          "max" : 0,
          "mean" : 0.000000,
          "stddev" : 0.000000,
          "percentile" : {
            "1.000000" : 0,
            "5.000000" : 0,
            "10.000000" : 0,
            "20.000000" : 0,
            "30.000000" : 0,
            "40.000000" : 0,
            "50.000000" : 0,
            "60.000000" : 0,
            "70.000000" : 0,
            "80.000000" : 0,
            "90.000000" : 0,
            "95.000000" : 0,
            "99.000000" : 0,
            "99.500000" : 0,
            "99.900000" : 0,
            "99.950000" : 0,
            "99.990000" : 0
          },
          "bins" : {

          }
        },
        "lat_ns" : {
          "min" : 0,
          "max" : 0,
          "mean" : 0.000000,
          "stddev" : 0.000000
        },
        "bw_min" : 0,
        "bw_max" : 0,
        "bw_agg" : 0.000000,
        "bw_mean" : 0.000000,
        "bw_dev" : 0.000000,
        "bw_samples" : 0,
        "iops_min" : 0,
        "iops_max" : 0,
        "iops_mean" : 0.000000,
        "iops_stddev" : 0.000000,
        "iops_samples" : 0
      },
      "write" : {
        "io_bytes" : 256071434240,
        "io_kbytes" : 250069760,
        "bw_bytes" : 283768990,
        "bw" : 277118,
        "iops" : 2164.985583,
        "runtime" : 902394,
        "total_ios" : 1953670,
        "short_ios" : 0,
        "drop_ios" : 0,
        "slat_ns" : {
          "min" : 6973,
          "max" : 772838,
          "mean" : 32972.861793,
          "stddev" : 10758.217952
        },
        "clat_ns" : {
          "min" : 1016668,
          "max" : 43260360,
          "mean" : 14741407.610086,
          "stddev" : 2010879.715723,
          "percentile" : {
            "1.000000" : 12910592,
            "5.000000" : 13172736,
            "10.000000" : 13303808,
            "20.000000" : 13565952,
            "30.000000" : 13828096,
            "40.000000" : 14090240,
            "50.000000" : 14352384,
            "60.000000" : 14614528,
            "70.000000" : 15007744,
            "80.000000" : 15663104,
            "90.000000" : 16187392,
            "95.000000" : 16908288,
            "99.000000" : 27394048,
            "99.500000" : 28180480,
            "99.900000" : 29229056,
            "99.950000" : 29753344,
            "99.990000" : 31326208
          },
          "bins" : {
            "1019904" : 1,
            "1073152" : 1,
            "1105920" : 2,
            "1253376" : 1,
            "1318912" : 1,
            "1351680" : 1,
            "1368064" : 1,
            "1646592" : 1,
            "1826816" : 1,
            "2039808" : 1,
            "2113536" : 1,
            "2310144" : 1,
            "2408448" : 1,
            "2572288" : 1,
            "2801664" : 1,
            "2965504" : 2,
            "3260416" : 1,
            "3489792" : 1,
            "3555328" : 1,
            "3653632" : 1,
            "3817472" : 1,
            "3948544" : 1,
            "3981312" : 1,
            "4145152" : 1,
            "4227072" : 1,
            "4358144" : 1,
            "4554752" : 1,
            "4620288" : 1,
            "4816896" : 1,
            "5013504" : 1,
            "5144576" : 1,
            "5210112" : 1,
            "5406720" : 1,
            "5472256" : 1,
            "5603328" : 1,
            "5734400" : 1,
            "5865472" : 2,
            "6062080" : 1,
            "6258688" : 2,
            "6389760" : 1,
            "6520832" : 1,
            "6586368" : 1,
            "6717440" : 1,
            "6914048" : 2,
            "7110656" : 1,
            "7176192" : 1,
            "7241728" : 1,
            "7372800" : 1,
            "7569408" : 1,
            "7766016" : 1,
            "7962624" : 1,
            "8159232" : 1,
            "8224768" : 1,
            "8454144" : 1,
            "8585216" : 1,
            "8716288" : 1,
            "9240576" : 2,
            "9371648" : 1,
            "9502720" : 2,
            "9633792" : 1,
            "9895936" : 1,
            "10027008" : 1,
            "10289152" : 1,
            "10420224" : 2,
            "10551296" : 3,
            "10682368" : 2,
            "10813440" : 5,
            "10944512" : 4,
            "11075584" : 9,
            "11206656" : 5,
            "11337728" : 7,
            "11468800" : 8,
            "11599872" : 2,
            "11730944" : 12,
            "11862016" : 27,
            "11993088" : 41,
            "12124160" : 103,
            "12255232" : 147,
            "12386304" : 272,
            "12517376" : 738,
            "12648448" : 2405,
            "12779520" : 7233,
            "12910592" : 18975,
            "13041664" : 41819,
            "13172736" : 72947,
            "13303808" : 98375,
            "13434880" : 109134,
            "13565952" : 107963,
            "13697024" : 104679,
            "13828096" : 100106,
            "13959168" : 96702,
            "14090240" : 95934,
            "14221312" : 95483,
            "14352384" : 89813,
            "14483456" : 84858,
            "14614528" : 74806,
            "14745600" : 66772,
            "14876672" : 61319,
            "15007744" : 58877,
            "15138816" : 50075,
            "15269888" : 41423,
            "15400960" : 36210,
            "15532032" : 37532,
            "15663104" : 43643,
            "15794176" : 50644,
            "15925248" : 50312,
            "16056320" : 43097,
            "16187392" : 32707,
            "16318464" : 24094,
            "16449536" : 18475,
            "16580608" : 15270,
            "16711680" : 12879,
            "16908288" : 23617,
            "17170432" : 23465,
            "17432576" : 16734,
            "17694720" : 7068,
            "17956864" : 2396,
            "18219008" : 817,
            "18481152" : 270,
            "18743296" : 102,
            "19005440" : 185,
            "19267584" : 326,
            "19529728" : 412,
            "19791872" : 242,
            "20054016" : 104,
            "20316160" : 24,
            "20578304" : 9,
            "20840448" : 1,
            "21102592" : 7,
            "21626880" : 8,
            "21889024" : 18,
            "22151168" : 5,
            "22413312" : 2,
            "22675456" : 3,
            "22937600" : 2,
            "23199744" : 5,
            "23461888" : 1,
            "23724032" : 2,
            "23986176" : 6,
            "24248320" : 4,
            "24510464" : 2,
            "24772608" : 6,
            "25034752" : 2,
            "25296896" : 6,
            "25559040" : 36,
            "25821184" : 115,
            "26083328" : 222,
            "26345472" : 401,
            "26607616" : 1066,
            "26869760" : 4218,
            "27131904" : 4638,
            "27394048" : 4098,
            "27656192" : 2952,
            "27918336" : 2633,
            "28180480" : 2212,
            "28442624" : 2238,
            "28704768" : 2207,
            "28966912" : 1490,
            "29229056" : 1367,
            "29491200" : 701,
            "29753344" : 298,