{
  "fio version" : "fio-3.17",
  "timestamp" : 1579916903,
  "timestamp_ms" : 1579916903835,
  "time" : "Fri Jan 24 17:48:23 2020",
  "jobs" : [
    {
      "jobname" : "wipc",
      "groupid" : 0,
      "error" : 0,
      "eta" : 0,
      "elapsed" : 892,
      "job options" : {
        "ioengine" : "libaio",
        "group_reporting" : "1",
        "direct" : "1",
        "rw" : "write",
        "bssplit" : "128KB",
        "numjobs" : "1",
        "iodepth" : "32",
        "size" : "75%",
        "io_size" : "256071352320B",
        "filename" : "/dev/sdb"
      },
      "read" : {
        "io_bytes" : 0,
        "io_kbytes" : 0,
        "bw_bytes" : 0,
        "bw" : 0,
        "iops" : 0.000000,
        "runtime" : 0,
        "total_ios" : 0,
        "short_ios" : 0,
        "drop_ios" : 0,
        "slat_ns" : {
          "min" : 0,
          "max" : 0,
          "mean" : 0.000000,
          "stddev" : 0.000000
        },
        "clat_ns" : {
          "min" : 0,
          "max" : 0,
          "mean" : 0.000000,
          "stddev" : 0.000000,
          "percentile" : {
            "1.000000" : 0,
            "5.000000" : 0,
            "10.000000" : 0,
            "20.000000" : 0,
            "30.000000" : 0,
            "40.000000" : 0,
            "50.000000" : 0,
            "60.000000" : 0,
            "70.000000" : 0,
            "80.000000" : 0,
            "90.000000" : 0,
            "95.000000" : 0,
            "99.000000" : 0,
            "99.500000" : 0,
            "99.900000" : 0,
            "99.950000" : 0,
            "99.990000" : 0
          },
          "bins" : {

          }
        },
        "lat_ns" : {
          "min" : 0,
          "max" : 0,
          "mean" : 0.000000,
          "stddev" : 0.000000
        },
        "bw_min" : 0,
        "bw_max" : 0,
        "bw_agg" : 0.000000,
        "bw_mean" : 0.000000,
        "bw_dev" : 0.000000,
        "bw_samples" : 0,
        "iops_min" : 0,
        "iops_max" : 0,
        "iops_mean" : 0.000000,
        "iops_stddev" : 0.000000,
        "iops_samples" : 0
      },
      "write" : {
        "io_bytes" : 256071434240,
        "io_kbytes" : 250069760,
        "bw_bytes" : 287445862,
        "bw" : 280708,
        "iops" : 2193.037893,
        "runtime" : 890851,
        "total_ios" : 1953670,
        "short_ios" : 0,
        "drop_ios" : 0,
        "slat_ns" : {
          "min" : 6654,
          "max" : 537172,
          "mean" : 31475.284733,
          "stddev" : 11193.520730
        },
        "clat_ns" : {
          "min" : 1014413,
          "max" : 46153693,
          "mean" : 14553994.866390,
          "stddev" : 1994620.005485,
          "percentile" : {
            "1.000000" : 12779520,
            "5.000000" : 13041664,
            "10.000000" : 13172736,
            "20.000000" : 13434880,
            "30.000000" : 13565952,
            "40.000000" : 13828096,
            "50.000000" : 14090240,
            "60.000000" : 14483456,
            "70.000000" : 14876672,
            "80.000000" : 15400960,
            "90.000000" : 15925248,
            "95.000000" : 16580608,
            "99.000000" : 27131904,
            "99.500000" : 27918336,
            "99.900000" : 29229056,
            "99.950000" : 30015488,
            "99.990000" : 31326208
          },
          "bins" : {
            "1011712" : 1,
            "1056768" : 2,
            "1073152" : 1,
            "1236992" : 1,
            "1384448" : 1,
            "1400832" : 1,
            "1417216" : 1,
            "1597440" : 1,
            "1941504" : 1,
            "2088960" : 1,
            "2113536" : 1,
            "2277376" : 1,
            "2408448" : 1,
            "2441216" : 1,
            "2637824" : 1,
            "2801664" : 2,
            "2998272" : 1,
            "3129344" : 1,
            "3194880" : 1,
            "3358720" : 1,
            "3489792" : 1,
            "3555328" : 1,
            "3719168" : 1,
            "3817472" : 1,
            "3915776" : 1,
            "4079616" : 1,
            "4177920" : 1,
            "4227072" : 1,
            "4423680" : 1,
            "4489216" : 1,
            "4620288" : 1,
            "4816896" : 1,
            "4882432" : 1,
            "5144576" : 1,
            "5210112" : 1,
            "5341184" : 1,
            "5406720" : 1,
            "5668864" : 2,
            "5865472" : 1,
            "5996544" : 1,
            "6062080" : 2,
            "6127616" : 1,
            "6389760" : 2,
            "6455296" : 1,
            "6717440" : 1,
            "6848512" : 1,
            "7110656" : 1,
            "7176192" : 1,
            "7503872" : 2,
            "7831552" : 2,
            "7897088" : 1,
            "8159232" : 2,
            "8224768" : 1,
            "8454144" : 1,
            "8585216" : 2,
            "8847360" : 2,
            "9240576" : 2,
            "9502720" : 2,
            "9633792" : 1,
            "9895936" : 3,
            "10158080" : 1,
            "10289152" : 3,
            "10420224" : 1,
            "10551296" : 3,
            "10682368" : 4,
            "10944512" : 5,
            "11075584" : 6,
            "11206656" : 3,
            "11337728" : 35,
            "11468800" : 89,
            "11599872" : 139,
            "11730944" : 201,
            "11862016" : 214,
            "11993088" : 203,
            "12124160" : 326,
            "12255232" : 553,
            "12386304" : 1144,
            "12517376" : 3256,
            "12648448" : 11425,
            "12779520" : 28381,
            "12910592" : 51360,
            "13041664" : 80757,
            "13172736" : 100091,
            "13303808" : 107482,
            "13434880" : 104598,
            "13565952" : 100415,
            "13697024" : 95930,
            "13828096" : 98331,
            "13959168" : 98808,
            "14090240" : 93822,
            "14221312" : 88073,
            "14352384" : 79841,
            "14483456" : 71347,
            "14614528" : 66959,
            "14745600" : 64337,
            "14876672" : 59839,
            "15007744" : 50107,
            "15138816" : 42812,
            "15269888" : 41164,
            "15400960" : 44120,
            "15532032" : 49056,
            "15663104" : 51245,
            "15794176" : 46434,
            "15925248" : 37723,
            "16056320" : 28883,
            "16187392" : 21696,
            "16318464" : 16770,
            "16449536" : 13531,
            "16580608" : 11442,
            "16711680" : 11413,
            "16908288" : 20890,
            "17170432" : 14822,
            "17432576" : 6746,
            "17694720" : 2410,
            "17956864" : 801,
            "18219008" : 249,
            "18481152" : 177,
            "18743296" : 224,
            "19005440" : 276,
            "19267584" : 297,
            "19529728" : 150,
            "19791872" : 40,
            "20054016" : 27,
            "20316160" : 9,
            "20578304" : 3,
            "20840448" : 4,
            "21102592" : 2,
            "21364736" : 5,
            "21626880" : 6,
            "21889024" : 11,
            "22151168" : 7,
            "22413312" : 1,
            "22675456" : 3,
            "22937600" : 6,
            "23199744" : 2,
            "23461888" : 12,
            "23724032" : 15,
            "23986176" : 7,
            "24248320" : 20,
            "24510464" : 38,
            "24772608" : 3,
            "25034752" : 23,
            "25296896" : 58,
            "25559040" : 104,
            "25821184" : 213,
            "26083328" : 444,
            "26345472" : 872,
            "26607616" : 3396,
            "26869760" : 5164,
            "27131904" : 4688,
            "27394048" : 3306,
            "27656192" : 2784,
            "27918336" : 2498,
            "28180480" : 2326,
            "28442624" : 1879,
            "28704768" : 1175,
            "28966912" : 957,
            "29229056" : 488,
            "29491200" : 308,
            "29753344" : 195,