{
  "fio version" : "fio-3.17",
  "timestamp" : 1579922151,
  "timestamp_ms" : 1579922151309,
  "time" : "Fri Jan 24 19:15:51 2020",
  "jobs" : [
    {
      "jobname" : "wipc",
      "groupid" : 0,
      "error" : 0,
      "eta" : 0,
      "elapsed" : 885,
      "job options" : {
        "ioengine" : "libaio",
        "group_reporting" : "1",
        "direct" : "1",
        "rw" : "write",
        "bssplit" : "128KB",
        "numjobs" : "1",
        "iodepth" : "32",
        "size" : "75%",
        "io_size" : "256071352320B",
        "filename" : "/dev/sdb"
      },
      "read" : {
        "io_bytes" : 0,
        "io_kbytes" : 0,
        "bw_bytes" : 0,
        "bw" : 0,
        "iops" : 0.000000,
        "runtime" : 0,
        "total_ios" : 0,
        "short_ios" : 0,
        "drop_ios" : 0,
        "slat_ns" : {
          "min" : 0,
          "max" : 0,
          "mean" : 0.000000,
          "stddev" : 0.000000
        },
        "clat_ns" : {
          "min" : 0,
          "max" : 0,
          "mean" : 0.000000,
          "stddev" : 0.000000,
          "percentile" : {
            "1.000000" : 0,
            "5.000000" : 0,
            "10.000000" : 0,
            "20.000000" : 0,
            "30.000000" : 0,
            "40.000000" : 0,
            "50.000000" : 0,
            "60.000000" : 0,
            "70.000000" : 0,
            "80.000000" : 0,
            "90.000000" : 0,
            "95.000000" : 0,
            "99.000000" : 0,
            "99.500000" : 0,
            "99.900000" : 0,
            "99.950000" : 0,
            "99.990000" : 0
          },
          "bins" : {

          }
        },
        "lat_ns" : {
          "min" : 0,
          "max" : 0,
          "mean" : 0.000000,
          "stddev" : 0.000000
        },
        "bw_min" : 0,
        "bw_max" : 0,
        "bw_agg" : 0.000000,
        "bw_mean" : 0.000000,
        "bw_dev" : 0.000000,
        "bw_samples" : 0,
        "iops_min" : 0,
        "iops_max" : 0,
        "iops_mean" : 0.000000,
        "iops_stddev" : 0.000000,
        "iops_samples" : 0
      },
      "write" : {
        "io_bytes" : 256071434240,
        "io_kbytes" : 250069760,
        "bw_bytes" : 289550083,
        "bw" : 282763,
        "iops" : 2209.091824,
        "runtime" : 884377,
        "total_ios" : 1953670,
        "short_ios" : 0,
        "drop_ios" : 0,
        "slat_ns" : {
          "min" : 8926,
          "max" : 725214,
          "mean" : 33694.677065,
          "stddev" : 10503.735701
        },
        "clat_ns" : {
          "min" : 1055313,
          "max" : 44159779,
          "mean" : 14445352.744281,
          "stddev" : 1982882.586140,
          "percentile" : {
            "1.000000" : 12648448,
            "5.000000" : 12910592,
            "10.000000" : 13041664,
            "20.000000" : 13303808,
            "30.000000" : 13565952,
            "40.000000" : 13828096,
            "50.000000" : 14090240,
            "60.000000" : 14352384,
            "70.000000" : 14745600,
            "80.000000" : 15269888,
            "90.000000" : 15794176,
            "95.000000" : 16449536,
            "99.000000" : 27131904,
            "99.500000" : 27918336,
            "99.900000" : 28966912,
            "99.950000" : 29229056,
            "99.990000" : 31064064
          },
          "bins" : {
            "1056768" : 2,
            "1073152" : 1,
            "1105920" : 1,
            "1204224" : 1,
            "1318912" : 1,
            "1351680" : 1,
            "1482752" : 1,
            "1548288" : 1,
            "1941504" : 1,
            "2072576" : 1,
            "2146304" : 1,
            "2244608" : 1,
            "2375680" : 1,
            "2473984" : 1,
            "2670592" : 1,
            "2768896" : 1,
            "2899968" : 1,
            "3129344" : 1,
            "3325952" : 1,
            "3358720" : 1,
            "3489792" : 1,
            "3620864" : 1,
            "3784704" : 2,
            "4046848" : 1,
            "4112384" : 2,
            "4292608" : 1,
            "4489216" : 2,
            "4685824" : 1,
            "4816896" : 1,
            "4882432" : 1,
            "5013504" : 1,
            "5144576" : 2,
            "5341184" : 1,
            "5472256" : 1,
            "5668864" : 2,
            "5734400" : 1,
            "5799936" : 1,
            "5996544" : 2,
            "6127616" : 1,
            "6324224" : 1,
            "6520832" : 1,
            "6717440" : 1,
            "6782976" : 1,
            "6848512" : 1,
            "6979584" : 1,
            "7045120" : 2,
            "7176192" : 1,
            "7438336" : 1,
            "7569408" : 1,
            "7766016" : 1,
            "7897088" : 1,
            "8093696" : 1,
            "8290304" : 1,
            "8454144" : 2,
            "8716288" : 1,
            "8847360" : 1,
            "9109504" : 1,
            "9371648" : 1,
            "9502720" : 1,
            "9633792" : 2,
            "9895936" : 1,
            "10027008" : 1,
            "10158080" : 1,
            "10289152" : 2,
            "10551296" : 1,
            "10682368" : 1,
            "10813440" : 4,
            "10944512" : 5,
            "11075584" : 7,
            "11206656" : 4,
            "11337728" : 10,
            "11468800" : 27,
            "11599872" : 81,
            "11730944" : 178,
            "11862016" : 234,
            "11993088" : 373,
            "12124160" : 633,
            "12255232" : 916,
            "12386304" : 2580,
            "12517376" : 7603,
            "12648448" : 20789,
            "12779520" : 44345,
            "12910592" : 73211,
            "13041664" : 94778,
            "13172736" : 103835,
            "13303808" : 105404,
            "13434880" : 101533,
            "13565952" : 102644,
            "13697024" : 104149,
            "13828096" : 102952,
            "13959168" : 97768,
            "14090240" : 89861,
            "14221312" : 82463,
            "14352384" : 74046,
            "14483456" : 69723,
            "14614528" : 66924,
            "14745600" : 59669,
            "14876672" : 49732,
            "15007744" : 43794,
            "15138816" : 42501,
            "15269888" : 47364,
            "15400960" : 50801,
            "15532032" : 49480,
            "15663104" : 43743,
            "15794176" : 34613,
            "15925248" : 26936,
            "16056320" : 21494,
            "16187392" : 17493,
            "16318464" : 13912,
            "16449536" : 11638,
            "16580608" : 11389,
            "16711680" : 10959,
            "16908288" : 18994,
            "17170432" : 11436,
            "17432576" : 4740,
            "17694720" : 1682,
            "17956864" : 604,
            "18219008" : 215,
            "18481152" : 177,
            "18743296" : 269,
            "19005440" : 317,
            "19267584" : 299,
            "19529728" : 121,
            "19791872" : 49,
            "20054016" : 37,
            "20316160" : 7,
            "20578304" : 5,
            "20840448" : 9,
            "21102592" : 17,
            "21364736" : 23,
            "21626880" : 10,
            "21889024" : 2,
            "22151168" : 2,
            "22413312" : 1,
            "22675456" : 3,
            "22937600" : 2,
            "23199744" : 1,
            "23461888" : 1,
            "23724032" : 3,
            "23986176" : 5,
            "24248320" : 1,
            "24510464" : 20,
            "24772608" : 83,
            "25034752" : 204,
            "25296896" : 251,
            "25559040" : 213,
            "25821184" : 409,
            "26083328" : 837,
            "26345472" : 1580,
            "26607616" : 3727,
            "26869760" : 4599,
            "27131904" : 3870,
            "27394048" : 3455,
            "27656192" : 2667,
            "27918336" : 1974,
            "28180480" : 2052,
            "28442624" : 1932,
            "28704768" : 1720,
            "28966912" : 1107,
            "29229056" : 612,