{
  "fio version" : "fio-3.17",
  "timestamp" : 1582009939,
  "timestamp_ms" : 1582009939848,
  "time" : "Mon Feb 17 23:12:19 2020",
  "jobs" : [
    {
      "jobname" : "wipc",
      "groupid" : 0,
      "error" : 0,
      "eta" : 0,
      "elapsed" : 885,
      "job options" : {
        "ioengine" : "libaio",
        "group_reporting" : "1",
        "direct" : "1",
        "rw" : "write",
        "bssplit" : "128KB",
        "numjobs" : "1",
        "iodepth" : "32",
        "size" : "75%",
        "io_size" : "256071352320B",
        "filename" : "/dev/sdc"
      },
      "read" : {
        "io_bytes" : 0,
        "io_kbytes" : 0,
        "bw_bytes" : 0,
        "bw" : 0,
        "iops" : 0.000000,
        "runtime" : 0,
        "total_ios" : 0,
        "short_ios" : 0,
        "drop_ios" : 0,
        "slat_ns" : {
          "min" : 0,
          "max" : 0,
          "mean" : 0.000000,
          "stddev" : 0.000000
        },
        "clat_ns" : {
          "min" : 0,
          "max" : 0,
          "mean" : 0.000000,
          "stddev" : 0.000000,
          "percentile" : {
            "1.000000" : 0,
            "5.000000" : 0,
            "10.000000" : 0,
            "20.000000" : 0,
            "30.000000" : 0,
            "40.000000" : 0,
            "50.000000" : 0,
            "60.000000" : 0,
            "70.000000" : 0,
            "80.000000" : 0,
            "90.000000" : 0,
            "95.000000" : 0,
            "99.000000" : 0,
            "99.500000" : 0,
            "99.900000" : 0,
            "99.950000" : 0,
            "99.990000" : 0
          },
          "bins" : {

          }
        },
        "lat_ns" : {
          "min" : 0,
          "max" : 0,
          "mean" : 0.000000,
          "stddev" : 0.000000
        },
        "bw_min" : 0,
        "bw_max" : 0,
        "bw_agg" : 0.000000,
        "bw_mean" : 0.000000,
        "bw_dev" : 0.000000,
        "bw_samples" : 0,
        "iops_min" : 0,
        "iops_max" : 0,
        "iops_mean" : 0.000000,
        "iops_stddev" : 0.000000,
        "iops_samples" : 0
      },
      "write" : {
        "io_bytes" : 256071434240,
        "io_kbytes" : 250069760,
        "bw_bytes" : 289503926,
        "bw" : 282718,
        "iops" : 2208.739675,
        "runtime" : 884518,
        "total_ios" : 1953670,
        "short_ios" : 0,
        "drop_ios" : 0,
        "slat_ns" : {
          "min" : 4944,
          "max" : 505782,
          "mean" : 32043.523658,
          "stddev" : 10844.281278
        },
        "clat_ns" : {
          "min" : 534375,
          "max" : 45480380,
          "mean" : 14449533.972602,
          "stddev" : 1986980.544607,
          "percentile" : {
            "1.000000" : 12648448,
            "5.000000" : 12910592,
            "10.000000" : 13041664,
            "20.000000" : 13303808,
            "30.000000" : 13565952,
            "40.000000" : 13828096,
            "50.000000" : 14090240,
            "60.000000" : 14352384,
            "70.000000" : 14745600,
            "80.000000" : 15269888,
            "90.000000" : 15794176,
            "95.000000" : 16449536,
            "99.000000" : 26869760,
            "99.500000" : 27656192,
            "99.900000" : 28966912,
            "99.950000" : 30015488,
            "99.990000" : 31588352
          },
          "bins" : {
            "536576" : 1,
            "1028096" : 1,
            "1122304" : 1,
            "1220608" : 2,
            "1368064" : 1,
            "1400832" : 1,
            "1613824" : 1,
            "1630208" : 1,
            "1908736" : 1,
            "1957888" : 1,
            "2088960" : 1,
            "2244608" : 1,
            "2342912" : 1,
            "2375680" : 1,
            "2637824" : 1,
            "2703360" : 1,
            "2768896" : 1,
            "2932736" : 1,
            "3031040" : 1,
            "3063808" : 1,
            "3293184" : 1,
            "3391488" : 1,
            "3489792" : 1,
            "3620864" : 1,
            "3751936" : 2,
            "4014080" : 1,
            "4177920" : 1,
            "4292608" : 2,
            "4358144" : 1,
            "4423680" : 1,
            "4751360" : 2,
            "5013504" : 1,
            "5144576" : 1,
            "5210112" : 1,
            "5406720" : 2,
            "5472256" : 1,
            "5734400" : 1,
            "5799936" : 1,
            "5865472" : 1,
            "6193152" : 3,
            "6324224" : 1,
            "6586368" : 1,
            "6717440" : 1,
            "6848512" : 1,
            "7045120" : 1,
            "7176192" : 1,
            "7372800" : 1,
            "7569408" : 1,
            "7766016" : 1,
            "7897088" : 1,
            "8093696" : 1,
            "8224768" : 1,
            "8355840" : 1,
            "8454144" : 1,
            "8716288" : 1,
            "8847360" : 1,
            "8978432" : 1,
            "9109504" : 3,
            "9371648" : 3,
            "9502720" : 1,
            "9764864" : 2,
            "10027008" : 2,
            "10158080" : 1,
            "10420224" : 4,
            "10682368" : 2,
            "10813440" : 2,
            "10944512" : 5,
            "11075584" : 8,
            "11206656" : 2,
            "11337728" : 8,
            "11468800" : 13,
            "11599872" : 47,
            "11730944" : 104,
            "11862016" : 120,
            "11993088" : 208,
            "12124160" : 400,
            "12255232" : 861,
            "12386304" : 2245,
            "12517376" : 6914,
            "12648448" : 20072,
            "12779520" : 45311,
            "12910592" : 78851,
            "13041664" : 102700,
            "13172736" : 108713,
            "13303808" : 106254,
            "13434880" : 101398,
            "13565952" : 98340,
            "13697024" : 98220,
            "13828096" : 96842,
            "13959168" : 92894,
            "14090240" : 90804,
            "14221312" : 83660,
            "14352384" : 75764,
            "14483456" : 67460,
            "14614528" : 62466,
            "14745600" : 57438,
            "14876672" : 50034,
            "15007744" : 41960,
            "15138816" : 39145,
            "15269888" : 42080,
            "15400960" : 47716,
            "15532032" : 53489,
            "15663104" : 50916,
            "15794176" : 41366,
            "15925248" : 29892,
            "16056320" : 22163,
            "16187392" : 16936,
            "16318464" : 13119,
            "16449536" : 10346,
            "16580608" : 10161,
            "16711680" : 10794,
            "16908288" : 21599,
            "17170432" : 13325,
            "17432576" : 4717,
            "17694720" : 1504,
            "17956864" : 511,
            "18219008" : 133,
            "18481152" : 132,
            "18743296" : 249,
            "19005440" : 360,
            "19267584" : 355,
            "19529728" : 201,
            "19791872" : 50,
            "20054016" : 13,
            "20316160" : 1,
            "20578304" : 3,
            "20840448" : 42,
            "21102592" : 25,
            "21364736" : 48,
            "21626880" : 40,
            "21889024" : 19,
            "22151168" : 20,
            "22413312" : 15,
            "22675456" : 11,
            "22937600" : 7,
            "23199744" : 6,
            "23461888" : 10,
            "23724032" : 6,
            "23986176" : 23,
            "24248320" : 25,
            "24510464" : 5,
            "24772608" : 12,
            "25034752" : 6,
            "25296896" : 24,
            "25559040" : 43,
            "25821184" : 219,
            "26083328" : 674,
            "26345472" : 1915,
            "26607616" : 5706,
            "26869760" : 5609,
            "27131904" : 4063,
            "27394048" : 2582,
            "27656192" : 2513,
            "27918336" : 2125,
            "28180480" : 2003,
            "28442624" : 1194,
            "28704768" : 806,
            "28966912" : 599,
            "29229056" : 331,
            "29491200" : 137,