{
  "fio version" : "fio-3.17",
  "timestamp" : 1581998678,
  "timestamp_ms" : 1581998678656,
  "time" : "Mon Feb 17 20:04:38 2020",
  "jobs" : [
    {
      "jobname" : "wipc",
      "groupid" : 0,
      "error" : 0,
      "eta" : 0,
      "elapsed" : 891,
      "job options" : {
        "ioengine" : "libaio",
        "group_reporting" : "1",
        "direct" : "1",
        "rw" : "write",
        "bssplit" : "128KB",
        "numjobs" : "1",
        "iodepth" : "32",
        "size" : "75%",
        "io_size" : "256071352320B",
        "filename" : "/dev/sdc"
      },
      "read" : {
        "io_bytes" : 0,
        "io_kbytes" : 0,
        "bw_bytes" : 0,
        "bw" : 0,
        "iops" : 0.000000,
        "runtime" : 0,
        "total_ios" : 0,
        "short_ios" : 0,
        "drop_ios" : 0,
        "slat_ns" : {
          "min" : 0,
          "max" : 0,
          "mean" : 0.000000,
          "stddev" : 0.000000
        },
        "clat_ns" : {
          "min" : 0,
          "max" : 0,
          "mean" : 0.000000,
          "stddev" : 0.000000,
          "percentile" : {
            "1.000000" : 0,
            "5.000000" : 0,
            "10.000000" : 0,
            "20.000000" : 0,
            "30.000000" : 0,
            "40.000000" : 0,
            "50.000000" : 0,
            "60.000000" : 0,
            "70.000000" : 0,
            "80.000000" : 0,
            "90.000000" : 0,
            "95.000000" : 0,
            "99.000000" : 0,
            "99.500000" : 0,
            "99.900000" : 0,
            "99.950000" : 0,
            "99.990000" : 0
          },
          "bins" : {

          }
        },
        "lat_ns" : {
          "min" : 0,
          "max" : 0,
          "mean" : 0.000000,
          "stddev" : 0.000000
        },
        "bw_min" : 0,
        "bw_max" : 0,
        "bw_agg" : 0.000000,
        "bw_mean" : 0.000000,
        "bw_dev" : 0.000000,
        "bw_samples" : 0,
        "iops_min" : 0,
        "iops_max" : 0,
        "iops_mean" : 0.000000,
        "iops_stddev" : 0.000000,
        "iops_samples" : 0
      },
      "write" : {
        "io_bytes" : 256071434240,
        "io_kbytes" : 250069760,
        "bw_bytes" : 287482651,
        "bw" : 280744,
        "iops" : 2193.318567,
        "runtime" : 890737,
        "total_ios" : 1953670,
        "short_ios" : 0,
        "drop_ios" : 0,
        "slat_ns" : {
          "min" : 6724,
          "max" : 546197,
          "mean" : 32233.334786,
          "stddev" : 11007.154049
        },
        "clat_ns" : {
          "min" : 1039890,
          "max" : 44956916,
          "mean" : 14551362.788601,
          "stddev" : 1992377.779258,
          "percentile" : {
            "1.000000" : 12779520,
            "5.000000" : 12910592,
            "10.000000" : 13041664,
            "20.000000" : 13303808,
            "30.000000" : 13565952,
            "40.000000" : 13828096,
            "50.000000" : 14221312,
            "60.000000" : 14483456,
            "70.000000" : 14876672,
            "80.000000" : 15400960,
            "90.000000" : 15925248,
            "95.000000" : 16580608,
            "99.000000" : 27131904,
            "99.500000" : 27656192,
            "99.900000" : 28966912,
            "99.950000" : 29229056,
            "99.990000" : 31850496
          },
          "bins" : {
            "1036288" : 1,
            "1236992" : 1,
            "1318912" : 1,
            "1335296" : 1,
            "1384448" : 1,
            "1695744" : 1,
            "2023424" : 2,
            "2113536" : 1,
            "2342912" : 1,
            "2375680" : 1,
            "2473984" : 1,
            "2703360" : 2,
            "2834432" : 1,
            "3063808" : 2,
            "3227648" : 1,
            "3391488" : 1,
            "3424256" : 1,
            "3588096" : 1,
            "3751936" : 1,
            "3784704" : 1,
            "3948544" : 1,
            "4079616" : 1,
            "4112384" : 1,
            "4227072" : 1,
            "4423680" : 1,
            "4489216" : 2,
            "4554752" : 1,
            "4751360" : 1,
            "4947968" : 1,
            "5210112" : 2,
            "5275648" : 1,
            "5341184" : 1,
            "5603328" : 2,
            "5734400" : 1,
            "5931008" : 1,
            "5996544" : 1,
            "6324224" : 2,
            "6389760" : 1,
            "6651904" : 3,
            "6979584" : 1,
            "7045120" : 1,
            "7307264" : 1,
            "7700480" : 1,
            "7831552" : 1,
            "7962624" : 1,
            "8159232" : 2,
            "8290304" : 1,
            "8454144" : 2,
            "8847360" : 2,
            "9109504" : 1,
            "9240576" : 2,
            "9502720" : 3,
            "9895936" : 3,
            "10158080" : 2,
            "10289152" : 2,
            "10551296" : 2,
            "10682368" : 3,
            "10813440" : 5,
            "10944512" : 2,
            "11075584" : 5,
            "11206656" : 13,
            "11337728" : 4,
            "11468800" : 12,
            "11599872" : 6,
            "11730944" : 22,
            "11862016" : 72,
            "11993088" : 121,
            "12124160" : 152,
            "12255232" : 337,
            "12386304" : 1190,
            "12517376" : 3273,
            "12648448" : 10615,
            "12779520" : 31116,
            "12910592" : 60848,
            "13041664" : 92036,
            "13172736" : 106406,
            "13303808" : 108349,
            "13434880" : 102029,
            "13565952" : 97229,
            "13697024" : 92866,
            "13828096" : 89540,
            "13959168" : 89948,
            "14090240" : 86794,
            "14221312" : 87014,
            "14352384" : 84551,
            "14483456" : 76085,
            "14614528" : 65979,
            "14745600" : 59042,
            "14876672" : 55746,
            "15007744" : 49617,
            "15138816" : 42150,
            "15269888" : 37459,
            "15400960" : 39626,
            "15532032" : 45196,
            "15663104" : 50833,
            "15794176" : 51114,
            "15925248" : 43896,
            "16056320" : 31849,
            "16187392" : 23947,
            "16318464" : 17300,
            "16449536" : 13160,
            "16580608" : 11002,
            "16711680" : 10571,
            "16908288" : 22446,
            "17170432" : 18446,
            "17432576" : 7021,
            "17694720" : 2233,
            "17956864" : 686,
            "18219008" : 142,
            "18481152" : 113,
            "18743296" : 230,
            "19005440" : 326,
            "19267584" : 392,
            "19529728" : 205,
            "19791872" : 54,
            "20054016" : 16,
            "20316160" : 29,
            "20578304" : 10,
            "20840448" : 16,
            "21102592" : 14,
            "21364736" : 28,
            "21626880" : 13,
            "21889024" : 36,
            "22151168" : 40,
            "22413312" : 7,
            "22675456" : 14,
            "22937600" : 5,
            "23199744" : 2,
            "23461888" : 36,
            "23724032" : 35,
            "23986176" : 17,
            "24248320" : 5,
            "24510464" : 1,
            "24772608" : 10,
            "25034752" : 73,
            "25296896" : 226,
            "25559040" : 162,
            "25821184" : 60,
            "26083328" : 142,
            "26345472" : 465,
            "26607616" : 3679,
            "26869760" : 7243,
            "27131904" : 5063,
            "27394048" : 3542,
            "27656192" : 2240,
            "27918336" : 2235,
            "28180480" : 2100,
            "28442624" : 1267,
            "28704768" : 1069,
            "28966912" : 1006,
            "29229056" : 368,
            "29491200" : 108,
            "29753344" : 61,
            "30015488" : 126,
            "30277632" : 123,
            "30539776" : 145,
            "30801920" : 71,
            "31064064" : 23,
            "31326208" : 27,