{
  "fio version" : "fio-3.17",
  "timestamp" : 1582004318,
  "timestamp_ms" : 1582004318096,
  "time" : "Mon Feb 17 21:38:38 2020",
  "jobs" : [
    {
      "jobname" : "wipc",
      "groupid" : 0,
      "error" : 0,
      "eta" : 0,
      "elapsed" : 891,
      "job options" : {
        "ioengine" : "libaio",
        "group_reporting" : "1",
        "direct" : "1",
        "rw" : "write",
        "bssplit" : "128KB",
        "numjobs" : "1",
        "iodepth" : "32",
        "size" : "75%",
        "io_size" : "256071352320B",
        "filename" : "/dev/sdc"
      },
      "read" : {
        "io_bytes" : 0,
        "io_kbytes" : 0,
        "bw_bytes" : 0,
        "bw" : 0,
        "iops" : 0.000000,
        "runtime" : 0,
        "total_ios" : 0,
        "short_ios" : 0,
        "drop_ios" : 0,
        "slat_ns" : {
          "min" : 0,
          "max" : 0,
          "mean" : 0.000000,
          "stddev" : 0.000000
        },
        "clat_ns" : {
          "min" : 0,
          "max" : 0,
          "mean" : 0.000000,
          "stddev" : 0.000000,
          "percentile" : {
            "1.000000" : 0,
            "5.000000" : 0,
            "10.000000" : 0,
            "20.000000" : 0,
            "30.000000" : 0,
            "40.000000" : 0,
            "50.000000" : 0,
            "60.000000" : 0,
            "70.000000" : 0,
            "80.000000" : 0,
            "90.000000" : 0,
            "95.000000" : 0,
            "99.000000" : 0,
            "99.500000" : 0,
            "99.900000" : 0,
            "99.950000" : 0,
            "99.990000" : 0
          },
          "bins" : {

          }
        },
        "lat_ns" : {
          "min" : 0,
          "max" : 0,
          "mean" : 0.000000,
          "stddev" : 0.000000
        },
        "bw_min" : 0,
        "bw_max" : 0,
        "bw_agg" : 0.000000,
        "bw_mean" : 0.000000,
        "bw_dev" : 0.000000,
        "bw_samples" : 0,
        "iops_min" : 0,
        "iops_max" : 0,
        "iops_mean" : 0.000000,
        "iops_stddev" : 0.000000,
        "iops_samples" : 0
      },
      "write" : {
        "io_bytes" : 256071434240,
        "io_kbytes" : 250069760,
        "bw_bytes" : 287593073,
        "bw" : 280852,
        "iops" : 2194.161018,
        "runtime" : 890395,
        "total_ios" : 1953670,
        "short_ios" : 0,
        "drop_ios" : 0,
        "slat_ns" : {
          "min" : 7231,
          "max" : 775665,
          "mean" : 32002.804933,
          "stddev" : 11052.019441
        },
        "clat_ns" : {
          "min" : 1044740,
          "max" : 42948439,
          "mean" : 14546003.614752,
          "stddev" : 1985185.897283,
          "percentile" : {
            "1.000000" : 12779520,
            "5.000000" : 12910592,
            "10.000000" : 13041664,
            "20.000000" : 13303808,
            "30.000000" : 13565952,
            "40.000000" : 13828096,
            "50.000000" : 14221312,
            "60.000000" : 14483456,
            "70.000000" : 14876672,
            "80.000000" : 15400960,
            "90.000000" : 15925248,
            "95.000000" : 16580608,
            "99.000000" : 27131904,
            "99.500000" : 27656192,
            "99.900000" : 28966912,
            "99.950000" : 29491200,
            "99.990000" : 31064064
          },
          "bins" : {
            "1044480" : 1,
            "1073152" : 1,
            "1122304" : 1,
            "1138688" : 1,
            "1269760" : 1,
            "1351680" : 1,
            "1400832" : 1,
            "1581056" : 1,
            "1712128" : 1,
            "1941504" : 1,
            "2039808" : 1,
            "2072576" : 1,
            "2310144" : 1,
            "2375680" : 1,
            "2637824" : 1,
            "2703360" : 1,
            "2736128" : 1,
            "2998272" : 1,
            "3063808" : 1,
            "3162112" : 1,
            "3358720" : 1,
            "3391488" : 1,
            "3489792" : 1,
            "3686400" : 1,
            "3751936" : 1,
            "3850240" : 1,
            "4112384" : 1,
            "4227072" : 2,
            "4423680" : 1,
            "4554752" : 2,
            "4751360" : 1,
            "4947968" : 1,
            "5013504" : 1,
            "5144576" : 1,
            "5275648" : 1,
            "5341184" : 1,
            "5472256" : 1,
            "5603328" : 1,
            "5734400" : 1,
            "5799936" : 1,
            "6062080" : 3,
            "6193152" : 1,
            "6389760" : 2,
            "6520832" : 1,
            "6717440" : 1,
            "7110656" : 2,
            "7438336" : 2,
            "7766016" : 4,
            "8093696" : 1,
            "8159232" : 2,
            "8454144" : 2,
            "8847360" : 1,
            "8978432" : 2,
            "9240576" : 2,
            "9371648" : 1,
            "9502720" : 1,
            "9764864" : 1,
            "10027008" : 3,
            "10289152" : 1,
            "10420224" : 4,
            "10682368" : 6,
            "10813440" : 3,
            "10944512" : 4,
            "11075584" : 5,
            "11206656" : 4,
            "11337728" : 5,
            "11468800" : 14,
            "11599872" : 5,
            "11730944" : 27,
            "11862016" : 67,
            "11993088" : 119,
            "12124160" : 131,
            "12255232" : 308,
            "12386304" : 1014,
            "12517376" : 3438,
            "12648448" : 11427,
            "12779520" : 30639,
            "12910592" : 61510,
            "13041664" : 91265,
            "13172736" : 107765,
            "13303808" : 107974,
            "13434880" : 102464,
            "13565952" : 96335,
            "13697024" : 91351,
            "13828096" : 89707,
            "13959168" : 89388,
            "14090240" : 88646,
            "14221312" : 86938,
            "14352384" : 83955,
            "14483456" : 76263,
            "14614528" : 67214,
            "14745600" : 61545,
            "14876672" : 55448,
            "15007744" : 49084,
            "15138816" : 41467,
            "15269888" : 37874,
            "15400960" : 40255,
            "15532032" : 45762,
            "15663104" : 51366,
            "15794176" : 51515,
            "15925248" : 42997,
            "16056320" : 31854,
            "16187392" : 23273,
            "16318464" : 17293,
            "16449536" : 13341,
            "16580608" : 10988,
            "16711680" : 10263,
            "16908288" : 21793,
            "17170432" : 16863,
            "17432576" : 6386,
            "17694720" : 2126,
            "17956864" : 621,
            "18219008" : 159,
            "18481152" : 88,
            "18743296" : 205,
            "19005440" : 331,
            "19267584" : 348,
            "19529728" : 179,
            "19791872" : 47,
            "20054016" : 6,
            "20316160" : 33,
            "20578304" : 14,
            "20840448" : 10,
            "21102592" : 18,
            "21364736" : 42,
            "21626880" : 20,
            "21889024" : 32,
            "22151168" : 3,
            "22413312" : 2,
            "22675456" : 2,
            "22937600" : 8,
            "23199744" : 13,
            "23461888" : 9,
            "23724032" : 7,
            "23986176" : 15,
            "24248320" : 4,
            "24510464" : 9,
            "24772608" : 15,
            "25034752" : 4,
            "25296896" : 25,
            "25559040" : 59,
            "25821184" : 133,
            "26083328" : 282,
            "26345472" : 731,
            "26607616" : 3088,
            "26869760" : 7098,
            "27131904" : 6103,
            "27394048" : 3872,
            "27656192" : 2969,
            "27918336" : 1792,
            "28180480" : 1679,
            "28442624" : 1142,
            "28704768" : 809,
            "28966912" : 653,
            "29229056" : 349,
            "29491200" : 105,
            "29753344" : 63,
            "30015488" : 90,
            "30277632" : 250,
            "30539776" : 246,