{
  "fio version" : "fio-3.17",
  "timestamp" : 1581777342,
  "timestamp_ms" : 1581777342478,
  "time" : "Sat Feb 15 06:35:42 2020",
  "jobs" : [
    {
      "jobname" : "wipc",
      "groupid" : 0,
      "error" : 0,
      "eta" : 0,
      "elapsed" : 879,
      "job options" : {
        "ioengine" : "libaio",
        "group_reporting" : "1",
        "direct" : "1",
        "rw" : "write",
        "bssplit" : "128KB",
        "numjobs" : "1",
        "iodepth" : "32",
        "size" : "75%",
        "io_size" : "256071352320B",
        "filename" : "/dev/sdb"
      },
      "read" : {
        "io_bytes" : 0,
        "io_kbytes" : 0,
        "bw_bytes" : 0,
        "bw" : 0,
        "iops" : 0.000000,
        "runtime" : 0,
        "total_ios" : 0,
        "short_ios" : 0,
        "drop_ios" : 0,
        "slat_ns" : {
          "min" : 0,
          "max" : 0,
          "mean" : 0.000000,
          "stddev" : 0.000000
        },
        "clat_ns" : {
          "min" : 0,
          "max" : 0,
          "mean" : 0.000000,
          "stddev" : 0.000000,
          "percentile" : {
            "1.000000" : 0,
            "5.000000" : 0,
            "10.000000" : 0,
            "20.000000" : 0,
            "30.000000" : 0,
            "40.000000" : 0,
            "50.000000" : 0,
            "60.000000" : 0,
            "70.000000" : 0,
            "80.000000" : 0,
            "90.000000" : 0,
            "95.000000" : 0,
            "99.000000" : 0,
            "99.500000" : 0,
            "99.900000" : 0,
            "99.950000" : 0,
            "99.990000" : 0
          },
          "bins" : {

          }
        },
        "lat_ns" : {
          "min" : 0,
          "max" : 0,
          "mean" : 0.000000,
          "stddev" : 0.000000
        },
        "bw_min" : 0,
        "bw_max" : 0,
        "bw_agg" : 0.000000,
        "bw_mean" : 0.000000,
        "bw_dev" : 0.000000,
        "bw_samples" : 0,
        "iops_min" : 0,
        "iops_max" : 0,
        "iops_mean" : 0.000000,
        "iops_stddev" : 0.000000,
        "iops_samples" : 0
      },
      "write" : {
        "io_bytes" : 256071434240,
        "io_kbytes" : 250069760,
        "bw_bytes" : 291465885,
        "bw" : 284634,
        "iops" : 2223.708233,
        "runtime" : 878564,
        "total_ios" : 1953670,
        "short_ios" : 0,
        "drop_ios" : 0,
        "slat_ns" : {
          "min" : 7091,
          "max" : 902871,
          "mean" : 27899.634405,
          "stddev" : 9037.551175
        },
        "clat_ns" : {
          "min" : 1053009,
          "max" : 43475630,
          "mean" : 14356136.970394,
          "stddev" : 2013020.397059,
          "percentile" : {
            "1.000000" : 12517376,
            "5.000000" : 12779520,
            "10.000000" : 12910592,
            "20.000000" : 13172736,
            "30.000000" : 13434880,
            "40.000000" : 13697024,
            "50.000000" : 13959168,
            "60.000000" : 14221312,
            "70.000000" : 14614528,
            "80.000000" : 15269888,
            "90.000000" : 15794176,
            "95.000000" : 16449536,
            "99.000000" : 27131904,
            "99.500000" : 27918336,
            "99.900000" : 28966912,
            "99.950000" : 29753344,
            "99.990000" : 31064064
          },
          "bins" : {
            "1056768" : 1,
            "1073152" : 1,
            "1138688" : 1,
            "1220608" : 1,
            "1335296" : 1,
            "1384448" : 1,
            "1597440" : 1,
            "1810432" : 1,
            "1892352" : 1,
            "2039808" : 1,
            "2056192" : 1,
            "2342912" : 1,
            "2375680" : 1,
            "2473984" : 1,
            "2736128" : 2,
            "2932736" : 1,
            "3063808" : 1,
            "3162112" : 2,
            "3424256" : 1,
            "3457024" : 1,
            "3555328" : 1,
            "3784704" : 1,
            "3817472" : 1,
            "3915776" : 1,
            "4112384" : 1,
            "4145152" : 1,
            "4423680" : 1,
            "4489216" : 1,
            "4554752" : 1,
            "4882432" : 2,
            "5079040" : 1,
            "5210112" : 1,
            "5275648" : 1,
            "5472256" : 1,
            "5537792" : 2,
            "5734400" : 1,
            "5865472" : 1,
            "5931008" : 1,
            "6127616" : 1,
            "6193152" : 2,
            "6520832" : 1,
            "6586368" : 1,
            "6914048" : 2,
            "7110656" : 1,
            "7241728" : 1,
            "7503872" : 1,
            "7634944" : 1,
            "7962624" : 2,
            "8290304" : 1,
            "8355840" : 2,
            "8585216" : 2,
            "8978432" : 3,
            "9240576" : 2,
            "9371648" : 1,
            "9633792" : 2,
            "9764864" : 1,
            "9895936" : 1,
            "10027008" : 2,
            "10420224" : 1,
            "10551296" : 1,
            "10682368" : 1,
            "10813440" : 1,
            "10944512" : 2,
            "11075584" : 6,
            "11206656" : 29,
            "11337728" : 77,
            "11468800" : 151,
            "11599872" : 169,
            "11730944" : 216,
            "11862016" : 277,
            "11993088" : 348,
            "12124160" : 561,
            "12255232" : 1238,
            "12386304" : 4561,
            "12517376" : 17542,
            "12648448" : 43779,
            "12779520" : 77837,
            "12910592" : 98721,
            "13041664" : 106282,
            "13172736" : 104602,
            "13303808" : 102038,
            "13434880" : 95693,
            "13565952" : 89393,
            "13697024" : 87959,
            "13828096" : 88062,
            "13959168" : 93970,
            "14090240" : 94629,
            "14221312" : 82649,
            "14352384" : 68584,
            "14483456" : 60378,
            "14614528" : 58759,
            "14745600" : 54455,
            "14876672" : 44826,
            "15007744" : 37241,
            "15138816" : 37721,
            "15269888" : 45523,
            "15400960" : 55289,
            "15532032" : 55772,
            "15663104" : 45577,
            "15794176" : 34151,
            "15925248" : 24180,
            "16056320" : 17500,
            "16187392" : 12941,
            "16318464" : 9614,
            "16449536" : 9171,
            "16580608" : 11662,
            "16711680" : 13857,
            "16908288" : 20756,
            "17170432" : 7652,
            "17432576" : 2658,
            "17694720" : 840,
            "17956864" : 205,
            "18219008" : 90,
            "18481152" : 141,
            "18743296" : 381,
            "19005440" : 516,
            "19267584" : 234,
            "19529728" : 61,
            "19791872" : 29,
            "20054016" : 17,
            "20316160" : 13,
            "20578304" : 7,
            "20840448" : 15,
            "21102592" : 24,
            "21364736" : 25,
            "21626880" : 23,
            "21889024" : 2,
            "22151168" : 14,
            "22413312" : 10,
            "22675456" : 7,
            "22937600" : 12,
            "23199744" : 5,
            "23461888" : 4,
            "23724032" : 8,
            "23986176" : 31,
            "24248320" : 12,
            "24510464" : 10,
            "24772608" : 87,
            "25034752" : 282,
            "25296896" : 324,
            "25559040" : 146,
            "25821184" : 133,
            "26083328" : 208,
            "26345472" : 1201,
            "26607616" : 3908,
            "26869760" : 4351,
            "27131904" : 3955,
            "27394048" : 2668,
            "27656192" : 2532,
            "27918336" : 2604,
            "28180480" : 2516,
            "28442624" : 2273,
            "28704768" : 1784,
            "28966912" : 1007,
            "29229056" : 483,
            "29491200" : 354,
            "29753344" : 217,
            "30015488" : 208,
            "30277632" : 146,
            "30539776" : 102,