{
  "fio version" : "fio-3.17",
  "timestamp" : 1583984520,
  "timestamp_ms" : 1583984520899,
  "time" : "Thu Mar 12 03:42:00 2020",
  "jobs" : [
    {
      "jobname" : "wipc",
      "groupid" : 0,
      "error" : 0,
      "eta" : 0,
      "elapsed" : 826,
      "job options" : {
        "ioengine" : "libaio",
        "group_reporting" : "1",
        "direct" : "1",
        "rw" : "write",
        "bssplit" : "128KB",
        "numjobs" : "1",
        "iodepth" : "32",
        "size" : "75%",
        "io_size" : "256071352320B",
        "filename" : "/dev/sda"
      },
      "read" : {
        "io_bytes" : 0,
        "io_kbytes" : 0,
        "bw_bytes" : 0,
        "bw" : 0,
        "iops" : 0.000000,
        "runtime" : 0,
        "total_ios" : 0,
        "short_ios" : 0,
        "drop_ios" : 0,
        "slat_ns" : {
          "min" : 0,
          "max" : 0,
          "mean" : 0.000000,
          "stddev" : 0.000000
        },
        "clat_ns" : {
          "min" : 0,
          "max" : 0,
          "mean" : 0.000000,
          "stddev" : 0.000000,
          "percentile" : {
            "1.000000" : 0,
            "5.000000" : 0,
            "10.000000" : 0,
            "20.000000" : 0,
            "30.000000" : 0,
            "40.000000" : 0,
            "50.000000" : 0,
            "60.000000" : 0,
            "70.000000" : 0,
            "80.000000" : 0,
            "90.000000" : 0,
            "95.000000" : 0,
            "99.000000" : 0,
            "99.500000" : 0,
            "99.900000" : 0,
            "99.950000" : 0,
            "99.990000" : 0
          },
          "bins" : {

          }
        },
        "lat_ns" : {
          "min" : 0,
          "max" : 0,
          "mean" : 0.000000,
          "stddev" : 0.000000
        },
        "bw_min" : 0,
        "bw_max" : 0,
        "bw_agg" : 0.000000,
        "bw_mean" : 0.000000,
        "bw_dev" : 0.000000,
        "bw_samples" : 0,
        "iops_min" : 0,
        "iops_max" : 0,
        "iops_mean" : 0.000000,
        "iops_stddev" : 0.000000,
        "iops_samples" : 0
      },
      "write" : {
        "io_bytes" : 256071434240,
        "io_kbytes" : 250069760,
        "bw_bytes" : 310144133,
        "bw" : 302875,
        "iops" : 2366.211956,
        "runtime" : 825653,
        "total_ios" : 1953670,
        "short_ios" : 0,
        "drop_ios" : 0,
        "slat_ns" : {
          "min" : 21000,
          "max" : 12938334,
          "mean" : 50944.144652,
          "stddev" : 22304.014034
        },
        "clat_ns" : {
          "min" : 3234875,
          "max" : 43620500,
          "mean" : 13467435.488042,
          "stddev" : 2145566.931413,
          "percentile" : {
            "1.000000" : 11730944,
            "5.000000" : 12124160,
            "10.000000" : 12255232,
            "20.000000" : 12386304,
            "30.000000" : 12648448,
            "40.000000" : 12779520,
            "50.000000" : 13041664,
            "60.000000" : 13303808,
            "70.000000" : 13565952,
            "80.000000" : 13959168,
            "90.000000" : 14614528,
            "95.000000" : 15663104,
            "99.000000" : 27656192,
            "99.500000" : 28704768,
            "99.900000" : 29753344,
            "99.950000" : 30277632,
            "99.990000" : 32374784
          },
          "bins" : {
            "3227648" : 2,
            "3260416" : 3,
            "3293184" : 7,
            "3325952" : 5,
            "3358720" : 6,
            "3391488" : 1,
            "3555328" : 2,
            "3620864" : 1,
            "3653632" : 2,
            "3686400" : 3,
            "3719168" : 6,
            "3751936" : 9,
            "3784704" : 40,
            "3817472" : 22,
            "3850240" : 18,
            "3883008" : 10,
            "3915776" : 9,
            "3948544" : 24,
            "3981312" : 30,
            "4014080" : 20,
            "4046848" : 24,
            "4079616" : 25,
            "4112384" : 14,
            "4145152" : 3,
            "4177920" : 4,
            "4227072" : 4,
            "4292608" : 7,
            "4358144" : 21,
            "4423680" : 14,
            "4489216" : 18,
            "4554752" : 16,
            "4620288" : 6,
            "4685824" : 9,
            "4751360" : 6,
            "4816896" : 6,
            "4882432" : 15,
            "4947968" : 3,
            "5013504" : 3,
            "5079040" : 7,
            "5144576" : 3,
            "5210112" : 6,
            "5275648" : 6,
            "5341184" : 3,
            "5406720" : 6,
            "5472256" : 4,
            "5537792" : 1,
            "5603328" : 5,
            "5668864" : 5,
            "5799936" : 8,
            "5865472" : 1,
            "5931008" : 2,
            "5996544" : 6,
            "6062080" : 3,
            "6127616" : 5,
            "6193152" : 4,
            "6258688" : 8,
            "6324224" : 4,
            "6389760" : 6,
            "6455296" : 7,
            "6520832" : 4,
            "6586368" : 10,
            "6651904" : 13,
            "6717440" : 9,
            "6782976" : 13,
            "6848512" : 6,
            "6914048" : 10,
            "6979584" : 5,
            "7045120" : 5,
            "7110656" : 6,
            "7176192" : 9,
            "7241728" : 12,
            "7307264" : 11,
            "7372800" : 17,
            "7438336" : 8,
            "7503872" : 7,
            "7569408" : 8,
            "7634944" : 7,
            "7700480" : 7,
            "7766016" : 8,
            "7831552" : 11,
            "7897088" : 39,
            "7962624" : 28,
            "8028160" : 24,
            "8093696" : 38,
            "8159232" : 81,
            "8224768" : 109,
            "8290304" : 32,
            "8355840" : 33,
            "8454144" : 41,
            "8585216" : 46,
            "8716288" : 36,
            "8847360" : 30,
            "8978432" : 29,
            "9109504" : 28,
            "9240576" : 25,
            "9371648" : 32,
            "9502720" : 47,
            "9633792" : 72,
            "9764864" : 137,
            "9895936" : 224,
            "10027008" : 275,
            "10158080" : 353,
            "10289152" : 415,
            "10420224" : 527,
            "10551296" : 625,
            "10682368" : 624,
            "10813440" : 603,
            "10944512" : 599,
            "11075584" : 767,
            "11206656" : 1077,
            "11337728" : 1385,
            "11468800" : 1914,
            "11599872" : 3487,
            "11730944" : 9909,
            "11862016" : 24257,
            "11993088" : 48935,
            "12124160" : 81730,
            "12255232" : 107473,
            "12386304" : 117583,
            "12517376" : 125149,
            "12648448" : 136429,
            "12779520" : 138620,
            "12910592" : 132638,
            "13041664" : 112612,
            "13172736" : 95742,
            "13303808" : 84233,
            "13434880" : 80165,
            "13565952" : 70138,
            "13697024" : 63379,
            "13828096" : 66211,
            "13959168" : 64704,
            "14090240" : 58756,
            "14221312" : 47839,
            "14352384" : 34888,
            "14483456" : 26073,
            "14614528" : 21017,
            "14745600" : 17278,
            "14876672" : 15076,
            "15007744" : 13335,
            "15138816" : 11404,
            "15269888" : 10147,
            "15400960" : 10743,
            "15532032" : 13837,
            "15663104" : 14798,
            "15794176" : 14777,
            "15925248" : 11452,
            "16056320" : 8272,
            "16187392" : 5392,
            "16318464" : 3284,
            "16449536" : 1910,
            "16580608" : 1287,
            "16711680" : 834,
            "16908288" : 992,
            "17170432" : 383,
            "17432576" : 209,
            "17694720" : 329,
            "17956864" : 658,
            "18219008" : 820,
            "18481152" : 503,
            "18743296" : 222,
            "19005440" : 79,