{
  "fio version" : "fio-3.17",
  "timestamp" : 1579911335,
  "timestamp_ms" : 1579911335640,
  "time" : "Fri Jan 24 16:15:35 2020",
  "jobs" : [
    {
      "jobname" : "wipc",
      "groupid" : 0,
      "error" : 0,
      "eta" : 0,
      "elapsed" : 886,
      "job options" : {
        "ioengine" : "libaio",
        "group_reporting" : "1",
        "direct" : "1",
        "rw" : "write",
        "bssplit" : "128KB",
        "numjobs" : "1",
        "iodepth" : "32",
        "size" : "75%",
        "io_size" : "256071352320B",
        "filename" : "/dev/sdb"
      },
      "read" : {
        "io_bytes" : 0,
        "io_kbytes" : 0,
        "bw_bytes" : 0,
        "bw" : 0,
        "iops" : 0.000000,
        "runtime" : 0,
        "total_ios" : 0,
        "short_ios" : 0,
        "drop_ios" : 0,
        "slat_ns" : {
          "min" : 0,
          "max" : 0,
          "mean" : 0.000000,
          "stddev" : 0.000000
        },
        "clat_ns" : {
          "min" : 0,
          "max" : 0,
          "mean" : 0.000000,
          "stddev" : 0.000000,
          "percentile" : {
            "1.000000" : 0,
            "5.000000" : 0,
            "10.000000" : 0,
            "20.000000" : 0,
            "30.000000" : 0,
            "40.000000" : 0,
            "50.000000" : 0,
            "60.000000" : 0,
            "70.000000" : 0,
            "80.000000" : 0,
            "90.000000" : 0,
            "95.000000" : 0,
            "99.000000" : 0,
            "99.500000" : 0,
            "99.900000" : 0,
            "99.950000" : 0,
            "99.990000" : 0
          },
          "bins" : {

          }
        },
        "lat_ns" : {
          "min" : 0,
          "max" : 0,
          "mean" : 0.000000,
          "stddev" : 0.000000
        },
        "bw_min" : 0,
        "bw_max" : 0,
        "bw_agg" : 0.000000,
        "bw_mean" : 0.000000,
        "bw_dev" : 0.000000,
        "bw_samples" : 0,
        "iops_min" : 0,
        "iops_max" : 0,
        "iops_mean" : 0.000000,
        "iops_stddev" : 0.000000,
        "iops_samples" : 0
      },
      "write" : {
        "io_bytes" : 256071434240,
        "io_kbytes" : 250069760,
        "bw_bytes" : 289275650,
        "bw" : 282495,
        "iops" : 2206.998066,
        "runtime" : 885216,
        "total_ios" : 1953670,
        "short_ios" : 0,
        "drop_ios" : 0,
        "slat_ns" : {
          "min" : 7444,
          "max" : 607081,
          "mean" : 33087.527793,
          "stddev" : 11119.284704
        },
        "clat_ns" : {
          "min" : 1067258,
          "max" : 45191926,
          "mean" : 14459790.610668,
          "stddev" : 1995058.271347,
          "percentile" : {
            "1.000000" : 12648448,
            "5.000000" : 12910592,
            "10.000000" : 13041664,
            "20.000000" : 13303808,
            "30.000000" : 13565952,
            "40.000000" : 13828096,
            "50.000000" : 14090240,
            "60.000000" : 14352384,
            "70.000000" : 14745600,
            "80.000000" : 15269888,
            "90.000000" : 15794176,
            "95.000000" : 16449536,
            "99.000000" : 27131904,
            "99.500000" : 28180480,
            "99.900000" : 28966912,
            "99.950000" : 29229056,
            "99.990000" : 31850496
          },
          "bins" : {
            "1073152" : 1,
            "1089536" : 1,
            "1384448" : 1,
            "1400832" : 1,
            "1433600" : 1,
            "1712128" : 1,
            "1728512" : 1,
            "1777664" : 1,
            "2072576" : 1,
            "2375680" : 2,
            "2637824" : 1,
            "2768896" : 1,
            "2998272" : 1,
            "3031040" : 1,
            "3096576" : 1,
            "3391488" : 1,
            "3424256" : 1,
            "3457024" : 1,
            "3653632" : 1,
            "3686400" : 1,
            "3817472" : 1,
            "3981312" : 1,
            "4112384" : 1,
            "4145152" : 1,
            "4358144" : 1,
            "4423680" : 1,
            "4489216" : 1,
            "4685824" : 1,
            "4751360" : 1,
            "4816896" : 1,
            "5079040" : 3,
            "5210112" : 1,
            "5472256" : 1,
            "5537792" : 1,
            "5603328" : 2,
            "5865472" : 1,
            "5931008" : 1,
            "6193152" : 2,
            "6520832" : 1,
            "6651904" : 1,
            "6914048" : 1,
            "7045120" : 1,
            "7241728" : 1,
            "7438336" : 1,
            "7569408" : 1,
            "7700480" : 1,
            "7962624" : 1,
            "8093696" : 1,
            "8290304" : 1,
            "8454144" : 1,
            "8585216" : 1,
            "8847360" : 1,
            "8978432" : 1,
            "9109504" : 1,
            "9240576" : 1,
            "9633792" : 1,
            "9895936" : 1,
            "10027008" : 2,
            "10158080" : 1,
            "10289152" : 2,
            "10420224" : 4,
            "10551296" : 2,
            "10682368" : 3,
            "10813440" : 2,
            "10944512" : 6,
            "11075584" : 2,
            "11206656" : 4,
            "11337728" : 6,
            "11468800" : 15,
            "11599872" : 47,
            "11730944" : 88,
            "11862016" : 140,
            "11993088" : 242,
            "12124160" : 376,
            "12255232" : 669,
            "12386304" : 1787,
            "12517376" : 6184,
            "12648448" : 18727,
            "12779520" : 41054,
            "12910592" : 69794,
            "13041664" : 93505,
            "13172736" : 105885,
            "13303808" : 106140,
            "13434880" : 103058,
            "13565952" : 103013,
            "13697024" : 105190,
            "13828096" : 103162,
            "13959168" : 96849,
            "14090240" : 90282,
            "14221312" : 82204,
            "14352384" : 74511,
            "14483456" : 71106,
            "14614528" : 67212,
            "14745600" : 60442,
            "14876672" : 51145,
            "15007744" : 44269,
            "15138816" : 42475,
            "15269888" : 45906,
            "15400960" : 50659,
            "15532032" : 49895,
            "15663104" : 44087,
            "15794176" : 36505,
            "15925248" : 28368,
            "16056320" : 21995,
            "16187392" : 17189,
            "16318464" : 13638,
            "16449536" : 11734,
            "16580608" : 11357,
            "16711680" : 11398,
            "16908288" : 19493,
            "17170432" : 11170,
            "17432576" : 4754,
            "17694720" : 1744,
            "17956864" : 591,
            "18219008" : 257,
            "18481152" : 179,
            "18743296" : 263,
            "19005440" : 314,
            "19267584" : 255,
            "19529728" : 135,
            "19791872" : 43,
            "20054016" : 21,
            "20316160" : 6,
            "20578304" : 3,
            "20840448" : 4,
            "21102592" : 1,
            "21364736" : 5,
            "21626880" : 1,
            "21889024" : 3,
            "22151168" : 1,
            "22413312" : 7,
            "22675456" : 20,
            "22937600" : 14,
            "23199744" : 3,
            "23461888" : 7,
            "23724032" : 6,
            "23986176" : 12,
            "24248320" : 7,
            "24510464" : 10,
            "24772608" : 90,
            "25034752" : 236,
            "25296896" : 180,
            "25559040" : 143,
            "25821184" : 212,
            "26083328" : 341,
            "26345472" : 1175,
            "26607616" : 3384,
            "26869760" : 4522,
            "27131904" : 3292,
            "27394048" : 2859,
            "27656192" : 2807,
            "27918336" : 2633,
            "28180480" : 3133,
            "28442624" : 2604,
            "28704768" : 1787,
            "28966912" : 1177,
            "29229056" : 541,
            "29491200" : 318,
            "29753344" : 103,
            "30015488" : 45,