{
  "fio version" : "fio-3.17",
  "timestamp" : 1581911727,
  "timestamp_ms" : 1581911727597,
  "time" : "Mon Feb 17 03:55:27 2020",
  "jobs" : [
    {
      "jobname" : "wipc",
      "groupid" : 0,
      "error" : 0,
      "eta" : 0,
      "elapsed" : 827,
      "job options" : {
        "ioengine" : "libaio",
        "group_reporting" : "1",
        "direct" : "1",
        "rw" : "write",
        "bssplit" : "128KB",
        "numjobs" : "1",
        "iodepth" : "32",
        "size" : "75%",
        "io_size" : "256071352320B",
        "filename" : "/dev/sda"
      },
      "read" : {
        "io_bytes" : 0,
        "io_kbytes" : 0,
        "bw_bytes" : 0,
        "bw" : 0,
        "iops" : 0.000000,
        "runtime" : 0,
        "total_ios" : 0,
        "short_ios" : 0,
        "drop_ios" : 0,
        "slat_ns" : {
          "min" : 0,
          "max" : 0,
          "mean" : 0.000000,
          "stddev" : 0.000000
        },
        "clat_ns" : {
          "min" : 0,
          "max" : 0,
          "mean" : 0.000000,
          "stddev" : 0.000000,
          "percentile" : {
            "1.000000" : 0,
            "5.000000" : 0,
            "10.000000" : 0,
            "20.000000" : 0,
            "30.000000" : 0,
            "40.000000" : 0,
            "50.000000" : 0,
            "60.000000" : 0,
            "70.000000" : 0,
            "80.000000" : 0,
            "90.000000" : 0,
            "95.000000" : 0,
            "99.000000" : 0,
            "99.500000" : 0,
            "99.900000" : 0,
            "99.950000" : 0,
            "99.990000" : 0
          },
          "bins" : {

          }
        },
        "lat_ns" : {
          "min" : 0,
          "max" : 0,
          "mean" : 0.000000,
          "stddev" : 0.000000
        },
        "bw_min" : 0,
        "bw_max" : 0,
        "bw_agg" : 0.000000,
        "bw_mean" : 0.000000,
        "bw_dev" : 0.000000,
        "bw_samples" : 0,
        "iops_min" : 0,
        "iops_max" : 0,
        "iops_mean" : 0.000000,
        "iops_stddev" : 0.000000,
        "iops_samples" : 0
      },
      "write" : {
        "io_bytes" : 256071434240,
        "io_kbytes" : 250069760,
        "bw_bytes" : 309930544,
        "bw" : 302666,
        "iops" : 2364.582400,
        "runtime" : 826222,
        "total_ios" : 1953670,
        "short_ios" : 0,
        "drop_ios" : 0,
        "slat_ns" : {
          "min" : 19542,
          "max" : 10248584,
          "mean" : 50169.792000,
          "stddev" : 19753.684629
        },
        "clat_ns" : {
          "min" : 3336375,
          "max" : 45158375,
          "mean" : 13477641.638188,
          "stddev" : 2145313.057372,
          "percentile" : {
            "1.000000" : 11730944,
            "5.000000" : 12124160,
            "10.000000" : 12255232,
            "20.000000" : 12517376,
            "30.000000" : 12648448,
            "40.000000" : 12779520,
            "50.000000" : 13041664,
            "60.000000" : 13303808,
            "70.000000" : 13565952,
            "80.000000" : 13959168,
            "90.000000" : 14614528,
            "95.000000" : 15532032,
            "99.000000" : 27918336,
            "99.500000" : 28704768,
            "99.900000" : 30015488,
            "99.950000" : 30539776,
            "99.990000" : 31588352
          },
          "bins" : {
            "3325952" : 1,
            "3391488" : 1,
            "3489792" : 6,
            "3522560" : 2,
            "3555328" : 8,
            "3588096" : 3,
            "3620864" : 12,
            "3653632" : 21,
            "3686400" : 18,
            "3719168" : 5,
            "3751936" : 7,
            "3784704" : 6,
            "3817472" : 1,
            "3850240" : 3,
            "3883008" : 1,
            "3915776" : 2,
            "3948544" : 1,
            "3981312" : 5,
            "4014080" : 2,
            "4046848" : 1,
            "4112384" : 2,
            "4145152" : 4,
            "4177920" : 3,
            "4227072" : 10,
            "4292608" : 8,
            "4358144" : 6,
            "4423680" : 5,
            "4489216" : 8,
            "4554752" : 9,
            "4620288" : 4,
            "4685824" : 8,
            "4751360" : 2,
            "4816896" : 2,
            "4882432" : 5,
            "4947968" : 2,
            "5013504" : 7,
            "5079040" : 5,
            "5144576" : 1,
            "5210112" : 4,
            "5275648" : 3,
            "5406720" : 4,
            "5472256" : 3,
            "5537792" : 3,
            "5603328" : 3,
            "5668864" : 5,
            "5734400" : 2,
            "5799936" : 4,
            "5865472" : 5,
            "5996544" : 3,
            "6062080" : 2,
            "6127616" : 3,
            "6193152" : 1,
            "6258688" : 1,
            "6324224" : 3,
            "6389760" : 2,
            "6455296" : 3,
            "6520832" : 7,
            "6586368" : 5,
            "6651904" : 5,
            "6717440" : 2,
            "6782976" : 6,
            "6848512" : 5,
            "6914048" : 3,
            "6979584" : 6,
            "7045120" : 2,
            "7110656" : 4,
            "7176192" : 2,
            "7241728" : 3,
            "7307264" : 4,
            "7372800" : 1,
            "7438336" : 3,
            "7503872" : 4,
            "7569408" : 1,
            "7634944" : 1,
            "7700480" : 3,
            "7766016" : 4,
            "7831552" : 11,
            "7897088" : 20,
            "7962624" : 5,
            "8028160" : 4,
            "8093696" : 8,
            "8159232" : 4,
            "8224768" : 15,
            "8290304" : 25,
            "8355840" : 13,
            "8454144" : 37,
            "8585216" : 12,
            "8716288" : 40,
            "8847360" : 25,
            "8978432" : 12,
            "9109504" : 19,
            "9240576" : 14,
            "9371648" : 24,
            "9502720" : 26,
            "9633792" : 18,
            "9764864" : 26,
            "9895936" : 39,
            "10027008" : 83,
            "10158080" : 122,
            "10289152" : 182,
            "10420224" : 283,
            "10551296" : 449,
            "10682368" : 614,
            "10813440" : 849,
            "10944512" : 821,
            "11075584" : 826,
            "11206656" : 1006,
            "11337728" : 1252,
            "11468800" : 2017,
            "11599872" : 3572,
            "11730944" : 8492,
            "11862016" : 21325,
            "11993088" : 47599,
            "12124160" : 80960,
            "12255232" : 104664,
            "12386304" : 113659,
            "12517376" : 123903,
            "12648448" : 134784,
            "12779520" : 141726,
            "12910592" : 132936,
            "13041664" : 113618,
            "13172736" : 95191,
            "13303808" : 87306,
            "13434880" : 82967,
            "13565952" : 73242,
            "13697024" : 65454,
            "13828096" : 65577,
            "13959168" : 67926,
            "14090240" : 61765,
            "14221312" : 49833,
            "14352384" : 34957,
            "14483456" : 25531,
            "14614528" : 20835,
            "14745600" : 17955,
            "14876672" : 15119,
            "15007744" : 12917,
            "15138816" : 11171,
            "15269888" : 10082,
            "15400960" : 11497,
            "15532032" : 13400,
            "15663104" : 15000,
            "15794176" : 14328,
            "15925248" : 10595,
            "16056320" : 7602,
            "16187392" : 4763,
            "16318464" : 2734,
            "16449536" : 1604,
            "16580608" : 1201,
            "16711680" : 738,
            "16908288" : 813,
            "17170432" : 307,
            "17432576" : 174,
            "17694720" : 310,
            "17956864" : 655,
            "18219008" : 764,
            "18481152" : 429,
            "18743296" : 194,
            "19005440" : 47,
            "19267584" : 42,
            "19529728" : 33,
            "19791872" : 23,
            "20054016" : 38,