{
  "fio version" : "fio-3.17",
  "timestamp" : 1581937279,
  "timestamp_ms" : 1581937279715,
  "time" : "Mon Feb 17 11:01:19 2020",
  "jobs" : [
    {
      "jobname" : "wipc",
      "groupid" : 0,
      "error" : 0,
      "eta" : 0,
      "elapsed" : 827,
      "job options" : {
        "ioengine" : "libaio",
        "group_reporting" : "1",
        "direct" : "1",
        "rw" : "write",
        "bssplit" : "128KB",
        "numjobs" : "1",
        "iodepth" : "32",
        "size" : "75%",
        "io_size" : "256071352320B",
        "filename" : "/dev/sda"
      },
      "read" : {
        "io_bytes" : 0,
        "io_kbytes" : 0,
        "bw_bytes" : 0,
        "bw" : 0,
        "iops" : 0.000000,
        "runtime" : 0,
        "total_ios" : 0,
        "short_ios" : 0,
        "drop_ios" : 0,
        "slat_ns" : {
          "min" : 0,
          "max" : 0,
          "mean" : 0.000000,
          "stddev" : 0.000000
        },
        "clat_ns" : {
          "min" : 0,
          "max" : 0,
          "mean" : 0.000000,
          "stddev" : 0.000000,
          "percentile" : {
            "1.000000" : 0,
            "5.000000" : 0,
            "10.000000" : 0,
            "20.000000" : 0,
            "30.000000" : 0,
            "40.000000" : 0,
            "50.000000" : 0,
            "60.000000" : 0,
            "70.000000" : 0,
            "80.000000" : 0,
            "90.000000" : 0,
            "95.000000" : 0,
            "99.000000" : 0,
            "99.500000" : 0,
            "99.900000" : 0,
            "99.950000" : 0,
            "99.990000" : 0
          },
          "bins" : {

          }
        },
        "lat_ns" : {
          "min" : 0,
          "max" : 0,
          "mean" : 0.000000,
          "stddev" : 0.000000
        },
        "bw_min" : 0,
        "bw_max" : 0,
        "bw_agg" : 0.000000,
        "bw_mean" : 0.000000,
        "bw_dev" : 0.000000,
        "bw_samples" : 0,
        "iops_min" : 0,
        "iops_max" : 0,
        "iops_mean" : 0.000000,
        "iops_stddev" : 0.000000,
        "iops_samples" : 0
      },
      "write" : {
        "io_bytes" : 256071434240,
        "io_kbytes" : 250069760,
        "bw_bytes" : 309925667,
        "bw" : 302661,
        "iops" : 2364.545196,
        "runtime" : 826235,
        "total_ios" : 1953670,
        "short_ios" : 0,
        "drop_ios" : 0,
        "slat_ns" : {
          "min" : 19833,
          "max" : 18545041,
          "mean" : 50722.428823,
          "stddev" : 28589.539862
        },
        "clat_ns" : {
          "min" : 3120833,
          "max" : 45217083,
          "mean" : 13477357.712247,
          "stddev" : 2151258.986890,
          "percentile" : {
            "1.000000" : 11730944,
            "5.000000" : 12124160,
            "10.000000" : 12255232,
            "20.000000" : 12386304,
            "30.000000" : 12648448,
            "40.000000" : 12779520,
            "50.000000" : 13041664,
            "60.000000" : 13303808,
            "70.000000" : 13565952,
            "80.000000" : 13959168,
            "90.000000" : 14614528,
            "95.000000" : 15663104,
            "99.000000" : 27656192,
            "99.500000" : 28704768,
            "99.900000" : 30015488,
            "99.950000" : 30539776,
            "99.990000" : 32112640
          },
          "bins" : {
            "3129344" : 1,
            "3588096" : 1,
            "3620864" : 1,
            "3653632" : 2,
            "3686400" : 3,
            "3719168" : 7,
            "3751936" : 9,
            "3784704" : 7,
            "3817472" : 14,
            "3850240" : 26,
            "3883008" : 11,
            "3915776" : 12,
            "3948544" : 29,
            "3981312" : 25,
            "4014080" : 7,
            "4046848" : 1,
            "4079616" : 4,
            "4112384" : 6,
            "4145152" : 6,
            "4177920" : 4,
            "4292608" : 4,
            "4358144" : 8,
            "4423680" : 10,
            "4489216" : 13,
            "4554752" : 6,
            "4620288" : 2,
            "4685824" : 5,
            "4751360" : 5,
            "4816896" : 4,
            "4882432" : 11,
            "4947968" : 4,
            "5013504" : 3,
            "5079040" : 5,
            "5144576" : 2,
            "5210112" : 6,
            "5275648" : 3,
            "5341184" : 1,
            "5406720" : 4,
            "5472256" : 3,
            "5537792" : 3,
            "5603328" : 3,
            "5668864" : 4,
            "5734400" : 5,
            "5799936" : 2,
            "5865472" : 6,
            "5931008" : 3,
            "5996544" : 5,
            "6062080" : 6,
            "6127616" : 3,
            "6193152" : 7,
            "6258688" : 4,
            "6324224" : 6,
            "6389760" : 15,
            "6455296" : 4,
            "6520832" : 6,
            "6586368" : 8,
            "6651904" : 4,
            "6717440" : 6,
            "6782976" : 6,
            "6848512" : 9,
            "6914048" : 7,
            "6979584" : 11,
            "7045120" : 2,
            "7110656" : 12,
            "7176192" : 3,
            "7241728" : 14,
            "7307264" : 12,
            "7372800" : 18,
            "7438336" : 4,
            "7503872" : 11,
            "7569408" : 5,
            "7634944" : 4,
            "7700480" : 9,
            "7766016" : 7,
            "7831552" : 7,
            "7897088" : 6,
            "7962624" : 28,
            "8028160" : 43,
            "8093696" : 159,
            "8159232" : 58,
            "8224768" : 56,
            "8290304" : 21,
            "8355840" : 23,
            "8454144" : 25,
            "8585216" : 16,
            "8716288" : 20,
            "8847360" : 32,
            "8978432" : 29,
            "9109504" : 39,
            "9240576" : 37,
            "9371648" : 36,
            "9502720" : 48,
            "9633792" : 74,
            "9764864" : 139,
            "9895936" : 198,
            "10027008" : 259,
            "10158080" : 354,
            "10289152" : 461,
            "10420224" : 588,
            "10551296" : 603,
            "10682368" : 586,
            "10813440" : 626,
            "10944512" : 657,
            "11075584" : 852,
            "11206656" : 948,
            "11337728" : 1236,
            "11468800" : 2056,
            "11599872" : 4135,
            "11730944" : 9534,
            "11862016" : 22516,
            "11993088" : 47785,
            "12124160" : 80265,
            "12255232" : 105719,
            "12386304" : 114287,
            "12517376" : 123096,
            "12648448" : 133597,
            "12779520" : 142063,
            "12910592" : 134462,
            "13041664" : 113263,
            "13172736" : 95083,
            "13303808" : 87496,
            "13434880" : 80857,
            "13565952" : 70930,
            "13697024" : 63846,
            "13828096" : 65064,
            "13959168" : 64951,
            "14090240" : 61817,
            "14221312" : 48081,
            "14352384" : 34963,
            "14483456" : 26033,
            "14614528" : 20531,
            "14745600" : 17538,
            "14876672" : 15023,
            "15007744" : 12665,
            "15138816" : 10886,
            "15269888" : 10400,
            "15400960" : 11853,
            "15532032" : 14329,
            "15663104" : 16409,
            "15794176" : 15080,
            "15925248" : 12079,
            "16056320" : 7894,
            "16187392" : 4839,
            "16318464" : 3029,
            "16449536" : 1673,
            "16580608" : 1295,
            "16711680" : 833,
            "16908288" : 911,
            "17170432" : 385,
            "17432576" : 163,
            "17694720" : 386,
            "17956864" : 727,
            "18219008" : 888,
            "18481152" : 476,
            "18743296" : 173,
            "19005440" : 82,
            "19267584" : 52,
            "19529728" : 46,
            "19791872" : 42,
            "20054016" : 46,
            "20316160" : 36,