{
  "fio version" : "fio-3.17",
  "timestamp" : 1579509229,
  "timestamp_ms" : 1579509229770,
  "time" : "Mon Jan 20 00:33:49 2020",
  "jobs" : [
    {
      "jobname" : "wipc",
      "groupid" : 0,
      "error" : 0,
      "eta" : 0,
      "elapsed" : 892,
      "job options" : {
        "ioengine" : "libaio",
        "group_reporting" : "1",
        "direct" : "1",
        "rw" : "write",
        "bssplit" : "128KB",
        "numjobs" : "1",
        "iodepth" : "32",
        "size" : "75%",
        "io_size" : "256071352320B",
        "filename" : "/dev/sdc"
      },
      "read" : {
        "io_bytes" : 0,
        "io_kbytes" : 0,
        "bw_bytes" : 0,
        "bw" : 0,
        "iops" : 0.000000,
        "runtime" : 0,
        "total_ios" : 0,
        "short_ios" : 0,
        "drop_ios" : 0,
        "slat_ns" : {
          "min" : 0,
          "max" : 0,
          "mean" : 0.000000,
          "stddev" : 0.000000
        },
        "clat_ns" : {
          "min" : 0,
          "max" : 0,
          "mean" : 0.000000,
          "stddev" : 0.000000,
          "percentile" : {
            "1.000000" : 0,
            "5.000000" : 0,
            "10.000000" : 0,
            "20.000000" : 0,
            "30.000000" : 0,
            "40.000000" : 0,
            "50.000000" : 0,
            "60.000000" : 0,
            "70.000000" : 0,
            "80.000000" : 0,
            "90.000000" : 0,
            "95.000000" : 0,
            "99.000000" : 0,
            "99.500000" : 0,
            "99.900000" : 0,
            "99.950000" : 0,
            "99.990000" : 0
          },
          "bins" : {

          }
        },
        "lat_ns" : {
          "min" : 0,
          "max" : 0,
          "mean" : 0.000000,
          "stddev" : 0.000000
        },
        "bw_min" : 0,
        "bw_max" : 0,
        "bw_agg" : 0.000000,
        "bw_mean" : 0.000000,
        "bw_dev" : 0.000000,
        "bw_samples" : 0,
        "iops_min" : 0,
        "iops_max" : 0,
        "iops_mean" : 0.000000,
        "iops_stddev" : 0.000000,
        "iops_samples" : 0
      },
      "write" : {
        "io_bytes" : 256071434240,
        "io_kbytes" : 250069760,
        "bw_bytes" : 287431343,
        "bw" : 280694,
        "iops" : 2192.927121,
        "runtime" : 890896,
        "total_ios" : 1953670,
        "short_ios" : 0,
        "drop_ios" : 0,
        "slat_ns" : {
          "min" : 8809,
          "max" : 497363,
          "mean" : 33357.128392,
          "stddev" : 10581.046176
        },
        "clat_ns" : {
          "min" : 996887,
          "max" : 45601670,
          "mean" : 14552504.430146,
          "stddev" : 2007213.791077,
          "percentile" : {
            "1.000000" : 12779520,
            "5.000000" : 13041664,
            "10.000000" : 13172736,
            "20.000000" : 13434880,
            "30.000000" : 13565952,
            "40.000000" : 13828096,
            "50.000000" : 14090240,
            "60.000000" : 14483456,
            "70.000000" : 14876672,
            "80.000000" : 15400960,
            "90.000000" : 15925248,
            "95.000000" : 16711680,
            "99.000000" : 27131904,
            "99.500000" : 27918336,
            "99.900000" : 29229056,
            "99.950000" : 30277632,
            "99.990000" : 31850496
          },
          "bins" : {
            "995328" : 1,
            "1056768" : 1,
            "1073152" : 1,
            "1220608" : 1,
            "1351680" : 1,
            "1384448" : 1,
            "1630208" : 1,
            "1646592" : 1,
            "1925120" : 1,
            "1990656" : 1,
            "2023424" : 1,
            "2277376" : 1,
            "2342912" : 1,
            "2441216" : 1,
            "2637824" : 1,
            "2768896" : 1,
            "2834432" : 1,
            "2932736" : 1,
            "3162112" : 1,
            "3194880" : 1,
            "3358720" : 1,
            "3489792" : 1,
            "3555328" : 1,
            "3653632" : 1,
            "3817472" : 1,
            "3915776" : 1,
            "4046848" : 1,
            "4177920" : 1,
            "4227072" : 1,
            "4358144" : 1,
            "4489216" : 1,
            "4554752" : 1,
            "4816896" : 1,
            "4882432" : 1,
            "5013504" : 1,
            "5144576" : 1,
            "5210112" : 1,
            "5341184" : 1,
            "5472256" : 1,
            "5603328" : 1,
            "5668864" : 1,
            "5799936" : 1,
            "5931008" : 2,
            "6062080" : 1,
            "6127616" : 1,
            "6389760" : 1,
            "6455296" : 1,
            "6651904" : 2,
            "6717440" : 1,
            "7176192" : 1,
            "7569408" : 1,
            "7897088" : 1,
            "8159232" : 1,
            "8355840" : 1,
            "8585216" : 2,
            "8978432" : 1,
            "9240576" : 2,
            "9502720" : 1,
            "9633792" : 2,
            "9895936" : 1,
            "10027008" : 3,
            "10289152" : 2,
            "10551296" : 1,
            "10682368" : 1,
            "10813440" : 3,
            "10944512" : 3,
            "11075584" : 8,
            "11206656" : 36,
            "11337728" : 82,
            "11468800" : 156,
            "11599872" : 156,
            "11730944" : 198,
            "11862016" : 213,
            "11993088" : 304,
            "12124160" : 459,
            "12255232" : 598,
            "12386304" : 960,
            "12517376" : 3011,
            "12648448" : 9739,
            "12779520" : 26250,
            "12910592" : 54015,
            "13041664" : 82930,
            "13172736" : 100044,
            "13303808" : 107813,
            "13434880" : 108556,
            "13565952" : 102981,
            "13697024" : 100217,
            "13828096" : 99275,
            "13959168" : 100400,
            "14090240" : 95533,
            "14221312" : 87745,
            "14352384" : 78562,
            "14483456" : 71018,
            "14614528" : 65981,
            "14745600" : 61391,
            "14876672" : 53903,
            "15007744" : 45461,
            "15138816" : 39960,
            "15269888" : 40494,
            "15400960" : 46798,
            "15532032" : 50884,
            "15663104" : 48194,
            "15794176" : 42859,
            "15925248" : 35589,
            "16056320" : 27561,
            "16187392" : 20787,
            "16318464" : 16073,
            "16449536" : 13511,
            "16580608" : 12004,
            "16711680" : 12137,
            "16908288" : 24671,
            "17170432" : 17513,
            "17432576" : 8699,
            "17694720" : 2995,
            "17956864" : 899,
            "18219008" : 360,
            "18481152" : 148,
            "18743296" : 163,
            "19005440" : 369,
            "19267584" : 389,
            "19529728" : 259,
            "19791872" : 164,
            "20054016" : 51,
            "20316160" : 16,
            "20578304" : 12,
            "20840448" : 12,
            "21102592" : 21,
            "21364736" : 19,
            "21626880" : 11,
            "21889024" : 6,
            "22151168" : 8,
            "22413312" : 8,
            "22675456" : 18,
            "22937600" : 5,
            "23199744" : 7,
            "23461888" : 3,
            "23724032" : 8,
            "23986176" : 20,
            "24248320" : 25,
            "24510464" : 26,
            "24772608" : 26,
            "25034752" : 21,
            "25296896" : 31,
            "25559040" : 61,
            "25821184" : 207,
            "26083328" : 488,
            "26345472" : 920,
            "26607616" : 3850,
            "26869760" : 5579,
            "27131904" : 3564,
            "27394048" : 2397,
            "27656192" : 2450,
            "27918336" : 2602,
            "28180480" : 2714,
            "28442624" : 2238,
            "28704768" : 1331,
            "28966912" : 895,
            "29229056" : 576,
            "29491200" : 358,
            "29753344" : 173,