{
  "fio version" : "fio-3.17",
  "timestamp" : 1582466847,
  "timestamp_ms" : 1582466847473,
  "time" : "Sun Feb 23 06:07:27 2020",
  "jobs" : [
    {
      "jobname" : "wipc",
      "groupid" : 0,
      "error" : 0,
      "eta" : 0,
      "elapsed" : 891,
      "job options" : {
        "ioengine" : "libaio",
        "group_reporting" : "1",
        "direct" : "1",
        "rw" : "write",
        "bssplit" : "128KB",
        "numjobs" : "1",
        "iodepth" : "32",
        "size" : "75%",
        "io_size" : "256071352320B",
        "filename" : "/dev/sdc"
      },
      "read" : {
        "io_bytes" : 0,
        "io_kbytes" : 0,
        "bw_bytes" : 0,
        "bw" : 0,
        "iops" : 0.000000,
        "runtime" : 0,
        "total_ios" : 0,
        "short_ios" : 0,
        "drop_ios" : 0,
        "slat_ns" : {
          "min" : 0,
          "max" : 0,
          "mean" : 0.000000,
          "stddev" : 0.000000
        },
        "clat_ns" : {
          "min" : 0,
          "max" : 0,
          "mean" : 0.000000,
          "stddev" : 0.000000,
          "percentile" : {
            "1.000000" : 0,
            "5.000000" : 0,
            "10.000000" : 0,
            "20.000000" : 0,
            "30.000000" : 0,
            "40.000000" : 0,
            "50.000000" : 0,
            "60.000000" : 0,
            "70.000000" : 0,
            "80.000000" : 0,
            "90.000000" : 0,
            "95.000000" : 0,
            "99.000000" : 0,
            "99.500000" : 0,
            "99.900000" : 0,
            "99.950000" : 0,
            "99.990000" : 0
          },
          "bins" : {

          }
        },
        "lat_ns" : {
          "min" : 0,
          "max" : 0,
          "mean" : 0.000000,
          "stddev" : 0.000000
        },
        "bw_min" : 0,
        "bw_max" : 0,
        "bw_agg" : 0.000000,
        "bw_mean" : 0.000000,
        "bw_dev" : 0.000000,
        "bw_samples" : 0,
        "iops_min" : 0,
        "iops_max" : 0,
        "iops_mean" : 0.000000,
        "iops_stddev" : 0.000000,
        "iops_samples" : 0
      },
      "write" : {
        "io_bytes" : 256071434240,
        "io_kbytes" : 250069760,
        "bw_bytes" : 287779885,
        "bw" : 281035,
        "iops" : 2195.586283,
        "runtime" : 889817,
        "total_ios" : 1953670,
        "short_ios" : 0,
        "drop_ios" : 0,
        "slat_ns" : {
          "min" : 7762,
          "max" : 769266,
          "mean" : 32211.629971,
          "stddev" : 11322.630924
        },
        "clat_ns" : {
          "min" : 1038675,
          "max" : 43619072,
          "mean" : 14536289.728261,
          "stddev" : 1994400.992254,
          "percentile" : {
            "1.000000" : 12779520,
            "5.000000" : 12910592,
            "10.000000" : 13041664,
            "20.000000" : 13303808,
            "30.000000" : 13565952,
            "40.000000" : 13828096,
            "50.000000" : 14090240,
            "60.000000" : 14483456,
            "70.000000" : 14876672,
            "80.000000" : 15400960,
            "90.000000" : 15925248,
            "95.000000" : 16580608,
            "99.000000" : 27131904,
            "99.500000" : 27918336,
            "99.900000" : 28966912,
            "99.950000" : 29229056,
            "99.990000" : 30801920
          },
          "bins" : {
            "1036288" : 1,
            "1056768" : 2,
            "1089536" : 1,
            "1220608" : 1,
            "1335296" : 1,
            "1368064" : 1,
            "1384448" : 1,
            "1597440" : 1,
            "1908736" : 1,
            "2039808" : 1,
            "2088960" : 1,
            "2277376" : 1,
            "2375680" : 1,
            "2441216" : 1,
            "2637824" : 1,
            "2736128" : 1,
            "2768896" : 1,
            "2965504" : 1,
            "3129344" : 1,
            "3325952" : 1,
            "3457024" : 1,
            "3489792" : 1,
            "3686400" : 1,
            "3817472" : 1,
            "3850240" : 1,
            "4046848" : 1,
            "4145152" : 2,
            "4358144" : 1,
            "4489216" : 2,
            "4816896" : 2,
            "4947968" : 1,
            "5210112" : 2,
            "5275648" : 1,
            "5537792" : 2,
            "5603328" : 1,
            "5865472" : 2,
            "6193152" : 1,
            "6258688" : 1,
            "6389760" : 2,
            "6455296" : 1,
            "6586368" : 1,
            "6914048" : 1,
            "7241728" : 1,
            "7634944" : 2,
            "7962624" : 2,
            "8355840" : 2,
            "8716288" : 2,
            "8978432" : 2,
            "9240576" : 1,
            "9371648" : 2,
            "9633792" : 1,
            "9764864" : 3,
            "9895936" : 1,
            "10027008" : 3,
            "10158080" : 1,
            "10289152" : 1,
            "10420224" : 3,
            "10551296" : 3,
            "10682368" : 2,
            "10813440" : 2,
            "10944512" : 7,
            "11075584" : 6,
            "11206656" : 3,
            "11337728" : 8,
            "11468800" : 6,
            "11599872" : 12,
            "11730944" : 31,
            "11862016" : 102,
            "11993088" : 153,
            "12124160" : 180,
            "12255232" : 414,
            "12386304" : 985,
            "12517376" : 3199,
            "12648448" : 11220,
            "12779520" : 32410,
            "12910592" : 65653,
            "13041664" : 95640,
            "13172736" : 108099,
            "13303808" : 107350,
            "13434880" : 103541,
            "13565952" : 96089,
            "13697024" : 91133,
            "13828096" : 87638,
            "13959168" : 87675,
            "14090240" : 87490,
            "14221312" : 88151,
            "14352384" : 85226,
            "14483456" : 75444,
            "14614528" : 65023,
            "14745600" : 60691,
            "14876672" : 56773,
            "15007744" : 48618,
            "15138816" : 40245,
            "15269888" : 36128,
            "15400960" : 39398,
            "15532032" : 46974,
            "15663104" : 53448,
            "15794176" : 52130,
            "15925248" : 43594,
            "16056320" : 30968,
            "16187392" : 22291,
            "16318464" : 15984,
            "16449536" : 11949,
            "16580608" : 9800,
            "16711680" : 9662,
            "16908288" : 21760,
            "17170432" : 17506,
            "17432576" : 6513,
            "17694720" : 2091,
            "17956864" : 599,
            "18219008" : 177,
            "18481152" : 93,
            "18743296" : 187,
            "19005440" : 328,
            "19267584" : 366,
            "19529728" : 192,
            "19791872" : 42,
            "20054016" : 4,
            "20316160" : 2,
            "20578304" : 3,
            "20840448" : 40,
            "21102592" : 8,
            "21364736" : 2,
            "21626880" : 27,
            "21889024" : 41,
            "22151168" : 14,
            "22413312" : 21,
            "22675456" : 15,
            "22937600" : 19,
            "23199744" : 6,
            "23461888" : 5,
            "23724032" : 3,
            "23986176" : 9,
            "24248320" : 8,
            "24510464" : 10,
            "24772608" : 16,
            "25034752" : 73,
            "25296896" : 153,
            "25559040" : 147,
            "25821184" : 234,
            "26083328" : 442,
            "26345472" : 607,
            "26607616" : 3024,
            "26869760" : 6427,
            "27131904" : 4795,
            "27394048" : 3254,
            "27656192" : 2773,
            "27918336" : 1816,
            "28180480" : 1799,
            "28442624" : 2147,
            "28704768" : 1743,
            "28966912" : 1094,
            "29229056" : 703,
            "29491200" : 293,
            "29753344" : 105,
            "30015488" : 13,
            "30277632" : 44,
            "30539776" : 50,
            "30801920" : 37,
            "31064064" : 17,