{
  "fio version" : "fio-3.17",
  "timestamp" : 1579805822,
  "timestamp_ms" : 1579805822370,
  "time" : "Thu Jan 23 10:57:02 2020",
  "jobs" : [
    {
      "jobname" : "wipc",
      "groupid" : 0,
      "error" : 0,
      "eta" : 0,
      "elapsed" : 886,
      "job options" : {
        "ioengine" : "libaio",
        "group_reporting" : "1",
        "direct" : "1",
        "rw" : "write",
        "bssplit" : "128KB",
        "numjobs" : "1",
        "iodepth" : "32",
        "size" : "75%",
        "io_size" : "256071352320B",
        "filename" : "/dev/sdb"
      },
      "read" : {
        "io_bytes" : 0,
        "io_kbytes" : 0,
        "bw_bytes" : 0,
        "bw" : 0,
        "iops" : 0.000000,
        "runtime" : 0,
        "total_ios" : 0,
        "short_ios" : 0,
        "drop_ios" : 0,
        "slat_ns" : {
          "min" : 0,
          "max" : 0,
          "mean" : 0.000000,
          "stddev" : 0.000000
        },
        "clat_ns" : {
          "min" : 0,
          "max" : 0,
          "mean" : 0.000000,
          "stddev" : 0.000000,
          "percentile" : {
            "1.000000" : 0,
            "5.000000" : 0,
            "10.000000" : 0,
            "20.000000" : 0,
            "30.000000" : 0,
            "40.000000" : 0,
            "50.000000" : 0,
            "60.000000" : 0,
            "70.000000" : 0,
            "80.000000" : 0,
            "90.000000" : 0,
            "95.000000" : 0,
            "99.000000" : 0,
            "99.500000" : 0,
            "99.900000" : 0,
            "99.950000" : 0,
            "99.990000" : 0
          },
          "bins" : {

          }
        },
        "lat_ns" : {
          "min" : 0,
          "max" : 0,
          "mean" : 0.000000,
          "stddev" : 0.000000
        },
        "bw_min" : 0,
        "bw_max" : 0,
        "bw_agg" : 0.000000,
        "bw_mean" : 0.000000,
        "bw_dev" : 0.000000,
        "bw_samples" : 0,
        "iops_min" : 0,
        "iops_max" : 0,
        "iops_mean" : 0.000000,
        "iops_stddev" : 0.000000,
        "iops_samples" : 0
      },
      "write" : {
        "io_bytes" : 256071434240,
        "io_kbytes" : 250069760,
        "bw_bytes" : 289267807,
        "bw" : 282488,
        "iops" : 2206.938231,
        "runtime" : 885240,
        "total_ios" : 1953670,
        "short_ios" : 0,
        "drop_ios" : 0,
        "slat_ns" : {
          "min" : 6562,
          "max" : 871906,
          "mean" : 31975.547254,
          "stddev" : 11022.820889
        },
        "clat_ns" : {
          "min" : 1034377,
          "max" : 43491672,
          "mean" : 14461486.533185,
          "stddev" : 2005838.002179,
          "percentile" : {
            "1.000000" : 12648448,
            "5.000000" : 12910592,
            "10.000000" : 13041664,
            "20.000000" : 13303808,
            "30.000000" : 13565952,
            "40.000000" : 13828096,
            "50.000000" : 14090240,
            "60.000000" : 14352384,
            "70.000000" : 14745600,
            "80.000000" : 15269888,
            "90.000000" : 15794176,
            "95.000000" : 16449536,
            "99.000000" : 27131904,
            "99.500000" : 28180480,
            "99.900000" : 29229056,
            "99.950000" : 30015488,
            "99.990000" : 31064064
          },
          "bins" : {
            "1036288" : 1,
            "1105920" : 1,
            "1449984" : 1,
            "1466368" : 1,
            "1744896" : 1,
            "1761280" : 1,
            "2179072" : 1,
            "2572288" : 1,
            "2801664" : 1,
            "2932736" : 1,
            "3194880" : 1,
            "3227648" : 2,
            "3293184" : 1,
            "3522560" : 2,
            "3588096" : 1,
            "3948544" : 1,
            "3981312" : 1,
            "4046848" : 1,
            "4358144" : 1,
            "4620288" : 1,
            "4685824" : 1,
            "4947968" : 2,
            "5013504" : 1,
            "5079040" : 1,
            "5341184" : 2,
            "5406720" : 1,
            "5799936" : 1,
            "6127616" : 1,
            "6455296" : 1,
            "6848512" : 2,
            "7176192" : 2,
            "7241728" : 1,
            "7503872" : 1,
            "7569408" : 1,
            "7897088" : 1,
            "7962624" : 4,
            "8290304" : 2,
            "8585216" : 1,
            "8978432" : 1,
            "9502720" : 1,
            "9633792" : 1,
            "9764864" : 1,
            "9895936" : 2,
            "10027008" : 3,
            "10158080" : 1,
            "10420224" : 1,
            "10551296" : 3,
            "10682368" : 1,
            "10813440" : 2,
            "10944512" : 2,
            "11075584" : 2,
            "11206656" : 5,
            "11337728" : 3,
            "11468800" : 8,
            "11599872" : 17,
            "11730944" : 33,
            "11862016" : 88,
            "11993088" : 123,
            "12124160" : 197,
            "12255232" : 549,
            "12386304" : 1728,
            "12517376" : 6089,
            "12648448" : 17463,
            "12779520" : 40136,
            "12910592" : 67535,
            "13041664" : 93924,
            "13172736" : 106355,
            "13303808" : 107280,
            "13434880" : 102886,
            "13565952" : 104372,
            "13697024" : 107446,
            "13828096" : 105212,
            "13959168" : 98303,
            "14090240" : 89226,
            "14221312" : 80874,
            "14352384" : 73941,
            "14483456" : 69583,
            "14614528" : 68374,
            "14745600" : 61275,
            "14876672" : 51598,
            "15007744" : 44525,
            "15138816" : 42819,
            "15269888" : 47089,
            "15400960" : 50866,
            "15532032" : 49908,
            "15663104" : 43523,
            "15794176" : 34594,
            "15925248" : 26885,
            "16056320" : 21734,
            "16187392" : 17288,
            "16318464" : 14550,
            "16449536" : 12265,
            "16580608" : 11983,
            "16711680" : 11623,
            "16908288" : 18176,
            "17170432" : 10435,
            "17432576" : 4637,
            "17694720" : 1704,
            "17956864" : 648,
            "18219008" : 272,
            "18481152" : 241,
            "18743296" : 337,
            "19005440" : 316,
            "19267584" : 245,
            "19529728" : 110,
            "19791872" : 65,
            "20054016" : 32,
            "20316160" : 25,
            "20578304" : 10,
            "20840448" : 7,
            "21102592" : 11,
            "21364736" : 9,
            "21626880" : 10,
            "21889024" : 10,
            "22151168" : 9,
            "22413312" : 13,
            "22675456" : 8,
            "22937600" : 9,
            "23199744" : 12,
            "23461888" : 6,
            "23724032" : 6,
            "23986176" : 5,
            "24248320" : 25,
            "24510464" : 11,
            "24772608" : 17,
            "25034752" : 12,
            "25296896" : 26,
            "25559040" : 76,
            "25821184" : 119,
            "26083328" : 320,
            "26345472" : 953,
            "26607616" : 2694,
            "26869760" : 4269,
            "27131904" : 3986,
            "27394048" : 2938,
            "27656192" : 2608,
            "27918336" : 2870,
            "28180480" : 3301,
            "28442624" : 2652,
            "28704768" : 1765,
            "28966912" : 1168,
            "29229056" : 684,
            "29491200" : 218,
            "29753344" : 110,
            "30015488" : 232,
            "30277632" : 371,
            "30539776" : 224,
            "30801920" : 95,
            "31064064" : 32,
            "31326208" : 30,
            "31588352" : 14,
            "31850496" : 32,
            "32112640" : 18,
            "32374784" : 11,
            "32636928" : 7,
            "32899072" : 1,
            "33161216" : 1,
            "33423360" : 4,
            "41680896" : 3,