{
  "fio version" : "fio-3.17",
  "timestamp" : 1581560201,
  "timestamp_ms" : 1581560201791,
  "time" : "Wed Feb 12 18:16:41 2020",
  "jobs" : [
    {
      "jobname" : "wipc",
      "groupid" : 0,
      "error" : 0,
      "eta" : 0,
      "elapsed" : 880,
      "job options" : {
        "ioengine" : "libaio",
        "group_reporting" : "1",
        "direct" : "1",
        "rw" : "write",
        "bssplit" : "128KB",
        "numjobs" : "1",
        "iodepth" : "32",
        "size" : "75%",
        "io_size" : "256071352320B",
        "filename" : "/dev/sdb"
      },
      "read" : {
        "io_bytes" : 0,
        "io_kbytes" : 0,
        "bw_bytes" : 0,
        "bw" : 0,
        "iops" : 0.000000,
        "runtime" : 0,
        "total_ios" : 0,
        "short_ios" : 0,
        "drop_ios" : 0,
        "slat_ns" : {
          "min" : 0,
          "max" : 0,
          "mean" : 0.000000,
          "stddev" : 0.000000
        },
        "clat_ns" : {
          "min" : 0,
          "max" : 0,
          "mean" : 0.000000,
          "stddev" : 0.000000,
          "percentile" : {
            "1.000000" : 0,
            "5.000000" : 0,
            "10.000000" : 0,
            "20.000000" : 0,
            "30.000000" : 0,
            "40.000000" : 0,
            "50.000000" : 0,
            "60.000000" : 0,
            "70.000000" : 0,
            "80.000000" : 0,
            "90.000000" : 0,
            "95.000000" : 0,
            "99.000000" : 0,
            "99.500000" : 0,
            "99.900000" : 0,
            "99.950000" : 0,
            "99.990000" : 0
          },
          "bins" : {

          }
        },
        "lat_ns" : {
          "min" : 0,
          "max" : 0,
          "mean" : 0.000000,
          "stddev" : 0.000000
        },
        "bw_min" : 0,
        "bw_max" : 0,
        "bw_agg" : 0.000000,
        "bw_mean" : 0.000000,
        "bw_dev" : 0.000000,
        "bw_samples" : 0,
        "iops_min" : 0,
        "iops_max" : 0,
        "iops_mean" : 0.000000,
        "iops_stddev" : 0.000000,
        "iops_samples" : 0
      },
      "write" : {
        "io_bytes" : 256071434240,
        "io_kbytes" : 250069760,
        "bw_bytes" : 291151060,
        "bw" : 284327,
        "iops" : 2221.306312,
        "runtime" : 879514,
        "total_ios" : 1953670,
        "short_ios" : 0,
        "drop_ios" : 0,
        "slat_ns" : {
          "min" : 5931,
          "max" : 490673,
          "mean" : 27021.943645,
          "stddev" : 8884.043910
        },
        "clat_ns" : {
          "min" : 1032844,
          "max" : 44788793,
          "mean" : 14372578.739373,
          "stddev" : 1987604.695548,
          "percentile" : {
            "1.000000" : 12517376,
            "5.000000" : 12779520,
            "10.000000" : 12910592,
            "20.000000" : 13172736,
            "30.000000" : 13434880,
            "40.000000" : 13697024,
            "50.000000" : 13959168,
            "60.000000" : 14221312,
            "70.000000" : 14614528,
            "80.000000" : 15269888,
            "90.000000" : 15794176,
            "95.000000" : 16449536,
            "99.000000" : 26869760,
            "99.500000" : 27918336,
            "99.900000" : 28704768,
            "99.950000" : 28966912,
            "99.990000" : 30539776
          },
          "bins" : {
            "1036288" : 1,
            "1122304" : 1,
            "1236992" : 1,
            "1368064" : 1,
            "1400832" : 1,
            "1417216" : 1,
            "1679360" : 1,
            "2007040" : 1,
            "2072576" : 2,
            "2310144" : 1,
            "2441216" : 1,
            "2703360" : 1,
            "2736128" : 1,
            "2998272" : 1,
            "3031040" : 1,
            "3194880" : 1,
            "3358720" : 1,
            "3391488" : 1,
            "3522560" : 1,
            "3686400" : 1,
            "3719168" : 1,
            "3817472" : 1,
            "4046848" : 2,
            "4227072" : 1,
            "4358144" : 2,
            "4489216" : 1,
            "4685824" : 1,
            "4751360" : 1,
            "5013504" : 1,
            "5079040" : 2,
            "5275648" : 1,
            "5406720" : 2,
            "5668864" : 1,
            "5734400" : 1,
            "5865472" : 4,
            "5931008" : 1,
            "6062080" : 2,
            "6193152" : 2,
            "6258688" : 1,
            "6324224" : 2,
            "6389760" : 1,
            "6520832" : 1,
            "6586368" : 1,
            "6651904" : 1,
            "6717440" : 1,
            "6782976" : 1,
            "6979584" : 1,
            "7110656" : 1,
            "7241728" : 1,
            "7372800" : 1,
            "7503872" : 1,
            "7569408" : 1,
            "7700480" : 1,
            "7897088" : 1,
            "7962624" : 2,
            "8028160" : 1,
            "8159232" : 1,
            "8290304" : 1,
            "8355840" : 2,
            "8454144" : 4,
            "8585216" : 1,
            "8716288" : 1,
            "8978432" : 2,
            "9109504" : 1,
            "9240576" : 1,
            "9371648" : 1,
            "9502720" : 1,
            "9633792" : 1,
            "9764864" : 1,
            "9895936" : 1,
            "10027008" : 1,
            "10158080" : 1,
            "10289152" : 2,
            "10551296" : 2,
            "10682368" : 1,
            "10813440" : 1,
            "10944512" : 3,
            "11206656" : 2,
            "11337728" : 2,
            "11468800" : 5,
            "11599872" : 32,
            "11730944" : 87,
            "11862016" : 129,
            "11993088" : 165,
            "12124160" : 515,
            "12255232" : 1423,
            "12386304" : 4005,
            "12517376" : 13226,
            "12648448" : 37014,
            "12779520" : 70606,
            "12910592" : 94698,
            "13041664" : 104768,
            "13172736" : 107944,
            "13303808" : 104296,
            "13434880" : 98295,
            "13565952" : 92308,
            "13697024" : 89677,
            "13828096" : 90179,
            "13959168" : 93016,
            "14090240" : 92032,
            "14221312" : 82637,
            "14352384" : 70460,
            "14483456" : 62187,
            "14614528" : 60769,
            "14745600" : 55824,
            "14876672" : 46119,
            "15007744" : 37932,
            "15138816" : 38328,
            "15269888" : 45777,
            "15400960" : 54857,
            "15532032" : 56630,
            "15663104" : 47128,
            "15794176" : 34903,
            "15925248" : 25166,
            "16056320" : 17813,
            "16187392" : 12926,
            "16318464" : 10140,
            "16449536" : 9022,
            "16580608" : 10737,
            "16711680" : 13226,
            "16908288" : 20944,
            "17170432" : 8393,
            "17432576" : 2777,
            "17694720" : 877,
            "17956864" : 247,
            "18219008" : 71,
            "18481152" : 97,
            "18743296" : 315,
            "19005440" : 506,
            "19267584" : 231,
            "19529728" : 63,
            "19791872" : 17,
            "20054016" : 5,
            "20316160" : 30,
            "20578304" : 28,
            "20840448" : 13,
            "21102592" : 21,
            "21364736" : 16,
            "21626880" : 4,
            "21889024" : 8,
            "22151168" : 9,
            "22413312" : 5,
            "22675456" : 10,
            "22937600" : 4,
            "23199744" : 1,
            "23461888" : 1,
            "23724032" : 12,
            "23986176" : 18,
            "24248320" : 11,
            "24510464" : 3,
            "24772608" : 3,
            "25034752" : 33,
            "25296896" : 70,
            "25559040" : 117,
            "25821184" : 193,
            "26083328" : 343,
            "26345472" : 1954,
            "26607616" : 5372,
            "26869760" : 5810,
            "27131904" : 3792,
            "27394048" : 2526,