{
  "fio version" : "fio-3.17",
  "timestamp" : 1579581412,
  "timestamp_ms" : 1579581412624,
  "time" : "Mon Jan 20 20:36:52 2020",
  "jobs" : [
    {
      "jobname" : "wipc",
      "groupid" : 0,
      "error" : 0,
      "eta" : 0,
      "elapsed" : 891,
      "job options" : {
        "ioengine" : "libaio",
        "group_reporting" : "1",
        "direct" : "1",
        "rw" : "write",
        "bssplit" : "128KB",
        "numjobs" : "1",
        "iodepth" : "32",
        "size" : "75%",
        "io_size" : "256071352320B",
        "filename" : "/dev/sdc"
      },
      "read" : {
        "io_bytes" : 0,
        "io_kbytes" : 0,
        "bw_bytes" : 0,
        "bw" : 0,
        "iops" : 0.000000,
        "runtime" : 0,
        "total_ios" : 0,
        "short_ios" : 0,
        "drop_ios" : 0,
        "slat_ns" : {
          "min" : 0,
          "max" : 0,
          "mean" : 0.000000,
          "stddev" : 0.000000
        },
        "clat_ns" : {
          "min" : 0,
          "max" : 0,
          "mean" : 0.000000,
          "stddev" : 0.000000,
          "percentile" : {
            "1.000000" : 0,
            "5.000000" : 0,
            "10.000000" : 0,
            "20.000000" : 0,
            "30.000000" : 0,
            "40.000000" : 0,
            "50.000000" : 0,
            "60.000000" : 0,
            "70.000000" : 0,
            "80.000000" : 0,
            "90.000000" : 0,
            "95.000000" : 0,
            "99.000000" : 0,
            "99.500000" : 0,
            "99.900000" : 0,
            "99.950000" : 0,
            "99.990000" : 0
          },
          "bins" : {

          }
        },
        "lat_ns" : {
          "min" : 0,
          "max" : 0,
          "mean" : 0.000000,
          "stddev" : 0.000000
        },
        "bw_min" : 0,
        "bw_max" : 0,
        "bw_agg" : 0.000000,
        "bw_mean" : 0.000000,
        "bw_dev" : 0.000000,
        "bw_samples" : 0,
        "iops_min" : 0,
        "iops_max" : 0,
        "iops_mean" : 0.000000,
        "iops_stddev" : 0.000000,
        "iops_samples" : 0
      },
      "write" : {
        "io_bytes" : 256071434240,
        "io_kbytes" : 250069760,
        "bw_bytes" : 287666734,
        "bw" : 280924,
        "iops" : 2194.723013,
        "runtime" : 890167,
        "total_ios" : 1953670,
        "short_ios" : 0,
        "drop_ios" : 0,
        "slat_ns" : {
          "min" : 7293,
          "max" : 851073,
          "mean" : 33938.571903,
          "stddev" : 10566.995739
        },
        "clat_ns" : {
          "min" : 732870,
          "max" : 43653348,
          "mean" : 14539890.870913,
          "stddev" : 2015041.917464,
          "percentile" : {
            "1.000000" : 12779520,
            "5.000000" : 12910592,
            "10.000000" : 13172736,
            "20.000000" : 13303808,
            "30.000000" : 13565952,
            "40.000000" : 13828096,
            "50.000000" : 14090240,
            "60.000000" : 14483456,
            "70.000000" : 14876672,
            "80.000000" : 15400960,
            "90.000000" : 15925248,
            "95.000000" : 16580608,
            "99.000000" : 27131904,
            "99.500000" : 28180480,
            "99.900000" : 29491200,
            "99.950000" : 30277632,
            "99.990000" : 32112640
          },
          "bins" : {
            "733184" : 1,
            "1056768" : 1,
            "1073152" : 1,
            "1089536" : 1,
            "1204224" : 1,
            "1318912" : 1,
            "1368064" : 1,
            "1417216" : 1,
            "1581056" : 1,
            "1777664" : 1,
            "1892352" : 1,
            "2056192" : 1,
            "2310144" : 1,
            "2408448" : 1,
            "2506752" : 1,
            "2605056" : 1,
            "2768896" : 1,
            "2867200" : 1,
            "2965504" : 1,
            "3162112" : 1,
            "3293184" : 2,
            "3489792" : 1,
            "3620864" : 2,
            "3883008" : 1,
            "3981312" : 2,
            "4177920" : 1,
            "4292608" : 1,
            "4358144" : 1,
            "4620288" : 1,
            "4685824" : 1,
            "4751360" : 1,
            "5013504" : 1,
            "5079040" : 1,
            "5210112" : 1,
            "5341184" : 1,
            "5406720" : 2,
            "5603328" : 1,
            "5734400" : 2,
            "5931008" : 1,
            "6062080" : 1,
            "6258688" : 1,
            "6520832" : 1,
            "6586368" : 1,
            "6782976" : 1,
            "6979584" : 1,
            "7176192" : 1,
            "7241728" : 1,
            "7307264" : 1,
            "7503872" : 1,
            "7634944" : 2,
            "7897088" : 1,
            "8028160" : 1,
            "8290304" : 2,
            "8355840" : 1,
            "8585216" : 2,
            "8716288" : 1,
            "8978432" : 2,
            "9240576" : 1,
            "9371648" : 1,
            "9633792" : 2,
            "9764864" : 1,
            "10027008" : 2,
            "10420224" : 4,
            "10551296" : 2,
            "10682368" : 5,
            "10813440" : 3,
            "10944512" : 2,
            "11075584" : 6,
            "11206656" : 2,
            "11337728" : 8,
            "11468800" : 12,
            "11599872" : 14,
            "11730944" : 35,
            "11862016" : 65,
            "11993088" : 120,
            "12124160" : 193,
            "12255232" : 378,
            "12386304" : 960,
            "12517376" : 2959,
            "12648448" : 10578,
            "12779520" : 27900,
            "12910592" : 57130,
            "13041664" : 85101,
            "13172736" : 102704,
            "13303808" : 111303,
            "13434880" : 107809,
            "13565952" : 101236,
            "13697024" : 99309,
            "13828096" : 100626,
            "13959168" : 99379,
            "14090240" : 94810,
            "14221312" : 87734,
            "14352384" : 77335,
            "14483456" : 70318,
            "14614528" : 66074,
            "14745600" : 60989,
            "14876672" : 54437,
            "15007744" : 45036,
            "15138816" : 39599,
            "15269888" : 40704,
            "15400960" : 46415,
            "15532032" : 50075,
            "15663104" : 48748,
            "15794176" : 42915,
            "15925248" : 35167,
            "16056320" : 26668,
            "16187392" : 20390,
            "16318464" : 16163,
            "16449536" : 13390,
            "16580608" : 11871,
            "16711680" : 11450,
            "16908288" : 23343,
            "17170432" : 16775,
            "17432576" : 7973,
            "17694720" : 2732,
            "17956864" : 860,
            "18219008" : 320,
            "18481152" : 130,
            "18743296" : 169,
            "19005440" : 334,
            "19267584" : 387,
            "19529728" : 256,
            "19791872" : 134,
            "20054016" : 43,
            "20316160" : 19,
            "20578304" : 13,
            "20840448" : 12,
            "21102592" : 11,
            "21364736" : 5,
            "21626880" : 17,
            "21889024" : 10,
            "22151168" : 19,
            "22413312" : 25,
            "22675456" : 11,
            "22937600" : 7,
            "23199744" : 9,
            "23461888" : 5,
            "23724032" : 12,
            "23986176" : 12,
            "24248320" : 11,
            "24510464" : 3,
            "24772608" : 10,
            "25034752" : 5,
            "25296896" : 26,
            "25559040" : 74,
            "25821184" : 122,
            "26083328" : 288,
            "26345472" : 647,
            "26607616" : 3522,
            "26869760" : 4592,
            "27131904" : 3483,
            "27394048" : 2681,
            "27656192" : 2628,
            "27918336" : 3018,
            "28180480" : 3195,
            "28442624" : 2145,
            "28704768" : 1314,
            "28966912" : 1190,
            "29229056" : 832,
            "29491200" : 425,