{
  "fio version" : "fio-3.17",
  "timestamp" : 1582403850,
  "timestamp_ms" : 1582403850166,
  "time" : "Sat Feb 22 20:37:30 2020",
  "jobs" : [
    {
      "jobname" : "wipc",
      "groupid" : 0,
      "error" : 0,
      "eta" : 0,
      "elapsed" : 827,
      "job options" : {
        "ioengine" : "libaio",
        "group_reporting" : "1",
        "direct" : "1",
        "rw" : "write",
        "bssplit" : "128KB",
        "numjobs" : "1",
        "iodepth" : "32",
        "size" : "75%",
        "io_size" : "256071352320B",
        "filename" : "/dev/sda"
      },
      "read" : {
        "io_bytes" : 0,
        "io_kbytes" : 0,
        "bw_bytes" : 0,
        "bw" : 0,
        "iops" : 0.000000,
        "runtime" : 0,
        "total_ios" : 0,
        "short_ios" : 0,
        "drop_ios" : 0,
        "slat_ns" : {
          "min" : 0,
          "max" : 0,
          "mean" : 0.000000,
          "stddev" : 0.000000
        },
        "clat_ns" : {
          "min" : 0,
          "max" : 0,
          "mean" : 0.000000,
          "stddev" : 0.000000,
          "percentile" : {
            "1.000000" : 0,
            "5.000000" : 0,
            "10.000000" : 0,
            "20.000000" : 0,
            "30.000000" : 0,
            "40.000000" : 0,
            "50.000000" : 0,
            "60.000000" : 0,
            "70.000000" : 0,
            "80.000000" : 0,
            "90.000000" : 0,
            "95.000000" : 0,
            "99.000000" : 0,
            "99.500000" : 0,
            "99.900000" : 0,
            "99.950000" : 0,
            "99.990000" : 0
          },
          "bins" : {

          }
        },
        "lat_ns" : {
          "min" : 0,
          "max" : 0,
          "mean" : 0.000000,
          "stddev" : 0.000000
        },
        "bw_min" : 0,
        "bw_max" : 0,
        "bw_agg" : 0.000000,
        "bw_mean" : 0.000000,
        "bw_dev" : 0.000000,
        "bw_samples" : 0,
        "iops_min" : 0,
        "iops_max" : 0,
        "iops_mean" : 0.000000,
        "iops_stddev" : 0.000000,
        "iops_samples" : 0
      },
      "write" : {
        "io_bytes" : 256071434240,
        "io_kbytes" : 250069760,
        "bw_bytes" : 310016094,
        "bw" : 302750,
        "iops" : 2365.235099,
        "runtime" : 825994,
        "total_ios" : 1953670,
        "short_ios" : 0,
        "drop_ios" : 0,
        "slat_ns" : {
          "min" : 20416,
          "max" : 16637250,
          "mean" : 50581.302928,
          "stddev" : 26117.609479
        },
        "clat_ns" : {
          "min" : 3208333,
          "max" : 43985875,
          "mean" : 13473214.017288,
          "stddev" : 2163633.563802,
          "percentile" : {
            "1.000000" : 11730944,
            "5.000000" : 12124160,
            "10.000000" : 12255232,
            "20.000000" : 12386304,
            "30.000000" : 12648448,
            "40.000000" : 12779520,
            "50.000000" : 13041664,
            "60.000000" : 13303808,
            "70.000000" : 13565952,
            "80.000000" : 13959168,
            "90.000000" : 14614528,
            "95.000000" : 15663104,
            "99.000000" : 27918336,
            "99.500000" : 28704768,
            "99.900000" : 30277632,
            "99.950000" : 30539776,
            "99.990000" : 32374784
          },
          "bins" : {
            "3194880" : 1,
            "3227648" : 2,
            "3260416" : 3,
            "3293184" : 4,
            "3325952" : 2,
            "3358720" : 2,
            "3391488" : 5,
            "3424256" : 6,
            "3457024" : 6,
            "3522560" : 1,
            "3555328" : 1,
            "3588096" : 2,
            "3620864" : 9,
            "3653632" : 20,
            "3686400" : 14,
            "3719168" : 19,
            "3751936" : 24,
            "3784704" : 18,
            "3817472" : 3,
            "3850240" : 9,
            "3883008" : 20,
            "3915776" : 31,
            "3948544" : 17,
            "3981312" : 18,
            "4014080" : 11,
            "4046848" : 7,
            "4079616" : 10,
            "4112384" : 2,
            "4145152" : 1,
            "4177920" : 4,
            "4227072" : 3,
            "4292608" : 4,
            "4358144" : 7,
            "4423680" : 6,
            "4489216" : 7,
            "4554752" : 5,
            "4620288" : 5,
            "4685824" : 5,
            "4751360" : 6,
            "4816896" : 3,
            "4882432" : 7,
            "4947968" : 5,
            "5013504" : 5,
            "5079040" : 2,
            "5144576" : 5,
            "5210112" : 6,
            "5275648" : 7,
            "5341184" : 4,
            "5406720" : 6,
            "5472256" : 3,
            "5537792" : 5,
            "5603328" : 5,
            "5668864" : 6,
            "5734400" : 4,
            "5799936" : 8,
            "5865472" : 13,
            "5931008" : 7,
            "5996544" : 8,
            "6062080" : 7,
            "6127616" : 10,
            "6193152" : 6,
            "6258688" : 8,
            "6324224" : 6,
            "6389760" : 16,
            "6455296" : 14,
            "6520832" : 10,
            "6586368" : 13,
            "6651904" : 6,
            "6717440" : 9,
            "6782976" : 4,
            "6848512" : 10,
            "6914048" : 10,
            "6979584" : 5,
            "7045120" : 9,
            "7110656" : 7,
            "7176192" : 3,
            "7241728" : 13,
            "7307264" : 6,
            "7372800" : 6,
            "7438336" : 9,
            "7503872" : 7,
            "7569408" : 8,
            "7634944" : 9,
            "7700480" : 7,
            "7766016" : 21,
            "7831552" : 19,
            "7897088" : 41,
            "7962624" : 63,
            "8028160" : 57,
            "8093696" : 101,
            "8159232" : 40,
            "8224768" : 13,
            "8290304" : 14,
            "8355840" : 17,
            "8454144" : 58,
            "8585216" : 23,
            "8716288" : 22,
            "8847360" : 20,
            "8978432" : 21,
            "9109504" : 28,
            "9240576" : 26,
            "9371648" : 21,
            "9502720" : 32,
            "9633792" : 50,
            "9764864" : 107,
            "9895936" : 147,
            "10027008" : 227,
            "10158080" : 341,
            "10289152" : 444,
            "10420224" : 496,
            "10551296" : 575,
            "10682368" : 649,
            "10813440" : 609,
            "10944512" : 617,
            "11075584" : 749,
            "11206656" : 962,
            "11337728" : 1296,
            "11468800" : 2043,
            "11599872" : 3803,
            "11730944" : 9798,
            "11862016" : 23359,
            "11993088" : 48967,
            "12124160" : 81244,
            "12255232" : 103759,
            "12386304" : 116014,
            "12517376" : 125578,
            "12648448" : 135286,
            "12779520" : 141593,
            "12910592" : 132704,
            "13041664" : 113922,
            "13172736" : 94909,
            "13303808" : 87332,
            "13434880" : 79808,
            "13565952" : 70385,
            "13697024" : 65433,
            "13828096" : 66873,
            "13959168" : 66533,
            "14090240" : 58072,
            "14221312" : 46829,
            "14352384" : 34887,
            "14483456" : 25467,
            "14614528" : 19985,
            "14745600" : 16710,
            "14876672" : 14875,
            "15007744" : 13168,
            "15138816" : 10790,
            "15269888" : 10133,
            "15400960" : 11927,
            "15532032" : 14614,
            "15663104" : 15572,
            "15794176" : 14589,
            "15925248" : 11487,
            "16056320" : 7755,
            "16187392" : 5064,
            "16318464" : 3179,
            "16449536" : 1857,
            "16580608" : 1215,
            "16711680" : 847,
            "16908288" : 874,
            "17170432" : 370,
            "17432576" : 200,
            "17694720" : 320,