{
  "fio version" : "fio-3.17",
  "timestamp" : 1583855959,
  "timestamp_ms" : 1583855959399,
  "time" : "Tue Mar 10 15:59:19 2020",
  "jobs" : [
    {
      "jobname" : "wipc",
      "groupid" : 0,
      "error" : 0,
      "eta" : 0,
      "elapsed" : 827,
      "job options" : {
        "ioengine" : "libaio",
        "group_reporting" : "1",
        "direct" : "1",
        "rw" : "write",
        "bssplit" : "128KB",
        "numjobs" : "1",
        "iodepth" : "32",
        "size" : "75%",
        "io_size" : "256071352320B",
        "filename" : "/dev/sda"
      },
      "read" : {
        "io_bytes" : 0,
        "io_kbytes" : 0,
        "bw_bytes" : 0,
        "bw" : 0,
        "iops" : 0.000000,
        "runtime" : 0,
        "total_ios" : 0,
        "short_ios" : 0,
        "drop_ios" : 0,
        "slat_ns" : {
          "min" : 0,
          "max" : 0,
          "mean" : 0.000000,
          "stddev" : 0.000000
        },
        "clat_ns" : {
          "min" : 0,
          "max" : 0,
          "mean" : 0.000000,
          "stddev" : 0.000000,
          "percentile" : {
            "1.000000" : 0,
            "5.000000" : 0,
            "10.000000" : 0,
            "20.000000" : 0,
            "30.000000" : 0,
            "40.000000" : 0,
            "50.000000" : 0,
            "60.000000" : 0,
            "70.000000" : 0,
            "80.000000" : 0,
            "90.000000" : 0,
            "95.000000" : 0,
            "99.000000" : 0,
            "99.500000" : 0,
            "99.900000" : 0,
            "99.950000" : 0,
            "99.990000" : 0
          },
          "bins" : {

          }
        },
        "lat_ns" : {
          "min" : 0,
          "max" : 0,
          "mean" : 0.000000,
          "stddev" : 0.000000
        },
        "bw_min" : 0,
        "bw_max" : 0,
        "bw_agg" : 0.000000,
        "bw_mean" : 0.000000,
        "bw_dev" : 0.000000,
        "bw_samples" : 0,
        "iops_min" : 0,
        "iops_max" : 0,
        "iops_mean" : 0.000000,
        "iops_stddev" : 0.000000,
        "iops_samples" : 0
      },
      "write" : {
        "io_bytes" : 256071434240,
        "io_kbytes" : 250069760,
        "bw_bytes" : 310037865,
        "bw" : 302771,
        "iops" : 2365.401193,
        "runtime" : 825936,
        "total_ios" : 1953670,
        "short_ios" : 0,
        "drop_ios" : 0,
        "slat_ns" : {
          "min" : 22458,
          "max" : 10928167,
          "mean" : 51226.725976,
          "stddev" : 25793.144911
        },
        "clat_ns" : {
          "min" : 3180625,
          "max" : 43941083,
          "mean" : 13471518.917741,
          "stddev" : 2147600.584944,
          "percentile" : {
            "1.000000" : 11730944,
            "5.000000" : 11993088,
            "10.000000" : 12255232,
            "20.000000" : 12386304,
            "30.000000" : 12648448,
            "40.000000" : 12779520,
            "50.000000" : 13041664,
            "60.000000" : 13303808,
            "70.000000" : 13565952,
            "80.000000" : 13959168,
            "90.000000" : 14614528,
            "95.000000" : 15663104,
            "99.000000" : 27656192,
            "99.500000" : 28704768,
            "99.900000" : 30015488,
            "99.950000" : 30277632,
            "99.990000" : 31850496
          },
          "bins" : {
            "3194880" : 1,
            "3227648" : 5,
            "3260416" : 1,
            "3293184" : 2,
            "3325952" : 3,
            "3358720" : 4,
            "3391488" : 3,
            "3424256" : 1,
            "3457024" : 1,
            "3555328" : 1,
            "3588096" : 1,
            "3620864" : 1,
            "3653632" : 1,
            "3686400" : 3,
            "3719168" : 4,
            "3751936" : 8,
            "3784704" : 8,
            "3817472" : 12,
            "3850240" : 5,
            "3883008" : 7,
            "3915776" : 7,
            "3948544" : 14,
            "3981312" : 13,
            "4014080" : 20,
            "4046848" : 4,
            "4079616" : 1,
            "4112384" : 3,
            "4177920" : 4,
            "4227072" : 2,
            "4292608" : 6,
            "4358144" : 11,
            "4423680" : 32,
            "4489216" : 23,
            "4554752" : 17,
            "4620288" : 9,
            "4685824" : 3,
            "4751360" : 7,
            "4816896" : 7,
            "4882432" : 8,
            "4947968" : 8,
            "5013504" : 2,
            "5079040" : 5,
            "5144576" : 5,
            "5210112" : 3,
            "5275648" : 6,
            "5341184" : 6,
            "5406720" : 3,
            "5472256" : 6,
            "5537792" : 7,
            "5603328" : 6,
            "5668864" : 7,
            "5734400" : 11,
            "5799936" : 3,
            "5865472" : 9,
            "5931008" : 6,
            "5996544" : 2,
            "6062080" : 10,
            "6127616" : 5,
            "6193152" : 4,
            "6258688" : 8,
            "6324224" : 11,
            "6389760" : 4,
            "6455296" : 3,
            "6520832" : 6,
            "6586368" : 5,
            "6651904" : 2,
            "6717440" : 6,
            "6782976" : 4,
            "6848512" : 2,
            "6914048" : 6,
            "6979584" : 5,
            "7045120" : 5,
            "7110656" : 6,
            "7176192" : 3,
            "7241728" : 8,
            "7307264" : 5,
            "7372800" : 10,
            "7438336" : 9,
            "7503872" : 4,
            "7569408" : 4,
            "7634944" : 10,
            "7700480" : 3,
            "7766016" : 7,
            "7831552" : 7,
            "7897088" : 3,
            "7962624" : 8,
            "8028160" : 7,
            "8093696" : 7,
            "8159232" : 10,
            "8224768" : 11,
            "8290304" : 28,
            "8355840" : 11,
            "8454144" : 70,
            "8585216" : 139,
            "8716288" : 164,
            "8847360" : 145,
            "8978432" : 56,
            "9109504" : 45,
            "9240576" : 49,
            "9371648" : 51,
            "9502720" : 41,
            "9633792" : 27,
            "9764864" : 45,
            "9895936" : 80,
            "10027008" : 96,
            "10158080" : 161,
            "10289152" : 264,
            "10420224" : 353,
            "10551296" : 535,
            "10682368" : 673,
            "10813440" : 884,
            "10944512" : 806,
            "11075584" : 893,
            "11206656" : 1144,
            "11337728" : 1503,
            "11468800" : 2106,
            "11599872" : 4102,
            "11730944" : 9997,
            "11862016" : 25656,
            "11993088" : 49668,
            "12124160" : 81237,
            "12255232" : 106885,
            "12386304" : 114723,
            "12517376" : 123620,
            "12648448" : 135168,
            "12779520" : 140414,
            "12910592" : 131405,
            "13041664" : 111494,
            "13172736" : 95265,
            "13303808" : 84728,
            "13434880" : 80300,
            "13565952" : 70611,
            "13697024" : 65211,
            "13828096" : 65237,
            "13959168" : 66353,
            "14090240" : 59316,
            "14221312" : 47783,
            "14352384" : 34410,
            "14483456" : 26317,
            "14614528" : 21004,
            "14745600" : 18021,
            "14876672" : 14934,
            "15007744" : 12937,
            "15138816" : 11210,
            "15269888" : 10718,
            "15400960" : 12093,
            "15532032" : 13542,
            "15663104" : 14880,
            "15794176" : 13970,
            "15925248" : 11211,
            "16056320" : 8052,
            "16187392" : 5628,
            "16318464" : 3462,
            "16449536" : 2054,
            "16580608" : 1411,
            "16711680" : 927,
            "16908288" : 958,
            "17170432" : 426,
            "17432576" : 211,
            "17694720" : 324,
            "17956864" : 608,
            "18219008" : 829,