{
  "fio version" : "fio-3.17",
  "timestamp" : 1579773529,
  "timestamp_ms" : 1579773529718,
  "time" : "Thu Jan 23 01:58:49 2020",
  "jobs" : [
    {
      "jobname" : "wipc",
      "groupid" : 0,
      "error" : 0,
      "eta" : 0,
      "elapsed" : 889,
      "job options" : {
        "ioengine" : "libaio",
        "group_reporting" : "1",
        "direct" : "1",
        "rw" : "write",
        "bssplit" : "128KB",
        "numjobs" : "1",
        "iodepth" : "32",
        "size" : "75%",
        "io_size" : "256071352320B",
        "filename" : "/dev/sdb"
      },
      "read" : {
        "io_bytes" : 0,
        "io_kbytes" : 0,
        "bw_bytes" : 0,
        "bw" : 0,
        "iops" : 0.000000,
        "runtime" : 0,
        "total_ios" : 0,
        "short_ios" : 0,
        "drop_ios" : 0,
        "slat_ns" : {
          "min" : 0,
          "max" : 0,
          "mean" : 0.000000,
          "stddev" : 0.000000
        },
        "clat_ns" : {
          "min" : 0,
          "max" : 0,
          "mean" : 0.000000,
          "stddev" : 0.000000,
          "percentile" : {
            "1.000000" : 0,
            "5.000000" : 0,
            "10.000000" : 0,
            "20.000000" : 0,
            "30.000000" : 0,
            "40.000000" : 0,
            "50.000000" : 0,
            "60.000000" : 0,
            "70.000000" : 0,
            "80.000000" : 0,
            "90.000000" : 0,
            "95.000000" : 0,
            "99.000000" : 0,
            "99.500000" : 0,
            "99.900000" : 0,
            "99.950000" : 0,
            "99.990000" : 0
          },
          "bins" : {

          }
        },
        "lat_ns" : {
          "min" : 0,
          "max" : 0,
          "mean" : 0.000000,
          "stddev" : 0.000000
        },
        "bw_min" : 0,
        "bw_max" : 0,
        "bw_agg" : 0.000000,
        "bw_mean" : 0.000000,
        "bw_dev" : 0.000000,
        "bw_samples" : 0,
        "iops_min" : 0,
        "iops_max" : 0,
        "iops_mean" : 0.000000,
        "iops_stddev" : 0.000000,
        "iops_samples" : 0
      },
      "write" : {
        "io_bytes" : 256071434240,
        "io_kbytes" : 250069760,
        "bw_bytes" : 288154887,
        "bw" : 281401,
        "iops" : 2198.447323,
        "runtime" : 888659,
        "total_ios" : 1953670,
        "short_ios" : 0,
        "drop_ios" : 0,
        "slat_ns" : {
          "min" : 7300,
          "max" : 576664,
          "mean" : 32735.115251,
          "stddev" : 11098.380703
        },
        "clat_ns" : {
          "min" : 1009167,
          "max" : 44029261,
          "mean" : 14516670.710501,
          "stddev" : 2008890.605775,
          "percentile" : {
            "1.000000" : 12648448,
            "5.000000" : 12910592,
            "10.000000" : 13041664,
            "20.000000" : 13303808,
            "30.000000" : 13565952,
            "40.000000" : 13828096,
            "50.000000" : 14090240,
            "60.000000" : 14483456,
            "70.000000" : 14745600,
            "80.000000" : 15269888,
            "90.000000" : 15925248,
            "95.000000" : 16449536,
            "99.000000" : 27394048,
            "99.500000" : 28180480,
            "99.900000" : 29229056,
            "99.950000" : 30015488,
            "99.990000" : 31588352
          },
          "bins" : {
            "1011712" : 1,
            "1089536" : 1,
            "1105920" : 1,
            "1335296" : 1,
            "1368064" : 1,
            "2023424" : 1,
            "2146304" : 1,
            "2342912" : 1,
            "2473984" : 1,
            "2703360" : 1,
            "2834432" : 1,
            "2899968" : 1,
            "3063808" : 1,
            "3129344" : 1,
            "3325952" : 1,
            "3424256" : 1,
            "3489792" : 1,
            "3588096" : 1,
            "3719168" : 1,
            "3850240" : 1,
            "4014080" : 1,
            "4079616" : 1,
            "4177920" : 1,
            "4423680" : 1,
            "4554752" : 1,
            "4751360" : 1,
            "4882432" : 1,
            "5013504" : 1,
            "5144576" : 1,
            "5210112" : 1,
            "5341184" : 1,
            "5603328" : 1,
            "5668864" : 1,
            "5799936" : 1,
            "5865472" : 1,
            "5931008" : 1,
            "6062080" : 2,
            "6193152" : 1,
            "6389760" : 1,
            "6520832" : 2,
            "6651904" : 1,
            "6848512" : 1,
            "6914048" : 1,
            "7110656" : 1,
            "7176192" : 1,
            "7438336" : 1,
            "7569408" : 1,
            "7634944" : 1,
            "7831552" : 2,
            "7897088" : 1,
            "8159232" : 1,
            "8224768" : 1,
            "8978432" : 1,
            "9109504" : 1,
            "9240576" : 1,
            "9502720" : 1,
            "9633792" : 1,
            "9895936" : 2,
            "10027008" : 1,
            "10158080" : 1,
            "10289152" : 2,
            "10420224" : 1,
            "10551296" : 3,
            "10682368" : 6,
            "10813440" : 3,
            "10944512" : 3,
            "11075584" : 4,
            "11206656" : 6,
            "11337728" : 5,
            "11468800" : 5,
            "11599872" : 12,
            "11730944" : 26,
            "11862016" : 48,
            "11993088" : 108,
            "12124160" : 154,
            "12255232" : 355,
            "12386304" : 1204,
            "12517376" : 4997,
            "12648448" : 15312,
            "12779520" : 34505,
            "12910592" : 60109,
            "13041664" : 85113,
            "13172736" : 101215,
            "13303808" : 105344,
            "13434880" : 104231,
            "13565952" : 99958,
            "13697024" : 100054,
            "13828096" : 101838,
            "13959168" : 100049,
            "14090240" : 91942,
            "14221312" : 84315,
            "14352384" : 76588,
            "14483456" : 71455,
            "14614528" : 67581,
            "14745600" : 63632,
            "14876672" : 55796,
            "15007744" : 48581,
            "15138816" : 44876,
            "15269888" : 44362,
            "15400960" : 47579,
            "15532032" : 49649,
            "15663104" : 46667,
            "15794176" : 40322,
            "15925248" : 32337,
            "16056320" : 25319,
            "16187392" : 20136,
            "16318464" : 16263,
            "16449536" : 13886,
            "16580608" : 12296,
            "16711680" : 11658,
            "16908288" : 18938,
            "17170432" : 12467,
            "17432576" : 5608,
            "17694720" : 2276,
            "17956864" : 720,
            "18219008" : 336,
            "18481152" : 224,
            "18743296" : 293,
            "19005440" : 271,
            "19267584" : 245,
            "19529728" : 130,
            "19791872" : 57,
            "20054016" : 37,
            "20316160" : 12,
            "20578304" : 21,
            "20840448" : 10,
            "21102592" : 9,
            "21364736" : 6,
            "21626880" : 5,
            "21889024" : 4,
            "22151168" : 29,
            "22413312" : 3,
            "22675456" : 5,
            "22937600" : 5,
            "23199744" : 6,
            "23461888" : 8,
            "23724032" : 3,
            "23986176" : 2,
            "24248320" : 6,
            "24510464" : 6,
            "24772608" : 9,
            "25034752" : 20,
            "25296896" : 22,
            "25559040" : 59,
            "25821184" : 154,
            "26083328" : 239,
            "26345472" : 697,
            "26607616" : 2528,
            "26869760" : 4120,
            "27131904" : 4303,
            "27394048" : 3651,
            "27656192" : 2645,
            "27918336" : 2898,
            "28180480" : 3037,
            "28442624" : 2409,
            "28704768" : 1835,
            "28966912" : 1172,
            "29229056" : 622,
            "29491200" : 315,
            "29753344" : 146,