{
  "fio version" : "fio-3.17",
  "timestamp" : 1583820518,
  "timestamp_ms" : 1583820518894,
  "time" : "Tue Mar 10 06:08:38 2020",
  "jobs" : [
    {
      "jobname" : "wipc",
      "groupid" : 0,
      "error" : 0,
      "eta" : 0,
      "elapsed" : 826,
      "job options" : {
        "ioengine" : "libaio",
        "group_reporting" : "1",
        "direct" : "1",
        "rw" : "write",
        "bssplit" : "128KB",
        "numjobs" : "1",
        "iodepth" : "32",
        "size" : "75%",
        "io_size" : "256071352320B",
        "filename" : "/dev/sda"
      },
      "read" : {
        "io_bytes" : 0,
        "io_kbytes" : 0,
        "bw_bytes" : 0,
        "bw" : 0,
        "iops" : 0.000000,
        "runtime" : 0,
        "total_ios" : 0,
        "short_ios" : 0,
        "drop_ios" : 0,
        "slat_ns" : {
          "min" : 0,
          "max" : 0,
          "mean" : 0.000000,
          "stddev" : 0.000000
        },
        "clat_ns" : {
          "min" : 0,
          "max" : 0,
          "mean" : 0.000000,
          "stddev" : 0.000000,
          "percentile" : {
            "1.000000" : 0,
            "5.000000" : 0,
            "10.000000" : 0,
            "20.000000" : 0,
            "30.000000" : 0,
            "40.000000" : 0,
            "50.000000" : 0,
            "60.000000" : 0,
            "70.000000" : 0,
            "80.000000" : 0,
            "90.000000" : 0,
            "95.000000" : 0,
            "99.000000" : 0,
            "99.500000" : 0,
            "99.900000" : 0,
            "99.950000" : 0,
            "99.990000" : 0
          },
          "bins" : {

          }
        },
        "lat_ns" : {
          "min" : 0,
          "max" : 0,
          "mean" : 0.000000,
          "stddev" : 0.000000
        },
        "bw_min" : 0,
        "bw_max" : 0,
        "bw_agg" : 0.000000,
        "bw_mean" : 0.000000,
        "bw_dev" : 0.000000,
        "bw_samples" : 0,
        "iops_min" : 0,
        "iops_max" : 0,
        "iops_mean" : 0.000000,
        "iops_stddev" : 0.000000,
        "iops_samples" : 0
      },
      "write" : {
        "io_bytes" : 256071434240,
        "io_kbytes" : 250069760,
        "bw_bytes" : 310257616,
        "bw" : 302985,
        "iops" : 2367.077764,
        "runtime" : 825351,
        "total_ios" : 1953670,
        "short_ios" : 0,
        "drop_ios" : 0,
        "slat_ns" : {
          "min" : 21000,
          "max" : 20492500,
          "mean" : 50537.123443,
          "stddev" : 34421.374928
        },
        "clat_ns" : {
          "min" : 3283291,
          "max" : 45198125,
          "mean" : 13463000.385145,
          "stddev" : 2160704.599955,
          "percentile" : {
            "1.000000" : 11730944,
            "5.000000" : 11993088,
            "10.000000" : 12255232,
            "20.000000" : 12386304,
            "30.000000" : 12648448,
            "40.000000" : 12779520,
            "50.000000" : 13041664,
            "60.000000" : 13303808,
            "70.000000" : 13565952,
            "80.000000" : 13959168,
            "90.000000" : 14614528,
            "95.000000" : 15532032,
            "99.000000" : 27656192,
            "99.500000" : 28704768,
            "99.900000" : 30015488,
            "99.950000" : 30277632,
            "99.990000" : 32374784
          },
          "bins" : {
            "3293184" : 1,
            "3325952" : 1,
            "3358720" : 1,
            "3555328" : 2,
            "3686400" : 4,
            "3719168" : 1,
            "3850240" : 2,
            "3883008" : 1,
            "3915776" : 2,
            "3948544" : 4,
            "3981312" : 7,
            "4014080" : 9,
            "4112384" : 1,
            "4145152" : 1,
            "4177920" : 3,
            "4227072" : 8,
            "4292608" : 2,
            "4358144" : 4,
            "4423680" : 7,
            "4489216" : 17,
            "4554752" : 35,
            "4620288" : 87,
            "4685824" : 171,
            "4751360" : 168,
            "4816896" : 117,
            "4882432" : 72,
            "4947968" : 32,
            "5013504" : 22,
            "5079040" : 10,
            "5144576" : 5,
            "5210112" : 4,
            "5275648" : 6,
            "5341184" : 11,
            "5406720" : 4,
            "5472256" : 6,
            "5537792" : 9,
            "5603328" : 5,
            "5668864" : 10,
            "5734400" : 15,
            "5799936" : 7,
            "5865472" : 7,
            "5931008" : 9,
            "5996544" : 5,
            "6062080" : 9,
            "6127616" : 6,
            "6193152" : 4,
            "6258688" : 9,
            "6324224" : 7,
            "6389760" : 7,
            "6455296" : 3,
            "6520832" : 5,
            "6586368" : 5,
            "6651904" : 5,
            "6717440" : 3,
            "6782976" : 11,
            "6848512" : 4,
            "6914048" : 9,
            "6979584" : 9,
            "7045120" : 18,
            "7110656" : 11,
            "7176192" : 14,
            "7241728" : 11,
            "7307264" : 10,
            "7372800" : 17,
            "7438336" : 10,
            "7503872" : 18,
            "7569408" : 19,
            "7634944" : 28,
            "7700480" : 23,
            "7766016" : 16,
            "7831552" : 12,
            "7897088" : 18,
            "7962624" : 7,
            "8028160" : 6,
            "8093696" : 10,
            "8159232" : 8,
            "8224768" : 16,
            "8290304" : 8,
            "8355840" : 17,
            "8454144" : 50,
            "8585216" : 59,
            "8716288" : 80,
            "8847360" : 139,
            "8978432" : 119,
            "9109504" : 146,
            "9240576" : 73,
            "9371648" : 86,
            "9502720" : 71,
            "9633792" : 69,
            "9764864" : 71,
            "9895936" : 110,
            "10027008" : 106,
            "10158080" : 164,
            "10289152" : 251,
            "10420224" : 312,
            "10551296" : 443,
            "10682368" : 550,
            "10813440" : 663,
            "10944512" : 661,
            "11075584" : 800,
            "11206656" : 1086,
            "11337728" : 1244,
            "11468800" : 2090,
            "11599872" : 3944,
            "11730944" : 9795,
            "11862016" : 23931,
            "11993088" : 49429,
            "12124160" : 80710,
            "12255232" : 107391,
            "12386304" : 121213,
            "12517376" : 126958,
            "12648448" : 137734,
            "12779520" : 141885,
            "12910592" : 130174,
            "13041664" : 110135,
            "13172736" : 93791,
            "13303808" : 85549,
            "13434880" : 78859,
            "13565952" : 69606,
            "13697024" : 64636,
            "13828096" : 65398,
            "13959168" : 67692,
            "14090240" : 60664,
            "14221312" : 46235,
            "14352384" : 33869,
            "14483456" : 25353,
            "14614528" : 19978,
            "14745600" : 17256,
            "14876672" : 14567,
            "15007744" : 12973,
            "15138816" : 11099,
            "15269888" : 9845,
            "15400960" : 11064,
            "15532032" : 14253,
            "15663104" : 15710,
            "15794176" : 14049,
            "15925248" : 10883,
            "16056320" : 7354,
            "16187392" : 4819,
            "16318464" : 2932,
            "16449536" : 1774,
            "16580608" : 1189,
            "16711680" : 744,
            "16908288" : 955,
            "17170432" : 465,
            "17432576" : 243,
            "17694720" : 415,
            "17956864" : 749,
            "18219008" : 833,
            "18481152" : 423,
            "18743296" : 201,
            "19005440" : 85,
            "19267584" : 67,
            "19529728" : 67,
            "19791872" : 62,
            "20054016" : 52,
            "20316160" : 56,
            "20578304" : 49,
            "20840448" : 42,
            "21102592" : 44,