{
  "fio version" : "fio-3.17",
  "timestamp" : 1583838006,
  "timestamp_ms" : 1583838006705,
  "time" : "Tue Mar 10 11:00:06 2020",
  "jobs" : [
    {
      "jobname" : "wipc",
      "groupid" : 0,
      "error" : 0,
      "eta" : 0,
      "elapsed" : 826,
      "job options" : {
        "ioengine" : "libaio",
        "group_reporting" : "1",
        "direct" : "1",
        "rw" : "write",
        "bssplit" : "128KB",
        "numjobs" : "1",
        "iodepth" : "32",
        "size" : "75%",
        "io_size" : "256071352320B",
        "filename" : "/dev/sda"
      },
      "read" : {
        "io_bytes" : 0,
        "io_kbytes" : 0,
        "bw_bytes" : 0,
        "bw" : 0,
        "iops" : 0.000000,
        "runtime" : 0,
        "total_ios" : 0,
        "short_ios" : 0,
        "drop_ios" : 0,
        "slat_ns" : {
          "min" : 0,
          "max" : 0,
          "mean" : 0.000000,
          "stddev" : 0.000000
        },
        "clat_ns" : {
          "min" : 0,
          "max" : 0,
          "mean" : 0.000000,
          "stddev" : 0.000000,
          "percentile" : {
            "1.000000" : 0,
            "5.000000" : 0,
            "10.000000" : 0,
            "20.000000" : 0,
            "30.000000" : 0,
            "40.000000" : 0,
            "50.000000" : 0,
            "60.000000" : 0,
            "70.000000" : 0,
            "80.000000" : 0,
            "90.000000" : 0,
            "95.000000" : 0,
            "99.000000" : 0,
            "99.500000" : 0,
            "99.900000" : 0,
            "99.950000" : 0,
            "99.990000" : 0
          },
          "bins" : {

          }
        },
        "lat_ns" : {
          "min" : 0,
          "max" : 0,
          "mean" : 0.000000,
          "stddev" : 0.000000
        },
        "bw_min" : 0,
        "bw_max" : 0,
        "bw_agg" : 0.000000,
        "bw_mean" : 0.000000,
        "bw_dev" : 0.000000,
        "bw_samples" : 0,
        "iops_min" : 0,
        "iops_max" : 0,
        "iops_mean" : 0.000000,
        "iops_stddev" : 0.000000,
        "iops_samples" : 0
      },
      "write" : {
        "io_bytes" : 256071434240,
        "io_kbytes" : 250069760,
        "bw_bytes" : 310230553,
        "bw" : 302959,
        "iops" : 2366.871289,
        "runtime" : 825423,
        "total_ios" : 1953670,
        "short_ios" : 0,
        "drop_ios" : 0,
        "slat_ns" : {
          "min" : 21584,
          "max" : 12251166,
          "mean" : 50718.289446,
          "stddev" : 33880.996386
        },
        "clat_ns" : {
          "min" : 3252666,
          "max" : 44408833,
          "mean" : 13463991.442098,
          "stddev" : 2137921.774011,
          "percentile" : {
            "1.000000" : 11730944,
            "5.000000" : 11993088,
            "10.000000" : 12255232,
            "20.000000" : 12386304,
            "30.000000" : 12648448,
            "40.000000" : 12779520,
            "50.000000" : 13041664,
            "60.000000" : 13303808,
            "70.000000" : 13565952,
            "80.000000" : 13959168,
            "90.000000" : 14614528,
            "95.000000" : 15663104,
            "99.000000" : 27394048,
            "99.500000" : 28442624,
            "99.900000" : 29491200,
            "99.950000" : 31064064,
            "99.990000" : 32636928
          },
          "bins" : {
            "3260416" : 3,
            "3325952" : 2,
            "3358720" : 2,
            "3424256" : 1,
            "3522560" : 2,
            "3555328" : 1,
            "3588096" : 1,
            "3620864" : 3,
            "3653632" : 6,
            "3686400" : 4,
            "3719168" : 15,
            "3751936" : 2,
            "3784704" : 4,
            "3817472" : 5,
            "3850240" : 6,
            "3883008" : 12,
            "3915776" : 29,
            "3948544" : 41,
            "3981312" : 80,
            "4014080" : 44,
            "4046848" : 50,
            "4079616" : 60,
            "4112384" : 33,
            "4145152" : 29,
            "4177920" : 16,
            "4227072" : 9,
            "4358144" : 5,
            "4423680" : 4,
            "4489216" : 3,
            "4554752" : 3,
            "4620288" : 6,
            "4685824" : 5,
            "4751360" : 4,
            "4816896" : 6,
            "4882432" : 5,
            "4947968" : 3,
            "5013504" : 8,
            "5079040" : 6,
            "5144576" : 3,
            "5210112" : 9,
            "5275648" : 5,
            "5341184" : 7,
            "5406720" : 14,
            "5472256" : 4,
            "5537792" : 2,
            "5603328" : 9,
            "5668864" : 6,
            "5734400" : 5,
            "5799936" : 12,
            "5865472" : 7,
            "5931008" : 10,
            "5996544" : 11,
            "6062080" : 9,
            "6127616" : 12,
            "6193152" : 10,
            "6258688" : 11,
            "6324224" : 17,
            "6389760" : 19,
            "6455296" : 18,
            "6520832" : 9,
            "6586368" : 15,
            "6651904" : 6,
            "6717440" : 4,
            "6782976" : 4,
            "6848512" : 4,
            "6914048" : 7,
            "6979584" : 8,
            "7045120" : 9,
            "7110656" : 11,
            "7176192" : 18,
            "7241728" : 11,
            "7307264" : 12,
            "7372800" : 14,
            "7438336" : 15,
            "7503872" : 22,
            "7569408" : 17,
            "7634944" : 18,
            "7700480" : 18,
            "7766016" : 20,
            "7831552" : 23,
            "7897088" : 13,
            "7962624" : 31,
            "8028160" : 40,
            "8093696" : 87,
            "8159232" : 81,
            "8224768" : 64,
            "8290304" : 39,
            "8355840" : 52,
            "8454144" : 92,
            "8585216" : 58,
            "8716288" : 47,
            "8847360" : 65,
            "8978432" : 57,
            "9109504" : 56,
            "9240576" : 66,
            "9371648" : 64,
            "9502720" : 65,
            "9633792" : 105,
            "9764864" : 141,
            "9895936" : 205,
            "10027008" : 305,
            "10158080" : 362,
            "10289152" : 466,
            "10420224" : 589,
            "10551296" : 665,
            "10682368" : 658,
            "10813440" : 685,
            "10944512" : 632,
            "11075584" : 834,
            "11206656" : 1061,
            "11337728" : 1291,
            "11468800" : 1895,
            "11599872" : 3823,
            "11730944" : 9656,
            "11862016" : 24403,
            "11993088" : 48664,
            "12124160" : 80438,
            "12255232" : 106987,
            "12386304" : 119012,
            "12517376" : 124727,
            "12648448" : 137492,
            "12779520" : 141849,
            "12910592" : 130965,
            "13041664" : 110186,
            "13172736" : 94976,
            "13303808" : 86972,
            "13434880" : 78816,
            "13565952" : 70513,
            "13697024" : 63342,
            "13828096" : 64834,
            "13959168" : 65145,
            "14090240" : 59789,
            "14221312" : 47413,
            "14352384" : 34203,
            "14483456" : 25166,
            "14614528" : 20750,
            "14745600" : 17318,
            "14876672" : 15220,
            "15007744" : 13118,
            "15138816" : 11371,
            "15269888" : 10141,
            "15400960" : 11125,
            "15532032" : 13902,
            "15663104" : 15636,
            "15794176" : 14389,
            "15925248" : 11445,
            "16056320" : 8207,
            "16187392" : 5247,
            "16318464" : 3060,
            "16449536" : 2004,
            "16580608" : 1358,
            "16711680" : 863,
            "16908288" : 984,
            "17170432" : 425,
            "17432576" : 223,
            "17694720" : 348,
            "17956864" : 693,
            "18219008" : 843,
            "18481152" : 533,
            "18743296" : 230,