{
  "fio version" : "fio-3.17",
  "timestamp" : 1583939280,
  "timestamp_ms" : 1583939280878,
  "time" : "Wed Mar 11 15:08:00 2020",
  "jobs" : [
    {
      "jobname" : "wipc",
      "groupid" : 0,
      "error" : 0,
      "eta" : 0,
      "elapsed" : 826,
      "job options" : {
        "ioengine" : "libaio",
        "group_reporting" : "1",
        "direct" : "1",
        "rw" : "write",
        "bssplit" : "128KB",
        "numjobs" : "1",
        "iodepth" : "32",
        "size" : "75%",
        "io_size" : "256071352320B",
        "filename" : "/dev/sda"
      },
      "read" : {
        "io_bytes" : 0,
        "io_kbytes" : 0,
        "bw_bytes" : 0,
        "bw" : 0,
        "iops" : 0.000000,
        "runtime" : 0,
        "total_ios" : 0,
        "short_ios" : 0,
        "drop_ios" : 0,
        "slat_ns" : {
          "min" : 0,
          "max" : 0,
          "mean" : 0.000000,
          "stddev" : 0.000000
        },
        "clat_ns" : {
          "min" : 0,
          "max" : 0,
          "mean" : 0.000000,
          "stddev" : 0.000000,
          "percentile" : {
            "1.000000" : 0,
            "5.000000" : 0,
            "10.000000" : 0,
            "20.000000" : 0,
            "30.000000" : 0,
            "40.000000" : 0,
            "50.000000" : 0,
            "60.000000" : 0,
            "70.000000" : 0,
            "80.000000" : 0,
            "90.000000" : 0,
            "95.000000" : 0,
            "99.000000" : 0,
            "99.500000" : 0,
            "99.900000" : 0,
            "99.950000" : 0,
            "99.990000" : 0
          },
          "bins" : {

          }
        },
        "lat_ns" : {
          "min" : 0,
          "max" : 0,
          "mean" : 0.000000,
          "stddev" : 0.000000
        },
        "bw_min" : 0,
        "bw_max" : 0,
        "bw_agg" : 0.000000,
        "bw_mean" : 0.000000,
        "bw_dev" : 0.000000,
        "bw_samples" : 0,
        "iops_min" : 0,
        "iops_max" : 0,
        "iops_mean" : 0.000000,
        "iops_stddev" : 0.000000,
        "iops_samples" : 0
      },
      "write" : {
        "io_bytes" : 256071434240,
        "io_kbytes" : 250069760,
        "bw_bytes" : 310175314,
        "bw" : 302905,
        "iops" : 2366.449847,
        "runtime" : 825570,
        "total_ios" : 1953670,
        "short_ios" : 0,
        "drop_ios" : 0,
        "slat_ns" : {
          "min" : 21000,
          "max" : 15537667,
          "mean" : 50856.783144,
          "stddev" : 29305.895643
        },
        "clat_ns" : {
          "min" : 3406375,
          "max" : 44369541,
          "mean" : 13466194.290619,
          "stddev" : 2146604.555632,
          "percentile" : {
            "1.000000" : 11730944,
            "5.000000" : 11993088,
            "10.000000" : 12255232,
            "20.000000" : 12386304,
            "30.000000" : 12648448,
            "40.000000" : 12779520,
            "50.000000" : 13041664,
            "60.000000" : 13303808,
            "70.000000" : 13565952,
            "80.000000" : 13959168,
            "90.000000" : 14614528,
            "95.000000" : 15663104,
            "99.000000" : 27656192,
            "99.500000" : 28704768,
            "99.900000" : 30015488,
            "99.950000" : 30277632,
            "99.990000" : 31326208
          },
          "bins" : {
            "3391488" : 1,
            "3424256" : 4,
            "3489792" : 2,
            "3555328" : 1,
            "3653632" : 1,
            "3686400" : 5,
            "3719168" : 5,
            "3751936" : 29,
            "3784704" : 4,
            "3817472" : 9,
            "3850240" : 16,
            "3883008" : 11,
            "3915776" : 17,
            "3948544" : 20,
            "3981312" : 36,
            "4014080" : 24,
            "4046848" : 34,
            "4079616" : 20,
            "4112384" : 7,
            "4145152" : 7,
            "4177920" : 1,
            "4227072" : 15,
            "4292608" : 9,
            "4358144" : 12,
            "4423680" : 8,
            "4489216" : 8,
            "4554752" : 8,
            "4620288" : 5,
            "4685824" : 6,
            "4751360" : 18,
            "4882432" : 6,
            "4947968" : 4,
            "5013504" : 1,
            "5079040" : 6,
            "5144576" : 8,
            "5210112" : 8,
            "5275648" : 12,
            "5341184" : 5,
            "5406720" : 6,
            "5472256" : 5,
            "5537792" : 6,
            "5603328" : 1,
            "5668864" : 5,
            "5734400" : 1,
            "5799936" : 5,
            "5865472" : 3,
            "5931008" : 4,
            "5996544" : 3,
            "6062080" : 5,
            "6127616" : 4,
            "6193152" : 9,
            "6258688" : 4,
            "6324224" : 3,
            "6389760" : 7,
            "6455296" : 7,
            "6520832" : 5,
            "6586368" : 8,
            "6651904" : 6,
            "6717440" : 5,
            "6782976" : 6,
            "6848512" : 9,
            "6914048" : 14,
            "6979584" : 12,
            "7045120" : 2,
            "7110656" : 10,
            "7176192" : 2,
            "7241728" : 4,
            "7307264" : 6,
            "7372800" : 4,
            "7438336" : 3,
            "7503872" : 11,
            "7569408" : 7,
            "7634944" : 3,
            "7700480" : 10,
            "7766016" : 9,
            "7831552" : 9,
            "7897088" : 34,
            "7962624" : 39,
            "8028160" : 93,
            "8093696" : 163,
            "8159232" : 56,
            "8224768" : 58,
            "8290304" : 61,
            "8355840" : 32,
            "8454144" : 17,
            "8585216" : 48,
            "8716288" : 57,
            "8847360" : 33,
            "8978432" : 46,
            "9109504" : 32,
            "9240576" : 32,
            "9371648" : 60,
            "9502720" : 62,
            "9633792" : 50,
            "9764864" : 53,
            "9895936" : 67,
            "10027008" : 107,
            "10158080" : 196,
            "10289152" : 220,
            "10420224" : 364,
            "10551296" : 476,
            "10682368" : 583,
            "10813440" : 757,
            "10944512" : 782,
            "11075584" : 967,
            "11206656" : 1157,
            "11337728" : 1523,
            "11468800" : 2348,
            "11599872" : 4546,
            "11730944" : 9989,
            "11862016" : 24316,
            "11993088" : 49967,
            "12124160" : 81194,
            "12255232" : 106368,
            "12386304" : 118734,
            "12517376" : 126678,
            "12648448" : 135540,
            "12779520" : 140079,
            "12910592" : 130910,
            "13041664" : 110169,
            "13172736" : 93577,
            "13303808" : 86390,
            "13434880" : 78894,
            "13565952" : 69845,
            "13697024" : 65312,
            "13828096" : 65575,
            "13959168" : 66640,
            "14090240" : 59556,
            "14221312" : 46966,
            "14352384" : 33972,
            "14483456" : 25978,
            "14614528" : 20382,
            "14745600" : 17631,
            "14876672" : 15479,
            "15007744" : 13182,
            "15138816" : 11033,
            "15269888" : 10537,
            "15400960" : 11389,
            "15532032" : 13871,
            "15663104" : 15725,
            "15794176" : 13872,
            "15925248" : 11023,
            "16056320" : 7979,
            "16187392" : 5097,
            "16318464" : 3004,
            "16449536" : 1864,
            "16580608" : 1315,
            "16711680" : 848,
            "16908288" : 1010,
            "17170432" : 415,
            "17432576" : 197,
            "17694720" : 357,
            "17956864" : 746,
            "18219008" : 785,
            "18481152" : 492,
            "18743296" : 211,
            "19005440" : 98,
            "19267584" : 58,
            "19529728" : 52,
            "19791872" : 50,
            "20054016" : 44,