{
  "fio version" : "fio-3.17",
  "timestamp" : 1579420816,
  "timestamp_ms" : 1579420816318,
  "time" : "Sun Jan 19 00:00:16 2020",
  "jobs" : [
    {
      "jobname" : "wipc",
      "groupid" : 0,
      "error" : 0,
      "eta" : 0,
      "elapsed" : 891,
      "job options" : {
        "ioengine" : "libaio",
        "group_reporting" : "1",
        "direct" : "1",
        "rw" : "write",
        "bssplit" : "128KB",
        "numjobs" : "1",
        "iodepth" : "32",
        "size" : "75%",
        "io_size" : "256071352320B",
        "filename" : "/dev/sdc"
      },
      "read" : {
        "io_bytes" : 0,
        "io_kbytes" : 0,
        "bw_bytes" : 0,
        "bw" : 0,
        "iops" : 0.000000,
        "runtime" : 0,
        "total_ios" : 0,
        "short_ios" : 0,
        "drop_ios" : 0,
        "slat_ns" : {
          "min" : 0,
          "max" : 0,
          "mean" : 0.000000,
          "stddev" : 0.000000
        },
        "clat_ns" : {
          "min" : 0,
          "max" : 0,
          "mean" : 0.000000,
          "stddev" : 0.000000,
          "percentile" : {
            "1.000000" : 0,
            "5.000000" : 0,
            "10.000000" : 0,
            "20.000000" : 0,
            "30.000000" : 0,
            "40.000000" : 0,
            "50.000000" : 0,
            "60.000000" : 0,
            "70.000000" : 0,
            "80.000000" : 0,
            "90.000000" : 0,
            "95.000000" : 0,
            "99.000000" : 0,
            "99.500000" : 0,
            "99.900000" : 0,
            "99.950000" : 0,
            "99.990000" : 0
          },
          "bins" : {

          }
        },
        "lat_ns" : {
          "min" : 0,
          "max" : 0,
          "mean" : 0.000000,
          "stddev" : 0.000000
        },
        "bw_min" : 0,
        "bw_max" : 0,
        "bw_agg" : 0.000000,
        "bw_mean" : 0.000000,
        "bw_dev" : 0.000000,
        "bw_samples" : 0,
        "iops_min" : 0,
        "iops_max" : 0,
        "iops_mean" : 0.000000,
        "iops_stddev" : 0.000000,
        "iops_samples" : 0
      },
      "write" : {
        "io_bytes" : 256071434240,
        "io_kbytes" : 250069760,
        "bw_bytes" : 287507182,
        "bw" : 280768,
        "iops" : 2193.505722,
        "runtime" : 890661,
        "total_ios" : 1953670,
        "short_ios" : 0,
        "drop_ios" : 0,
        "slat_ns" : {
          "min" : 9031,
          "max" : 508079,
          "mean" : 33125.983169,
          "stddev" : 10714.059789
        },
        "clat_ns" : {
          "min" : 1093742,
          "max" : 45297858,
          "mean" : 14549064.632093,
          "stddev" : 2012424.123623,
          "percentile" : {
            "1.000000" : 12779520,
            "5.000000" : 13041664,
            "10.000000" : 13172736,
            "20.000000" : 13434880,
            "30.000000" : 13565952,
            "40.000000" : 13828096,
            "50.000000" : 14090240,
            "60.000000" : 14483456,
            "70.000000" : 14876672,
            "80.000000" : 15400960,
            "90.000000" : 15925248,
            "95.000000" : 16711680,
            "99.000000" : 27131904,
            "99.500000" : 28180480,
            "99.900000" : 29229056,
            "99.950000" : 30277632,
            "99.990000" : 31326208
          },
          "bins" : {
            "1089536" : 1,
            "1204224" : 1,
            "1318912" : 2,
            "1351680" : 1,
            "1613824" : 1,
            "1728512" : 1,
            "1892352" : 1,
            "2023424" : 1,
            "2039808" : 1,
            "2310144" : 1,
            "2408448" : 1,
            "2441216" : 1,
            "2736128" : 1,
            "3129344" : 1,
            "3162112" : 1,
            "3293184" : 1,
            "3391488" : 1,
            "3457024" : 1,
            "3555328" : 1,
            "3784704" : 1,
            "3850240" : 1,
            "3948544" : 1,
            "4112384" : 2,
            "4227072" : 1,
            "4423680" : 1,
            "4489216" : 1,
            "4554752" : 1,
            "4751360" : 1,
            "4816896" : 1,
            "5144576" : 1,
            "5210112" : 1,
            "5275648" : 1,
            "5406720" : 1,
            "5537792" : 2,
            "5865472" : 1,
            "5931008" : 1,
            "5996544" : 1,
            "6258688" : 2,
            "6324224" : 1,
            "6520832" : 1,
            "6651904" : 1,
            "6914048" : 1,
            "6979584" : 2,
            "7045120" : 1,
            "7176192" : 1,
            "7307264" : 1,
            "7372800" : 1,
            "7634944" : 1,
            "7897088" : 1,
            "8290304" : 1,
            "8585216" : 1,
            "8847360" : 1,
            "8978432" : 1,
            "9109504" : 1,
            "9240576" : 3,
            "9502720" : 1,
            "9633792" : 2,
            "9895936" : 1,
            "10027008" : 4,
            "10289152" : 3,
            "10420224" : 2,
            "10551296" : 3,
            "10682368" : 4,
            "10813440" : 4,
            "10944512" : 9,
            "11075584" : 5,
            "11206656" : 5,
            "11337728" : 12,
            "11468800" : 2,
            "11599872" : 23,
            "11730944" : 70,
            "11862016" : 121,
            "11993088" : 130,
            "12124160" : 275,
            "12255232" : 519,
            "12386304" : 1145,
            "12517376" : 3208,
            "12648448" : 9867,
            "12779520" : 26839,
            "12910592" : 55002,
            "13041664" : 83784,
            "13172736" : 100767,
            "13303808" : 107886,
            "13434880" : 107843,
            "13565952" : 102314,
            "13697024" : 101259,
            "13828096" : 101954,
            "13959168" : 99371,
            "14090240" : 95958,
            "14221312" : 86443,
            "14352384" : 76841,
            "14483456" : 70604,
            "14614528" : 65783,
            "14745600" : 62654,
            "14876672" : 54525,
            "15007744" : 45597,
            "15138816" : 40113,
            "15269888" : 41549,
            "15400960" : 47335,
            "15532032" : 49496,
            "15663104" : 48648,
            "15794176" : 42736,
            "15925248" : 34350,
            "16056320" : 27026,
            "16187392" : 20677,
            "16318464" : 15425,
            "16449536" : 13079,
            "16580608" : 11970,
            "16711680" : 11766,
            "16908288" : 24672,
            "17170432" : 17814,
            "17432576" : 8426,
            "17694720" : 2818,
            "17956864" : 989,
            "18219008" : 315,
            "18481152" : 134,
            "18743296" : 185,
            "19005440" : 372,
            "19267584" : 387,
            "19529728" : 281,
            "19791872" : 134,
            "20054016" : 37,
            "20316160" : 23,
            "20578304" : 24,
            "20840448" : 17,
            "21102592" : 6,
            "21364736" : 5,
            "21626880" : 10,
            "21889024" : 10,
            "22151168" : 7,
            "22413312" : 18,
            "22675456" : 10,
            "22937600" : 2,
            "23199744" : 4,
            "23461888" : 7,
            "23724032" : 2,
            "23986176" : 15,
            "24248320" : 44,
            "24510464" : 16,
            "24772608" : 12,
            "25034752" : 14,
            "25296896" : 34,
            "25559040" : 83,
            "25821184" : 201,
            "26083328" : 505,
            "26345472" : 890,
            "26607616" : 3097,
            "26869760" : 4811,
            "27131904" : 3548,
            "27394048" : 2388,
            "27656192" : 2505,
            "27918336" : 3033,
            "28180480" : 3074,
            "28442624" : 2293,
            "28704768" : 1654,
            "28966912" : 1098,
            "29229056" : 653,
            "29491200" : 347,
            "29753344" : 153,
            "30015488" : 207,